"source","target","weight","evidence_type"
"SEMA3F","NRCAM",0.000551,"Text-mining"
"SEMA3F","PLXNA1",0.000925,"Experiments"
"SEMA3F","PLXNA3",0.000971,"Experiments"
"HOXA11","CDC6",0.000493,"Text-mining"
"KIF22","KIF18A",0.00054,"Databases"
"KIF22","KIF21B",0.00054,"Databases"
"KIF22","KIF5A",0.00054,"Databases"
"KIF22","KIF23",0.00054,"Databases"
"KIF22","KIF11",0.00054,"Databases"
"KIF22","KIF20A",0.00054,"Databases"
"KIF22","KIFC2",0.00054,"Databases"
"KIF22","KIF18B",0.00054,"Databases"
"KIF22","KIF2C",0.00054,"Databases"
"KIF22","KIF15",0.00054,"Databases"
"KIF22","KLC2",0.00054,"Databases"
"KIF22","KIFC1",0.000553,"Databases"
"KIF22","KIF14",0.00066,"Experiments + Databases"
"TRIP13","BUB1B",0.000457,"Experiments"
"TRIP13","CDC20",0.00095,"Experiments"
"TRIP13","MAD2L1",0.000961,"Experiments"
"BPIFB2","BPIFA2",4e-04,"Databases"
"BPIFB2","BPIFB4",4e-04,"Databases"
"CA12","CA4",0.000499,"Databases"
"OTUB2","TRIM54",0.000406,"Experiments"
"OTUB2","PKM",0.000457,"Experiments"
"CDC6","CCNF",0.000422,"Experiments"
"CDC6","CCNB2",0.000453,"Experiments"
"CDC6","CLSPN",0.000499,"Databases"
"CDC6","CDK1",0.00054,"Experiments"
"CDC6","PPP2R3B",0.000612,"Experiments"
"CDC6","E2F1",0.000636,"Experiments"
"CDC6","CDKN2A",0.00077,"Experiments"
"CDC6","CDC7",0.000818,"Databases"
"CDC6","CDC45",0.000904,"Databases"
"CDC6","MCM6",0.000909,"Experiments + Databases"
"CDC6","MCM5",0.000925,"Experiments + Databases"
"CDC6","MCM4",0.000929,"Experiments + Databases"
"CDC6","MCM10",0.000948,"Experiments + Databases"
"CDC6","MCM8",0.000949,"Experiments + Databases"
"CDC6","CCNA2",0.000974,"Experiments"
"CDC6","MCM2",0.000979,"Experiments + Databases"
"CDC6","ORC1",0.000993,"Experiments + Databases"
"CDC6","MCM7",0.000995,"Experiments + Databases"
"CDC6","ORC6",0.000997,"Experiments + Databases"
"CDC6","MCM3",0.000998,"Experiments + Databases"
"CDC6","CDT1",0.000999,"Experiments + Databases"
"MAPK12","CTNNA2",0.000499,"Databases"
"MAPK12","SCRIB",0.000673,"Experiments"
"MAPK12","MAPK11",0.000677,"Experiments"
"CENPM","OIP5",0.000499,"Databases"
"CENPM","HJURP",0.000499,"Databases"
"CENPM","H4C5",8e-04,"Experiments"
"CENPM","H4C8",8e-04,"Experiments"
"CENPM","H4C12",8e-04,"Experiments"
"CENPM","H4C14",8e-04,"Experiments"
"CENPM","H2BC8",8e-04,"Experiments"
"CENPM","H2BC6",8e-04,"Experiments"
"CENPM","CENPW",0.000972,"Experiments + Databases"
"CENPM","CENPA",0.000974,"Experiments + Databases"
"CENPM","CENPL",0.000992,"Experiments + Databases"
"CENPM","CENPU",0.000993,"Experiments + Databases"
"CENPM","CENPO",0.000997,"Experiments + Databases"
"CENPM","CENPH",0.000999,"Experiments + Databases"
"CENPM","CENPK",0.000999,"Experiments + Databases"
"CENPM","CENPI",0.000999,"Experiments + Databases"
"DMC1","H2BC15",0.000499,"Databases"
"DMC1","H2AX",0.000499,"Databases"
"DMC1","H2BC9",0.000499,"Databases"
"DMC1","H2BC17",0.000499,"Databases"
"DMC1","H2BC11",0.000499,"Databases"
"DMC1","RAD51AP1",0.000544,"Experiments"
"DMC1","KCTD17",0.000587,"Experiments"
"DMC1","RAD51",0.00094,"Experiments + Databases"
"DMC1","BRCA2",0.000954,"Experiments + Databases"
"MCM5","CENPI",4e-04,"Text-mining"
"MCM5","RRM2",0.000416,"Text-mining"
"MCM5","CCNB2",0.000428,"Text-mining"
"MCM5","RECQL4",0.000457,"Experiments"
"MCM5","TONSL",0.000466,"Experiments"
"MCM5","POLD1",0.000491,"Experiments"
"MCM5","MCMDC2",0.000506,"Experiments"
"MCM5","MMS22L",0.000517,"Text-mining"
"MCM5","CCNA2",0.000648,"Text-mining"
"MCM5","CDKN2A",0.000689,"Experiments"
"MCM5","ORC6",0.000859,"Experiments + Databases"
"MCM5","MCM10",0.000886,"Experiments + Databases"
"MCM5","CLSPN",0.000895,"Experiments + Databases"
"MCM5","WDHD1",0.000896,"Experiments"
"MCM5","CDT1",0.000919,"Experiments + Databases"
"MCM5","CDC7",0.000921,"Experiments + Databases"
"MCM5","POLE2",0.000942,"Experiments"
"MCM5","ORC1",0.00095,"Experiments + Databases"
"MCM5","MCM8",0.000979,"Experiments + Databases"
"MCM5","GINS4",0.000984,"Experiments + Databases"
"MCM5","GINS1",0.000988,"Experiments + Databases"
"MCM5","GINS2",0.000991,"Experiments + Databases"
"MCM5","GINS3",0.000993,"Experiments + Databases"
"MCM5","CDC45",0.000998,"Experiments + Databases"
"MCM5","MCM7",0.000999,"Experiments + Databases"
"MCM5","MCM3",0.000999,"Experiments + Databases"
"MCM5","MCM4",0.000999,"Experiments + Databases"
"MCM5","MCM2",0.000999,"Experiments + Databases"
"MCM5","MCM6",0.000999,"Experiments + Databases"
"UPK3A","UPK1A",0.000961,"Text-mining"
"COCH","COL2A1",0.000405,"Experiments"
"COCH","COL4A1",0.000405,"Experiments"
"COCH","ANXA2",0.000438,"Text-mining"
"POLE2","AURKB",0.000422,"Text-mining"
"POLE2","UHRF1",0.000475,"Text-mining"
"POLE2","KIF20A",0.000495,"Text-mining"
"POLE2","RFC4",0.000499,"Databases"
"POLE2","RFC3",0.000499,"Databases"
"POLE2","DTL",0.000499,"Databases"
"POLE2","PCNA",0.000499,"Databases"
"POLE2","FEN1",0.000499,"Databases"
"POLE2","LIG1",0.000539,"Databases"
"POLE2","CLSPN",8e-04,"Experiments"
"POLE2","MCM7",0.000862,"Experiments"
"POLE2","MCM2",0.000867,"Experiments"
"POLE2","MCM6",0.000871,"Experiments"
"POLE2","WDHD1",0.000872,"Experiments"
"POLE2","GINS4",0.000895,"Experiments"
"POLE2","PRIM1",9e-04,"Databases"
"POLE2","POLG2",9e-04,"Databases"
"POLE2","MCM4",9e-04,"Experiments"
"POLE2","GINS2",0.000901,"Experiments"
"POLE2","PRIM2",0.000902,"Experiments + Databases"
"POLE2","CDC45",0.000903,"Experiments"
"POLE2","GINS3",0.000929,"Experiments"
"POLE2","POLA2",0.000936,"Databases"
"POLE2","GINS1",0.000941,"Experiments"
"POLE2","POLD1",0.000966,"Experiments + Databases"
"POLE2","MCM3",0.000982,"Experiments + Databases"
"BDKRB1","EGF",0.000414,"Text-mining"
"AURKA","ASPM",0.000414,"Experiments"
"AURKA","CCNB1",0.000445,"Text-mining"
"AURKA","FAM83D",0.000457,"Text-mining"
"AURKA","USP21",0.000457,"Experiments"
"AURKA","PTTG1",0.000459,"Experiments"
"AURKA","CDC20",0.00049,"Experiments"
"AURKA","UBE2S",0.000499,"Databases"
"AURKA","RRM2",0.000512,"Text-mining"
"AURKA","CDCA8",0.000599,"Databases"
"AURKA","CCNE2",0.000616,"Experiments"
"AURKA","SCML2",0.000616,"Experiments"
"AURKA","CDK1",0.000654,"Experiments"
"AURKA","AURKB",0.000742,"Experiments + Databases"
"AURKA","CCNB2",0.000769,"Experiments"
"AURKA","UBE2C",0.000778,"Experiments + Databases"
"AURKA","BIRC5",0.000875,"Experiments + Databases"
"AURKA","PLK1",0.000879,"Experiments"
"AURKA","INCENP",0.000936,"Experiments + Databases"
"AURKA","TACC3",0.000984,"Experiments"
"AURKA","MYCN",0.00099,"Experiments"
"AURKA","TPX2",0.000999,"Experiments + Databases"
"PYGB","CEMIP",0.000412,"Text-mining"
"PYGB","S100A1",0.000441,"Text-mining"
"MYBL2","RBL1",0.000489,"Experiments"
"MYBL2","CCNA2",0.000647,"Text-mining"
"MYBL2","LIN37",0.000985,"Experiments + Databases"
"MYBL2","FOXM1",0.00099,"Experiments + Databases"
"MYBL2","LIN9",0.000999,"Experiments + Databases"
"EEF1A2","PFN4",0.000423,"Text-mining"
"EEF1A2","MAPT",0.000457,"Experiments"
"TLDC2","ATP6V1C1",0.000626,"Experiments"
"PIGU","THY1",0.000402,"Experiments"
"PIGU","GPAA1",0.000998,"Experiments + Databases"
"GLA","SORT1",0.000405,"Experiments"
"ORC6","SPAG5",0.000453,"Experiments"
"ORC6","LHX4",0.000491,"Experiments"
"ORC6","MCM8",0.000499,"Databases"
"ORC6","MCM10",0.000499,"Databases"
"ORC6","CCNB1",0.000499,"Databases"
"ORC6","CDK1",0.000499,"Databases"
"ORC6","CLSPN",0.000499,"Databases"
"ORC6","MCM3",0.00065,"Databases"
"ORC6","CDC7",0.000834,"Experiments + Databases"
"ORC6","MCM6",0.000861,"Experiments + Databases"
"ORC6","MCM2",0.000886,"Experiments + Databases"
"ORC6","CDC45",0.000891,"Experiments + Databases"
"ORC6","MCM4",0.000893,"Experiments + Databases"
"ORC6","MCM7",0.000902,"Experiments + Databases"
"ORC6","ORC1",0.000978,"Experiments + Databases"
"ORC6","CDT1",0.000986,"Experiments + Databases"
"AQP8","AQP10",0.000505,"Databases"
"OIP5","UBE2T",0.000476,"Experiments"
"OIP5","CENPU",0.000499,"Databases"
"OIP5","CENPW",0.000499,"Databases"
"OIP5","CENPH",0.000499,"Databases"
"OIP5","CENPI",0.000499,"Databases"
"OIP5","CENPO",0.000499,"Databases"
"OIP5","CENPK",0.000499,"Databases"
"OIP5","CENPL",0.000499,"Databases"
"OIP5","HJURP",0.000716,"Experiments + Databases"
"OIP5","CENPA",0.000745,"Experiments + Databases"
"AGO2","IGF2BP1",0.00042,"Experiments"
"AGO2","TBKBP1",0.000472,"Experiments"
"AGO2","H2BC9",0.000499,"Databases"
"AGO2","H2AZ1",0.000499,"Databases"
"AGO2","H2BC15",0.000499,"Databases"
"AGO2","H2BC11",0.000499,"Databases"
"AGO2","H2AX",0.000499,"Databases"
"AGO2","H2BC17",0.000499,"Databases"
"AGO2","EZH2",0.000517,"Experiments"
"AGO2","TSEN54",0.00054,"Databases"
"AGO2","RAD51",0.000549,"Experiments"
"AGO2","EHMT2",0.000555,"Text-mining"
"AGO2","MEX3A",0.000751,"Text-mining"
"AGO2","TRIM71",0.000873,"Experiments"
"AGO2","RPP21",9e-04,"Databases"
"DKK4","KREMEN2",0.000725,"Experiments + Databases"
"DKK4","DKK1",9e-04,"Databases"
"PYCR3","PYCR1",0.000968,"Experiments + Databases"
"COMP","OTX1",0.000452,"Experiments"
"COMP","MATN3",0.000624,"Experiments + Databases"
"COMP","THBS4",0.000788,"Text-mining"
"COMP","ACAN",0.000884,"Databases"
"STX1A","UNC13A",0.000459,"Text-mining"
"STX1A","STXBP6",0.000496,"Experiments"
"STX1A","SYN3",0.000499,"Databases"
"STX1A","GAD1",0.000499,"Databases"
"STX1A","PPFIA4",0.000499,"Databases"
"STX1A","LGI3",0.000499,"Databases"
"STX1A","SYP",0.00063,"Experiments + Databases"
"STX1A","CPLX2",0.000793,"Experiments + Databases"
"STX1A","VAMP1",0.00084,"Experiments + Databases"
"PLOD3","C1QTNF6",0.00042,"Experiments"
"PLOD3","COL24A1",0.000499,"Databases"
"PLOD3","COL9A1",0.000499,"Databases"
"PLOD3","COL15A1",0.000499,"Databases"
"PLOD3","COL2A1",0.000499,"Databases"
"PLOD3","COL8A1",0.000499,"Databases"
"PLOD3","COL22A1",0.000499,"Databases"
"PLOD3","COL7A1",0.000499,"Databases"
"PLOD3","EHMT2",0.000512,"Experiments"
"PLOD3","COL4A2",0.000725,"Experiments + Databases"
"PLOD3","COL4A1",0.000726,"Experiments + Databases"
"KAT2A","MSH2",0.000438,"Text-mining"
"KAT2A","E2F1",0.000457,"Experiments"
"KAT2A","WDHD1",0.000457,"Experiments"
"KAT2A","TCF3",0.000457,"Experiments"
"KAT2A","H4C14",0.000459,"Experiments"
"KAT2A","PYGO2",0.000487,"Experiments"
"KAT2A","H2BC17",0.000499,"Databases"
"KAT2A","H2BC11",0.000499,"Databases"
"KAT2A","H2AC13",0.000499,"Databases"
"KAT2A","H2BC15",0.000499,"Databases"
"KAT2A","H2BC18",0.000499,"Databases"
"KAT2A","NOTCH3",0.000499,"Databases"
"KAT2A","H2BC9",0.000499,"Databases"
"KAT2A","TACC3",0.00074,"Experiments"
"KAT2A","YEATS2",0.000848,"Experiments + Databases"
"IBSP","SPP1",0.000765,"Text-mining"
"ASIC1","ASIC3",0.00056,"Databases"
"RAD51AP1","H2AZ1",0.000407,"Text-mining"
"RAD51AP1","CHEK1",0.000429,"Text-mining"
"RAD51AP1","RMI2",0.000499,"Databases"
"RAD51AP1","DNA2",0.000499,"Databases"
"RAD51AP1","XRCC2",0.000499,"Databases"
"RAD51AP1","XRCC3",0.000499,"Databases"
"RAD51AP1","BRCA2",0.000499,"Databases"
"RAD51AP1","BARD1",0.000499,"Databases"
"RAD51AP1","BLM",0.000499,"Databases"
"RAD51AP1","BRIP1",0.000499,"Databases"
"RAD51AP1","EXO1",0.000555,"Databases"
"RAD51AP1","RAD51",0.000896,"Experiments + Databases"
"FZD10","WNT3A",0.000692,"Experiments + Databases"
"FANCE","CHEK1",0.000461,"Experiments"
"FANCE","RPL30",0.000495,"Experiments"
"FANCE","EME2",0.000499,"Databases"
"FANCE","POLN",0.000499,"Databases"
"FANCE","EME1",0.000499,"Databases"
"FANCE","FANCI",0.000949,"Experiments + Databases"
"FANCE","UBE2T",0.00097,"Experiments + Databases"
"FANCE","FANCD2",0.000972,"Experiments + Databases"
"FANCE","FAAP24",0.000983,"Databases"
"FANCE","FANCA",0.000999,"Experiments + Databases"
"FANCE","FANCB",0.000999,"Experiments + Databases"
"FANCE","FANCG",0.000999,"Experiments + Databases"
"CAP2","ROBO1",0.000499,"Databases"
"GMNN","MCM3",0.000408,"Text-mining"
"GMNN","CDC20",0.000457,"Experiments"
"GMNN","CKS1B",0.00053,"Experiments"
"GMNN","CKS2",0.000531,"Experiments"
"GMNN","CCNA2",0.000556,"Experiments"
"GMNN","HOXC9",0.000557,"Experiments"
"GMNN","CDK1",0.000574,"Experiments"
"GMNN","MCM6",0.00062,"Experiments"
"GMNN","CDKN2A",0.000633,"Experiments"
"GMNN","CDT1",0.000999,"Experiments + Databases"
"MDFI","CBFA2T2",0.00042,"Experiments"
"MDFI","APLN",0.00042,"Experiments"
"MDFI","DKK1",0.00042,"Experiments"
"MDFI","OTX1",0.00042,"Experiments"
"MDFI","CALML6",0.000428,"Text-mining"
"MDFI","BEX2",0.000591,"Experiments"
"LAMA4","ITGA2",0.000499,"Databases"
"LAMA4","LAMA3",0.000547,"Databases"
"LAMA4","ITGA6",0.00065,"Databases"
"LAMA4","MCAM",0.000883,"Experiments"
"LAMA4","LAMC1",0.000946,"Experiments + Databases"
"LOX","EGF",0.000405,"Experiments"
"CDH9","CDH24",0.00054,"Databases"
"CDH9","APC2",0.00054,"Databases"
"CDH9","CTNNA2",0.000547,"Databases"
"CDH9","CDH8",0.000596,"Databases"
"CDH9","CDH13",0.000598,"Databases"
"PFKFB4","PFKFB2",0.000796,"Experiments + Databases"
"TNNC1","NEB",0.000499,"Databases"
"TNNC1","TPM2",0.000504,"Databases"
"TNNC1","TNNT1",0.000925,"Experiments + Databases"
"MSH2","DNMT1",4e-04,"Text-mining"
"MSH2","MSH5",0.000402,"Text-mining"
"MSH2","RECQL4",0.000406,"Experiments"
"MSH2","BRIP1",0.000407,"Text-mining"
"MSH2","CDC20",0.000408,"Text-mining"
"MSH2","UHRF1",0.000457,"Experiments"
"MSH2","MCM8",0.000457,"Experiments"
"MSH2","FANCI",0.00054,"Databases"
"MSH2","BLM",0.000545,"Experiments"
"MSH2","H2AZ1",0.00059,"Experiments"
"MSH2","RAD51",0.00067,"Experiments"
"MSH2","BRCA2",0.00069,"Databases"
"MSH2","PCNA",0.000808,"Experiments + Databases"
"MSH2","FANCD2",0.000886,"Experiments + Databases"
"MSH2","POLD1",9e-04,"Databases"
"MSH2","EXO1",0.000993,"Experiments + Databases"
"REG1A","REG1B",0.000671,"Experiments"
"BCL9","ISL2",0.000405,"Experiments"
"BCL9","TERT",0.000456,"Text-mining"
"BCL9","LEF1",0.00068,"Databases"
"BCL9","H3C6",8e-04,"Experiments"
"BCL9","H3C10",8e-04,"Experiments"
"BCL9","H3C2",8e-04,"Experiments"
"BCL9","PYGO2",0.000985,"Experiments + Databases"
"PRRX1","FOXM1",0.000431,"Text-mining"
"NCAPH","WDR76",0.000457,"Experiments"
"NCAPH","SMC1B",0.000525,"Experiments"
"NCAPH","NCAPG2",0.000645,"Databases"
"NCAPH","NCAPD2",0.000999,"Experiments + Databases"
"NCAPH","NCAPG",0.000999,"Experiments + Databases"
"DDX39A","SOX2",0.000457,"Experiments"
"DDX39A","DDX39B",0.000821,"Experiments"
"HOXC6","HOXD4",8e-04,"Experiments"
"MSTO1","CCT3",0.000535,"Experiments"
"CDC25B","MELK",0.000506,"Experiments"
"CDC25B","SFN",0.000624,"Experiments"
"CDC25B","CDK1",0.000855,"Experiments"
"CDC25B","CCNA2",0.000892,"Experiments"
"CDC25B","CDC25C",9e-04,"Databases"
"CDC25B","CDC25A",9e-04,"Databases"
"DLGAP5","TOP2A",4e-04,"Text-mining"
"DLGAP5","TPX2",0.000416,"Text-mining"
"DLGAP5","ASPM",0.000489,"Text-mining"
"DLGAP5","CCNB2",0.000516,"Text-mining"
"DLGAP5","MELK",0.000563,"Text-mining"
"DLGAP5","AURKB",0.000633,"Text-mining"
"DLGAP5","KIF11",0.000751,"Text-mining"
"TRAF2","TNFRSF18",0.00048,"Experiments"
"TRAF2","TRAIP",0.000597,"Experiments"
"TRAF2","TNFRSF4",0.000618,"Experiments"
"TRAF2","RNF31",0.000933,"Experiments + Databases"
"TRAF2","TRAF5",0.000998,"Experiments + Databases"
"F2RL3","GNG4",0.000499,"Databases"
"HSPB1","NES",0.000412,"Text-mining"
"HSPB1","MAPT",0.000588,"Experiments"
"HSPB1","G6PD",0.000769,"Experiments"
"DLL4","JAG2",4e-04,"Databases"
"DLL4","NOTCH3",0.000998,"Databases"
"E2F8","E2F7",0.000957,"Experiments + Databases"
"HCN2","HCN3",0.000902,"Databases"
"TUBG1","RAD51",0.000457,"Experiments"
"NCAPG","NCAPG2",0.00054,"Databases"
"NCAPG","SMC1B",0.000542,"Experiments"
"NCAPG","NCAPD2",0.000999,"Experiments + Databases"
"SCML2","CCNB2",0.000616,"Experiments"
"SCML2","CCNE2",0.000616,"Experiments"
"SCML2","H2AC11",9e-04,"Experiments"
"SCML2","H2AC13",9e-04,"Experiments"
"SCML2","EZH2",0.000901,"Databases"
"SCML2","CBX2",0.000907,"Databases"
"SCML2","CBX8",0.000952,"Experiments + Databases"
"MICB","CD34",0.000654,"Text-mining"
"CALY","TSSK6",0.00041,"Text-mining"
"PRDM12","EHMT2",0.000433,"Text-mining"
"SLC7A10","SLC7A11",0.000499,"Databases"
"SLC7A10","SLC7A6",0.000499,"Databases"
"BPIFA2","BPIFB4",4e-04,"Databases"
"GINS2","MCMDC2",5e-04,"Experiments"
"GINS2","MCM8",5e-04,"Experiments"
"GINS2","CLSPN",8e-04,"Experiments"
"GINS2","WDHD1",0.000971,"Experiments"
"GINS2","MCM2",0.000974,"Experiments + Databases"
"GINS2","MCM3",0.000981,"Experiments + Databases"
"GINS2","MCM4",0.000982,"Experiments + Databases"
"GINS2","MCM6",0.000982,"Experiments + Databases"
"GINS2","MCM7",0.000993,"Experiments + Databases"
"GINS2","CDC45",0.000995,"Experiments + Databases"
"GINS2","GINS1",0.000999,"Experiments + Databases"
"GINS2","GINS4",0.000999,"Experiments + Databases"
"GINS2","GINS3",0.000999,"Experiments + Databases"
"PPP1R1B","EZH2",0.000414,"Text-mining"
"TESMIN","LIN9",0.000439,"Experiments"
"MYH4","SIX1",0.000424,"Experiments"
"MYH4","MYO18B",0.00054,"Databases"
"MYH4","ACTN2",0.000596,"Experiments"
"FABP4","FABP5",0.000474,"Text-mining"
"CCNB1","CDKN2A",0.000431,"Text-mining"
"CCNB1","ASPM",0.000457,"Text-mining"
"CCNB1","RECQL4",0.000461,"Experiments"
"CCNB1","TYMS",0.000463,"Text-mining"
"CCNB1","PBK",0.000464,"Text-mining"
"CCNB1","HMMR",0.000469,"Text-mining"
"CCNB1","MCM8",0.000499,"Databases"
"CCNB1","ORC1",0.000499,"Databases"
"CCNB1","UBE2S",0.000499,"Databases"
"CCNB1","SFN",0.000501,"Databases"
"CCNB1","CDC25C",0.000527,"Experiments"
"CCNB1","MCM4",0.000537,"Text-mining"
"CCNB1","PCNA",0.000564,"Experiments"
"CCNB1","CCNF",0.000574,"Experiments"
"CCNB1","PKMYT1",0.000595,"Experiments"
"CCNB1","FOXM1",0.000608,"Experiments"
"CCNB1","BUB1",0.000615,"Text-mining"
"CCNB1","MELK",0.000619,"Text-mining"
"CCNB1","CDC25A",0.000646,"Experiments"
"CCNB1","BIRC5",0.000656,"Text-mining"
"CCNB1","SPDL1",0.00072,"Databases"
"CCNB1","SKA3",0.00072,"Databases"
"CCNB1","CENPF",0.00072,"Databases"
"CCNB1","SKA1",0.00072,"Databases"
"CCNB1","DIAPH3",0.000724,"Experiments"
"CCNB1","NDC80",0.000774,"Experiments + Databases"
"CCNB1","TOP2A",0.00078,"Text-mining"
"CCNB1","UBE2C",0.000816,"Databases"
"CCNB1","H2AX",0.000893,"Text-mining"
"CCNB1","BUB1B",0.000916,"Databases"
"CCNB1","CCNA2",0.000918,"Experiments"
"CCNB1","CDC20",0.000931,"Experiments + Databases"
"CCNB1","PLK1",0.000967,"Experiments + Databases"
"CCNB1","CKS1B",0.000986,"Experiments"
"CCNB1","CKS2",0.000987,"Experiments"
"CCNB1","CCNB2",0.000991,"Experiments + Databases"
"CCNB1","CDK1",0.000999,"Experiments + Databases"
"SORT1","MDK",0.000418,"Text-mining"
"SORT1","AP1M2",0.000499,"Databases"
"SORT1","LPL",0.000729,"Experiments"
"TRIM45","AARSD1",0.00059,"Experiments"
"LAMC1","ITGA2",0.000499,"Databases"
"LAMC1","DRP2",0.000499,"Databases"
"LAMC1","LAMB4",0.00054,"Databases"
"LAMC1","COL4A1",0.000556,"Text-mining"
"LAMC1","LAMA3",0.000844,"Experiments + Databases"
"LAMC1","ITGA6",0.000963,"Experiments + Databases"
"CHRND","CHRNB4",0.00072,"Databases"
"PLXNC1","PLXNA3",0.00054,"Databases"
"PLXNC1","PLXNA1",0.00054,"Databases"
"IGF2BP3","SNRPB",0.000422,"Experiments"
"IGF2BP3","HMGA2",0.000499,"Experiments"
"IGF2BP3","KIF20A",0.000522,"Experiments"
"IGF2BP3","TTK",0.000536,"Text-mining"
"IGF2BP3","IGF2BP2",0.000691,"Experiments"
"IGF2BP3","IGF2BP1",0.000848,"Experiments"
"IGF2BP3","IGF2",0.000935,"Text-mining"
"BRIP1","PLK1",0.000412,"Text-mining"
"BRIP1","H2AX",0.000434,"Text-mining"
"BRIP1","RFC3",0.000499,"Databases"
"BRIP1","DNA2",0.000499,"Databases"
"BRIP1","XRCC2",0.000499,"Databases"
"BRIP1","XRCC3",0.000499,"Databases"
"BRIP1","RFC4",0.000499,"Databases"
"BRIP1","RMI2",0.000499,"Databases"
"BRIP1","POLD1",0.000501,"Databases"
"BRIP1","EXO1",0.000503,"Databases"
"BRIP1","BLM",0.00075,"Experiments + Databases"
"BRIP1","RAD51",0.000757,"Databases"
"BRIP1","CLSPN",8e-04,"Databases"
"BRIP1","RHNO1",8e-04,"Databases"
"BRIP1","CHEK1",8e-04,"Databases"
"BRIP1","FANCI",0.000823,"Text-mining"
"BRIP1","BARD1",0.000901,"Experiments + Databases"
"BRIP1","FANCD2",0.000902,"Experiments"
"BRIP1","BRCA2",0.000977,"Experiments + Databases"
"GABBR2","GNG4",0.000499,"Databases"
"GABBR2","KCNJ5",0.000512,"Databases"
"GABBR2","KCNJ6",0.000526,"Databases"
"GABBR2","GABRA3",0.00054,"Databases"
"GABBR2","GABRG2",0.00054,"Databases"
"GABBR2","GABRR3",0.00054,"Databases"
"GABBR2","GABRQ",0.000546,"Databases"
"GABBR2","GABRD",0.000599,"Databases"
"GABBR2","GABRE",0.00072,"Databases"
"POU5F1","TUBB4A",0.000457,"Experiments"
"POU5F1","KPNA2",0.000521,"Experiments"
"POU5F1","CDX2",0.000644,"Text-mining"
"POU5F1","H4C5",8e-04,"Experiments"
"POU5F1","H4C8",8e-04,"Experiments"
"POU5F1","H3C10",8e-04,"Experiments"
"POU5F1","H3C6",8e-04,"Experiments"
"POU5F1","H4C12",8e-04,"Experiments"
"POU5F1","H4C14",8e-04,"Experiments"
"POU5F1","H2BC11",8e-04,"Experiments"
"POU5F1","H3C2",8e-04,"Experiments"
"POU5F1","PKM",0.000943,"Text-mining"
"POU5F1","SOX2",0.000999,"Experiments + Databases"
"NRM","TRIM59",0.000542,"Experiments"
"KIF23","TOP2A",0.000407,"Experiments"
"KIF23","AURKB",0.000491,"Experiments"
"KIF23","ANLN",0.000511,"Experiments"
"KIF23","INCENP",0.000513,"Experiments"
"KIF23","KIF15",0.00054,"Databases"
"KIF23","KIFC2",0.00054,"Databases"
"KIF23","KIF18A",0.00054,"Databases"
"KIF23","KLC2",0.00054,"Databases"
"KIF23","KIF21B",0.00054,"Databases"
"KIF23","KIF5A",0.00054,"Databases"
"KIF23","KIF18B",0.000568,"Databases"
"KIF23","KIF2C",0.000575,"Databases"
"KIF23","KIFC1",0.000596,"Databases"
"KIF23","CEP55",0.000652,"Experiments"
"KIF23","PLK1",0.000654,"Experiments"
"KIF23","KIF20A",0.00066,"Experiments + Databases"
"KIF23","KIF11",0.000669,"Experiments + Databases"
"KIF23","SHCBP1",0.000675,"Experiments"
"KIF23","KIF14",0.000678,"Experiments + Databases"
"KIF23","PRC1",0.000751,"Experiments"
"KIF23","ECT2",0.000988,"Experiments + Databases"
"KIF23","RACGAP1",0.000999,"Experiments + Databases"
"MNS1","CFAP53",0.000801,"Experiments"
"MNS1","RIBC2",0.000801,"Experiments"
"KIF11","FOXM1",4e-04,"Text-mining"
"KIF11","RACGAP1",0.000412,"Text-mining"
"KIF11","CCNA2",0.00045,"Text-mining"
"KIF11","IGF2BP1",0.000483,"Text-mining"
"KIF11","CDC20",0.000487,"Text-mining"
"KIF11","KIFC1",0.00054,"Databases"
"KIF11","KIF14",0.00054,"Databases"
"KIF11","KIF18B",0.00054,"Databases"
"KIF11","KIF18A",0.00054,"Databases"
"KIF11","KIF21B",0.00054,"Databases"
"KIF11","KIFC2",0.00054,"Databases"
"KIF11","BUB1B",0.000544,"Text-mining"
"KIF11","KIF20A",0.000567,"Databases"
"KIF11","KIF2C",6e-04,"Databases"
"KIF11","KIF5A",0.000643,"Experiments + Databases"
"KIF11","CDK1",0.000682,"Experiments"
"KIF11","KLC2",0.00072,"Databases"
"KIF11","KIF15",0.000734,"Databases"
"BARD1","RFC4",0.000499,"Databases"
"BARD1","BLM",0.000499,"Databases"
"BARD1","RHNO1",0.000499,"Databases"
"BARD1","RFC3",0.000499,"Databases"
"BARD1","RMI2",0.000499,"Databases"
"BARD1","DNA2",0.000505,"Experiments + Databases"
"BARD1","EXO1",0.000526,"Databases"
"BARD1","CDC20",0.00054,"Databases"
"BARD1","CDC20B",0.00054,"Databases"
"BARD1","XRCC2",0.000581,"Databases"
"BARD1","XRCC3",0.000708,"Databases"
"BARD1","BUB1B",0.00072,"Databases"
"BARD1","AURKB",0.000789,"Experiments"
"BARD1","H3C10",9e-04,"Experiments"
"BARD1","H3C6",9e-04,"Experiments"
"BARD1","CUL7",9e-04,"Databases"
"BARD1","H4C8",9e-04,"Experiments"
"BARD1","CBX2",9e-04,"Databases"
"BARD1","CBX8",9e-04,"Databases"
"BARD1","H4C5",9e-04,"Experiments"
"BARD1","H2BC11",9e-04,"Experiments"
"BARD1","H4C14",9e-04,"Experiments"
"BARD1","H4C12",9e-04,"Experiments"
"BARD1","UBE2C",9e-04,"Databases"
"BARD1","H3C2",9e-04,"Experiments"
"BARD1","H2AC11",0.000903,"Experiments"
"BARD1","UBE2S",0.000942,"Databases"
"BARD1","H2AC13",0.000949,"Experiments + Databases"
"BARD1","RAD51",0.000991,"Experiments + Databases"
"BARD1","BRCA2",0.000994,"Experiments + Databases"
"COL8A1","COL7A1",4e-04,"Databases"
"COL8A1","COL22A1",4e-04,"Databases"
"COL8A1","COL9A1",4e-04,"Databases"
"COL8A1","VWF",0.000442,"Text-mining"
"COL8A1","SERPINH1",0.000526,"Databases"
"COL8A1","COL4A2",0.00054,"Databases"
"COL8A1","COL4A1",0.000599,"Experiments + Databases"
"COL8A1","COL15A1",0.00072,"Databases"
"LMNB1","KIF20A",0.00049,"Experiments"
"LMNB1","BANF2",0.000499,"Text-mining"
"LMNB1","CDK1",0.000506,"Experiments"
"LMNB1","RHOF",0.000552,"Experiments + Databases"
"LMNB1","TMEM201",0.000603,"Text-mining"
"LMNB1","ZWINT",0.000724,"Experiments"
"LMNB1","LMNB2",0.000998,"Experiments + Databases"
"REXO5","PCNA",0.000516,"Experiments + Databases"
"VWF","SPP1",0.000478,"Text-mining"
"TRAF5","TNFRSF4",0.000457,"Experiments"
"TRAF5","RNF31",9e-04,"Databases"
"NDC80","CDT1",0.000497,"Experiments"
"NDC80","CENPH",0.000591,"Experiments"
"NDC80","CENPU",0.000621,"Experiments"
"NDC80","SPDL1",0.00072,"Databases"
"NDC80","SKA3",0.00072,"Databases"
"NDC80","BUB1",0.000725,"Experiments"
"NDC80","CENPF",0.000752,"Databases"
"NDC80","BUB1B",0.000755,"Experiments + Databases"
"NDC80","PLK1",0.000774,"Experiments + Databases"
"NDC80","NEK2",0.000809,"Experiments"
"NDC80","SKA1",0.00083,"Experiments + Databases"
"NDC80","DSN1",0.000836,"Experiments + Databases"
"NDC80","ZWINT",0.000868,"Experiments + Databases"
"NDC80","SPC25",0.000993,"Experiments + Databases"
"NDC80","NUF2",0.000999,"Experiments + Databases"
"NDC80","SPC24",0.000999,"Experiments + Databases"
"PDGFRB","MYCN",0.00042,"Text-mining"
"PDGFRB","EGF",0.00063,"Text-mining"
"PDGFRB","PDGFA",0.000992,"Experiments + Databases"
"MCM4","KIF20A",0.000406,"Experiments"
"MCM4","L3MBTL1",0.00042,"Experiments"
"MCM4","H3C10",0.000439,"Experiments"
"MCM4","PLK1",0.000457,"Experiments"
"MCM4","RECQL4",0.000457,"Experiments"
"MCM4","FANCD2",0.000457,"Experiments"
"MCM4","TONSL",0.000457,"Experiments"
"MCM4","MMS22L",0.000491,"Experiments"
"MCM4","MCMDC2",0.000506,"Experiments"
"MCM4","ASF1B",0.000611,"Experiments"
"MCM4","PCNA",0.000619,"Experiments"
"MCM4","WDHD1",0.000896,"Experiments"
"MCM4","CLSPN",0.000899,"Experiments + Databases"
"MCM4","ORC1",0.000931,"Experiments + Databases"
"MCM4","CDT1",0.000961,"Experiments + Databases"
"MCM4","CDC7",0.000966,"Experiments + Databases"
"MCM4","MCM8",0.000979,"Experiments + Databases"
"MCM4","GINS1",0.000979,"Experiments + Databases"
"MCM4","MCM10",0.00098,"Experiments + Databases"
"MCM4","GINS3",0.000985,"Experiments + Databases"
"MCM4","CDC45",0.000987,"Experiments + Databases"
"MCM4","GINS4",0.000991,"Experiments + Databases"
"MCM4","MCM6",0.000999,"Experiments + Databases"
"MCM4","MCM3",0.000999,"Experiments + Databases"
"MCM4","MCM7",0.000999,"Experiments + Databases"
"MCM4","MCM2",0.000999,"Experiments + Databases"
"CACNG4","ADAM23",0.000499,"Databases"
"CACNG4","GRIK4",0.00054,"Databases"
"CACNG4","GRIN2C",0.00072,"Databases"
"CACNG4","CNIH2",0.00072,"Databases"
"CACNG4","CATSPER2",0.00072,"Databases"
"CACNG4","GRIN2A",0.00072,"Databases"
"CACNG4","CACNA1E",0.000896,"Databases"
"CACNG4","CACNB4",9e-04,"Databases"
"PRR11","PRDM15",0.000451,"Experiments"
"PKMYT1","CCNB2",0.000584,"Experiments"
"PKMYT1","CCNA2",0.000595,"Experiments"
"PKMYT1","CKS1B",0.000596,"Experiments"
"PKMYT1","PLK1",0.000632,"Experiments"
"PKMYT1","CKS2",0.00065,"Experiments"
"PKMYT1","CDK1",0.000668,"Experiments"
"CHTF18","POLD1",0.000417,"Experiments"
"CHTF18","DDX11",0.000483,"Experiments"
"CHTF18","E2F1",0.000633,"Text-mining"
"CHTF18","ATAD5",0.000809,"Text-mining"
"CHTF18","PCNA",0.000834,"Experiments + Databases"
"CHTF18","RFC3",0.000985,"Experiments + Databases"
"CHTF18","RFC4",0.000987,"Experiments + Databases"
"CHTF18","DSCC1",0.000999,"Experiments + Databases"
"GINS1","MCM10",0.000598,"Experiments"
"GINS1","CLSPN",8e-04,"Experiments"
"GINS1","WDHD1",0.000916,"Experiments"
"GINS1","MCM6",0.000973,"Experiments + Databases"
"GINS1","MCM2",0.000974,"Experiments + Databases"
"GINS1","MCM3",0.000974,"Experiments + Databases"
"GINS1","MCM7",0.000989,"Experiments + Databases"
"GINS1","CDC45",0.000996,"Experiments + Databases"
"GINS1","GINS3",0.000999,"Experiments + Databases"
"GINS1","GINS4",0.000999,"Experiments + Databases"
"CCNE1","MCM7",0.000407,"Text-mining"
"CCNE1","CALML6",0.000407,"Text-mining"
"CCNE1","E2F1",0.000411,"Experiments"
"CCNE1","CDC25A",0.000457,"Experiments"
"CCNE1","FOXM1",0.000457,"Experiments"
"CCNE1","LIN37",0.000477,"Experiments"
"CCNE1","CCT3",0.000499,"Databases"
"CCNE1","E2F5",0.000499,"Databases"
"CCNE1","E2F2",0.00054,"Text-mining"
"CCNE1","CDT1",0.000551,"Experiments"
"CCNE1","RBL1",0.00063,"Experiments + Databases"
"CCNE1","PCNA",0.000651,"Experiments"
"CCNE1","CKS2",0.000664,"Experiments"
"CCNE1","CDK1",0.000738,"Experiments"
"CCNE1","CCNA2",0.000759,"Databases"
"CCNE1","CKS1B",0.000804,"Experiments + Databases"
"CCNE1","CCNE2",0.000946,"Databases"
"CBFA2T2","TCF3",0.000436,"Text-mining"
"CDKN2C","CDKN2B",0.000454,"Experiments"
"CDKN2C","CDKN2A",0.000492,"Experiments"
"TCF3","DNMT1",0.000405,"Text-mining"
"TCF3","SOX2",0.000457,"Experiments"
"TCF3","EBF1",0.000647,"Text-mining"
"TCF3","MESP2",0.000652,"Experiments"
"TCF3","TAL2",0.000684,"Experiments"
"KIF18A","KIF21B",0.00054,"Databases"
"KIF18A","KIF5A",0.00054,"Databases"
"KIF18A","KIF20A",0.00054,"Databases"
"KIF18A","KIFC2",0.00054,"Databases"
"KIF18A","KIF18B",0.00054,"Databases"
"KIF18A","KIF15",0.00054,"Databases"
"KIF18A","KLC2",0.00054,"Databases"
"KIF18A","KIFC1",0.00061,"Databases"
"KIF18A","KIF14",0.000633,"Databases"
"KIF18A","CENPE",0.000821,"Databases"
"KIF18A","KIF2C",0.000847,"Databases"
"LIG1","RFC3",0.000499,"Databases"
"LIG1","POLD1",0.000554,"Databases"
"LIG1","EHMT2",0.000674,"Experiments"
"LIG1","RFC4",0.000685,"Databases"
"LIG1","UHRF1",0.00096,"Experiments"
"LIG1","FEN1",0.000969,"Experiments"
"LIG1","PCNA",0.000995,"Experiments + Databases"
"NOX4","DUOX2",0.000899,"Databases"
"NOX4","DUOX1",0.00099,"Databases"
"ASF1B","MCM7",0.000433,"Experiments"
"ASF1B","H3C2",0.000558,"Experiments"
"ASF1B","H3C10",0.000595,"Experiments"
"ASF1B","MMS22L",0.000602,"Experiments"
"ASF1B","MCM6",0.000627,"Experiments"
"ASF1B","CHAF1A",0.000667,"Experiments"
"ASF1B","TONSL",0.000743,"Experiments"
"ASF1B","CHAF1B",0.000848,"Experiments"
"ASF1B","H4C5",0.000921,"Experiments"
"ASF1B","H4C8",0.000921,"Experiments"
"ASF1B","H4C12",0.000921,"Experiments"
"ASF1B","H4C14",0.000967,"Experiments"
"ASF1B","MCM2",0.00097,"Experiments"
"NOTCH3","DNM3",0.000403,"Text-mining"
"NOTCH3","EGF",0.000516,"Databases"
"NOTCH3","DLK1",0.000606,"Text-mining"
"NOTCH3","TACC3",9e-04,"Databases"
"NOTCH3","JAG2",0.000998,"Experiments + Databases"
"ARID3A","SOX2",0.00042,"Experiments"
"ARID3A","E2F1",0.000518,"Experiments"
"LHX4","SSX1",0.000473,"Experiments"
"LHX4","LHX3",0.000767,"Experiments + Databases"
"LHX4","ISL2",0.000878,"Experiments"
"SGO1","BUB1B",0.00044,"Experiments"
"SGO1","AURKB",0.00049,"Experiments"
"SGO1","CDCA8",0.000933,"Experiments"
"WDR76","CCT3",0.000457,"Experiments"
"WDR76","EPPK1",0.000457,"Experiments"
"WDR76","DBN1",0.000457,"Experiments"
"WDR76","HELLS",0.000817,"Experiments"
"MCAM","RHOF",0.000557,"Experiments + Databases"
"TUBB4A","H3C2",0.000424,"Text-mining"
"TUBB4A","H3C10",0.000424,"Text-mining"
"TUBB4A","H3C6",0.000424,"Text-mining"
"TUBB4A","TUBA3C",0.000496,"Experiments + Databases"
"TUBB4A","PFDN6",0.000499,"Databases"
"TUBB4A","CCT3",0.000529,"Experiments + Databases"
"TUBB4A","DYNC1I1",0.000743,"Experiments + Databases"
"MCM6","H2AX",0.00042,"Experiments"
"MCM6","CDC20",0.000446,"Text-mining"
"MCM6","TONSL",0.000457,"Experiments"
"MCM6","RECQL4",0.000457,"Experiments"
"MCM6","PLK1",0.000457,"Experiments"
"MCM6","CDKN2A",0.000497,"Experiments"
"MCM6","MMS22L",0.000597,"Experiments"
"MCM6","CDC7",0.000839,"Experiments + Databases"
"MCM6","WDHD1",0.000889,"Experiments"
"MCM6","CLSPN",0.000895,"Experiments + Databases"
"MCM6","ORC1",0.00091,"Experiments + Databases"
"MCM6","MCM10",0.000944,"Experiments + Databases"
"MCM6","GINS4",0.00098,"Experiments + Databases"
"MCM6","MCM8",0.000981,"Experiments + Databases"
"MCM6","GINS3",0.000989,"Experiments + Databases"
"MCM6","CDC45",0.000996,"Experiments + Databases"
"MCM6","MCM7",0.000999,"Experiments + Databases"
"MCM6","MCM3",0.000999,"Experiments + Databases"
"MCM6","CDT1",0.000999,"Experiments + Databases"
"MCM6","MCM2",0.000999,"Experiments + Databases"
"POLQ","POLD1",0.000448,"Text-mining"
"POLQ","FEN1",0.000499,"Databases"
"ADAM23","LGI3",0.000814,"Databases"
"UBE2S","PLK1",0.000499,"Databases"
"UBE2S","AURKB",0.000499,"Databases"
"UBE2S","CDK1",0.000499,"Databases"
"UBE2S","EHMT2",0.000499,"Databases"
"UBE2S","PTTG1",0.000499,"Databases"
"UBE2S","CCNA2",0.000499,"Databases"
"UBE2S","NEK2",0.000499,"Databases"
"UBE2S","MAD2L1",0.000499,"Databases"
"UBE2S","CDC20B",0.00054,"Databases"
"UBE2S","BRCA2",0.00072,"Databases"
"UBE2S","RAD51",0.00072,"Databases"
"UBE2S","BUB1B",0.00076,"Databases"
"UBE2S","CBX8",9e-04,"Databases"
"UBE2S","CBX2",9e-04,"Databases"
"UBE2S","CUL7",9e-04,"Databases"
"UBE2S","CDC20",0.000919,"Experiments + Databases"
"UBE2S","UBE2C",0.000967,"Experiments + Databases"
"NEIL3","H2BC17",0.000499,"Databases"
"NEIL3","H2BC9",0.000499,"Databases"
"NEIL3","H2AZ1",0.000499,"Databases"
"NEIL3","H2AX",0.000499,"Databases"
"NEIL3","H2BC15",0.000499,"Databases"
"NEIL3","H2BC11",0.000499,"Databases"
"DNMT3A","FEN1",0.00044,"Text-mining"
"DNMT3A","H2BC17",0.000499,"Databases"
"DNMT3A","H2BC11",0.000499,"Databases"
"DNMT3A","H2BC15",0.000499,"Databases"
"DNMT3A","H2BC9",0.000499,"Databases"
"DNMT3A","H2AX",0.00063,"Experiments + Databases"
"DNMT3A","H2AZ1",0.00063,"Experiments + Databases"
"DNMT3A","HELLS",0.000641,"Text-mining"
"DNMT3A","NR6A1",0.000672,"Text-mining"
"DNMT3A","UHRF1",0.000757,"Experiments"
"DNMT3A","H3C2",0.000902,"Experiments"
"DNMT3A","H3C6",0.000902,"Experiments"
"DNMT3A","H3C10",0.000902,"Experiments"
"DNMT3A","EHMT2",0.000981,"Experiments"
"DNMT3A","DNMT1",0.000989,"Experiments + Databases"
"DNMT3A","EZH2",0.000994,"Experiments + Databases"
"DNMT3A","DNMT3B",0.000994,"Experiments + Databases"
"SLC9A3","MAST2",0.000472,"Experiments"
"MCM2","MCMDC2",0.000436,"Experiments"
"MCM2","FANCD2",0.000457,"Experiments"
"MCM2","L3MBTL1",0.000457,"Experiments"
"MCM2","RECQL4",0.000578,"Experiments"
"MCM2","CCNB2",0.00062,"Experiments"
"MCM2","MMS22L",0.000631,"Experiments"
"MCM2","CDKN2A",0.000721,"Experiments"
"MCM2","WDHD1",0.000887,"Experiments"
"MCM2","H4C14",9e-04,"Experiments"
"MCM2","H4C8",9e-04,"Experiments"
"MCM2","H4C5",9e-04,"Experiments"
"MCM2","H3C6",9e-04,"Experiments"
"MCM2","CDC7",0.000917,"Experiments + Databases"
"MCM2","MCM10",0.000917,"Experiments + Databases"
"MCM2","TONSL",0.000918,"Experiments"
"MCM2","H4C12",0.00092,"Experiments"
"MCM2","H3C2",0.000928,"Experiments"
"MCM2","ORC1",0.000939,"Experiments + Databases"
"MCM2","H3C10",0.000941,"Experiments"
"MCM2","MCM8",0.000941,"Experiments + Databases"
"MCM2","CLSPN",0.000954,"Experiments + Databases"
"MCM2","CDT1",0.000955,"Experiments + Databases"
"MCM2","GINS3",0.000991,"Experiments + Databases"
"MCM2","GINS4",0.000993,"Experiments + Databases"
"MCM2","CDC45",0.000995,"Experiments + Databases"
"MCM2","MCM3",0.000998,"Experiments + Databases"
"MCM2","MCM7",0.000999,"Experiments + Databases"
"RASGRF2","ACTN2",4e-04,"Databases"
"RASGRF2","GRIN2A",0.000662,"Text-mining"
"RASGRF2","RASGRF1",0.000922,"Databases"
"CENPE","KIF20A",0.000413,"Experiments"
"CENPE","ZWINT",0.000453,"Text-mining"
"CENPE","CENPI",0.000502,"Text-mining"
"CENPE","CCNB2",0.00056,"Text-mining"
"CENPE","CENPA",0.000655,"Text-mining"
"CENPE","PRC1",0.000662,"Experiments"
"CENPE","AURKB",0.000674,"Text-mining"
"CENPE","NUF2",0.000712,"Experiments"
"CENPE","BIRC5",0.000721,"Text-mining"
"CENPE","BUB1",0.000781,"Experiments"
"CENPE","CENPF",0.000881,"Experiments"
"CENPE","KIF2C",0.00089,"Databases"
"CENPE","BUB1B",0.000989,"Experiments"
"LEF1","MSX1",0.000434,"Text-mining"
"LEF1","TERT",0.000499,"Databases"
"LEF1","E2F1",0.000565,"Experiments"
"LEF1","TEAD2",8e-04,"Databases"
"LEF1","PYGO2",0.000834,"Databases"
"EGF","WNT3A",0.000528,"Text-mining"
"EGF","NRG2",0.000553,"Databases"
"EGF","FGF13",0.000805,"Text-mining"
"EGF","PDGFA",9e-04,"Databases"
"SPDL1","PLK1",0.00072,"Databases"
"SPDL1","SKA3",9e-04,"Databases"
"SPDL1","BUB1B",9e-04,"Databases"
"SPDL1","SKA1",9e-04,"Databases"
"SPDL1","CENPF",9e-04,"Databases"
"POLA2","DNA2",0.000499,"Databases"
"POLA2","RFC4",0.000504,"Experiments + Databases"
"POLA2","RFC3",0.000584,"Experiments + Databases"
"POLA2","MCM3",0.00072,"Databases"
"POLA2","PCNA",0.00072,"Databases"
"POLA2","POLG2",9e-04,"Databases"
"POLA2","POLD1",0.000956,"Experiments + Databases"
"POLA2","PRIM1",0.000999,"Experiments + Databases"
"POLA2","PRIM2",0.000999,"Experiments + Databases"
"ANLN","DBN1",0.00042,"Experiments"
"ANLN","TPM2",0.00042,"Experiments"
"ANLN","IQGAP3",0.000457,"Experiments"
"ANLN","ECT2",0.000831,"Experiments"
"ANLN","DIAPH3",0.000911,"Text-mining"
"ANLN","RACGAP1",0.000941,"Experiments"
"ANKRD52","FOXK1",0.000402,"Experiments"
"RHOF","BAIAP2L2",0.000501,"Experiments + Databases"
"RHOF","ARHGAP39",0.00055,"Experiments + Databases"
"RHOF","DIAPH3",0.00056,"Experiments + Databases"
"TICRR","CDC45",0.000525,"Text-mining"
"TICRR","MCM10",0.00079,"Text-mining"
"TICRR","RECQL4",0.000858,"Text-mining"
"TICRR","MTBP",0.000932,"Experiments"
"MFGE8","BTNL8",0.000475,"Text-mining"
"NKD1","PPP4R3C",0.00054,"Databases"
"NKD1","PPP2R2C",0.00054,"Databases"
"NKD1","PPP2R3B",0.00072,"Databases"
"CDH13","CDH24",0.00054,"Databases"
"CDH13","APC2",0.00054,"Databases"
"CDH13","CTNNA2",0.000547,"Databases"
"CDH13","CDH8",0.000625,"Databases"
"CPNE7","EBF3",0.000533,"Experiments"
"CBX8","H2BC15",0.000499,"Databases"
"CBX8","H2AZ1",0.000499,"Databases"
"CBX8","H2BC9",0.000499,"Databases"
"CBX8","H2AX",0.000499,"Databases"
"CBX8","H2BC17",0.000499,"Databases"
"CBX8","H2BC11",0.000499,"Databases"
"CBX8","CDC20B",0.00054,"Databases"
"CBX8","CDC20",0.00054,"Databases"
"CBX8","RAD51",0.00072,"Databases"
"CBX8","BUB1B",0.00072,"Databases"
"CBX8","BRCA2",0.00072,"Databases"
"CBX8","EZH2",9e-04,"Databases"
"CBX8","UBE2C",9e-04,"Databases"
"CBX8","CUL7",9e-04,"Databases"
"CBX8","CBX2",0.000997,"Experiments + Databases"
"CEP131","CEP152",0.00042,"Experiments"
"SMG9","DHX34",0.00045,"Text-mining"
"PLK4","RACGAP1",0.000445,"Text-mining"
"PLK4","BUB1B",0.000447,"Text-mining"
"PLK4","PLK1",0.000496,"Experiments"
"PLK4","CDK1",0.000582,"Text-mining"
"PLK4","PFN4",0.000623,"Text-mining"
"PLK4","ECT2",0.000658,"Experiments"
"PLK4","SASS6",0.000813,"Experiments + Databases"
"PLK4","STIL",0.000994,"Experiments + Databases"
"PLK4","CEP152",0.000997,"Experiments + Databases"
"NUF2","SLCO6A1",0.000422,"Text-mining"
"NUF2","CENPA",0.000474,"Text-mining"
"NUF2","AURKB",0.000581,"Experiments"
"NUF2","BUB1",0.000725,"Experiments"
"NUF2","DSN1",0.000834,"Experiments + Databases"
"NUF2","ZWINT",0.000868,"Experiments + Databases"
"NUF2","CENPH",0.000872,"Experiments"
"NUF2","SPC25",0.000987,"Experiments + Databases"
"NUF2","SPC24",0.000999,"Experiments + Databases"
"SF3B4","SCNM1",8e-04,"Experiments"
"SF3B4","SNRPE",0.000991,"Experiments + Databases"
"SF3B4","SNRPB",0.000992,"Experiments + Databases"
"C1orf35","FAM133A",0.000432,"Experiments"
"ATP6V1C2","ATP6V0D2",0.000757,"Experiments + Databases"
"ATP6V1C2","ATP6V1C1",0.000962,"Experiments + Databases"
"MMS22L","ESCO2",0.000696,"Experiments"
"MMS22L","TONSL",0.00099,"Experiments"
"CDCA5","CDCA8",0.000448,"Text-mining"
"CDCA5","BIRC5",0.000566,"Text-mining"
"CDCA5","CCNB2",0.000568,"Text-mining"
"CDCA5","AURKB",0.000787,"Text-mining"
"CDCA5","CDK1",0.000826,"Experiments"
"GINS4","POLD1",0.000452,"Experiments"
"GINS4","RECQL4",0.000531,"Experiments"
"GINS4","MCM10",0.000569,"Experiments"
"GINS4","CLSPN",8e-04,"Experiments"
"GINS4","WDHD1",0.000976,"Experiments"
"GINS4","MCM3",0.000986,"Experiments + Databases"
"GINS4","MCM7",0.000991,"Experiments + Databases"
"GINS4","CDC45",0.000999,"Experiments + Databases"
"GINS4","GINS3",0.000999,"Experiments + Databases"
"CDKN2B","CDKN2A",0.000941,"Experiments + Databases"
"SLC7A11","SLC7A6",0.000699,"Databases"
"MYCN","E2F1",0.000629,"Text-mining"
"MYCN","EZH2",0.000843,"Experiments"
"CENPU","HJURP",0.000499,"Databases"
"CENPU","H2BC6",8e-04,"Experiments"
"CENPU","H4C14",8e-04,"Experiments"
"CENPU","H4C12",8e-04,"Experiments"
"CENPU","H4C8",8e-04,"Experiments"
"CENPU","H4C5",8e-04,"Experiments"
"CENPU","H2BC8",8e-04,"Experiments"
"CENPU","CENPA",0.000962,"Experiments + Databases"
"CENPU","PLK1",0.000962,"Experiments"
"CENPU","CENPL",0.000987,"Experiments + Databases"
"CENPU","CENPW",0.000987,"Experiments + Databases"
"CENPU","CENPK",0.000994,"Experiments + Databases"
"CENPU","CENPO",0.000997,"Experiments + Databases"
"CENPU","CENPH",0.000997,"Experiments + Databases"
"CENPU","CENPI",0.000998,"Experiments + Databases"
"TNFSF4","TNFRSF18",0.000405,"Text-mining"
"TNFSF4","TNFRSF4",0.000999,"Experiments + Databases"
"SPC25","BUB1",0.000725,"Experiments"
"SPC25","DSN1",0.000842,"Experiments + Databases"
"SPC25","ZWINT",0.000868,"Experiments + Databases"
"SPC25","SPC24",0.000982,"Experiments + Databases"
"CCNO","CKS2",0.000504,"Experiments"
"CCNO","CKS1B",0.000507,"Experiments"
"CCNO","CDK1",0.000546,"Experiments"
"CCNO","CCNA2",0.000559,"Databases"
"CCNO","PCNA",0.000605,"Experiments"
"CENPH","HJURP",0.00068,"Databases"
"CENPH","H2BC8",8e-04,"Experiments"
"CENPH","H4C5",8e-04,"Experiments"
"CENPH","H4C8",8e-04,"Experiments"
"CENPH","H4C14",8e-04,"Experiments"
"CENPH","H4C12",8e-04,"Experiments"
"CENPH","H2BC6",8e-04,"Experiments"
"CENPH","CENPA",0.000984,"Experiments + Databases"
"CENPH","CENPW",0.000989,"Experiments + Databases"
"CENPH","CENPL",0.000992,"Experiments + Databases"
"CENPH","CENPO",0.000996,"Experiments + Databases"
"CENPH","CENPI",0.000999,"Experiments + Databases"
"CENPH","CENPK",0.000999,"Experiments + Databases"
"LPCAT1","PAFAH1B3",9e-04,"Databases"
"GDPD1","GDPD3",9e-04,"Databases"
"UCHL1","USP21",0.000438,"Experiments"
"UCHL1","CDK1",0.000467,"Experiments"
"UCHL1","CDKN2A",0.000721,"Experiments"
"WNT3A","SFRP4",0.000528,"Experiments"
"WNT3A","DLX5",0.00057,"Text-mining"
"WNT3A","PTK7",0.000779,"Experiments"
"WNT3A","GPC3",0.000805,"Text-mining"
"SKA1","PPP2R2C",0.000539,"Experiments"
"SKA1","PLK1",0.00072,"Databases"
"SKA1","BUB1B",9e-04,"Databases"
"SKA1","CENPF",9e-04,"Databases"
"SKA1","SKA3",0.000999,"Experiments + Databases"
"RAB6B","DYNC1I1",0.000499,"Databases"
"RAB6B","BICD1",0.000499,"Databases"
"RAB6B","CHML",0.000583,"Experiments + Databases"
"RAB6B","KIF20A",0.000592,"Experiments"
"ATP6V0D2","ATP6V1C1",0.000869,"Experiments + Databases"
"NAA11","NAA10",0.000934,"Experiments + Databases"
"CD109","PKM",0.000404,"Text-mining"
"ATAD2","PSMD4",0.000402,"Experiments"
"ATAD2","H4C12",9e-04,"Experiments"
"ATAD2","H4C5",9e-04,"Experiments"
"ATAD2","H4C8",9e-04,"Experiments"
"ATAD2","H4C14",0.000926,"Experiments"
"NSMCE2","SMC1B",0.000421,"Experiments"
"SASS6","CEP152",0.000598,"Experiments + Databases"
"SASS6","STIL",0.000962,"Experiments + Databases"
"BUB1B","PTTG1",0.000423,"Experiments"
"BUB1B","ECT2",0.000426,"Text-mining"
"BUB1B","DSN1",0.000428,"Experiments"
"BUB1B","CDCA2",0.000439,"Text-mining"
"BUB1B","CENPA",0.000535,"Text-mining"
"BUB1B","KIF2C",0.000575,"Text-mining"
"BUB1B","CDCA8",0.000576,"Text-mining"
"BUB1B","BIRC5",0.000592,"Text-mining"
"BUB1B","CDC20B",0.000716,"Experiments + Databases"
"BUB1B","CCNB2",0.00072,"Text-mining"
"BUB1B","RAD51",0.00072,"Databases"
"BUB1B","CBX2",0.00072,"Databases"
"BUB1B","CUL7",0.00072,"Databases"
"BUB1B","CCNA2",0.000824,"Experiments + Databases"
"BUB1B","UBE2C",0.000826,"Experiments + Databases"
"BUB1B","BRCA2",0.000841,"Experiments + Databases"
"BUB1B","NEK2",0.000861,"Experiments + Databases"
"BUB1B","ZWINT",0.000863,"Experiments"
"BUB1B","SKA3",9e-04,"Databases"
"BUB1B","PLK1",0.000947,"Experiments + Databases"
"BUB1B","AURKB",0.000953,"Experiments"
"BUB1B","CENPF",0.000972,"Databases"
"BUB1B","CDK1",0.000979,"Databases"
"BUB1B","BUB1",0.000994,"Experiments"
"BUB1B","MAD2L1",0.000999,"Experiments + Databases"
"BUB1B","CDC20",0.000999,"Experiments + Databases"
"FANCD2","CHEK1",0.000457,"Experiments"
"FANCD2","BLM",0.000457,"Experiments"
"FANCD2","MCM3",0.000457,"Experiments"
"FANCD2","PCNA",0.000457,"Experiments"
"FANCD2","H2AX",0.000475,"Experiments"
"FANCD2","EME1",0.000499,"Databases"
"FANCD2","EME2",0.000499,"Databases"
"FANCD2","FAAP24",0.000499,"Databases"
"FANCD2","MCM7",5e-04,"Experiments"
"FANCD2","POLD1",0.00054,"Databases"
"FANCD2","XRCC3",0.000553,"Text-mining"
"FANCD2","UHRF1",0.000567,"Experiments"
"FANCD2","POLN",0.000748,"Experiments + Databases"
"FANCD2","FANCB",0.000895,"Experiments + Databases"
"FANCD2","UBE2T",0.000925,"Experiments + Databases"
"FANCD2","RAD51",0.00095,"Experiments"
"FANCD2","FANCA",0.000969,"Experiments + Databases"
"FANCD2","FANCG",0.000985,"Experiments + Databases"
"FANCD2","BRCA2",0.000995,"Experiments + Databases"
"FANCD2","FANCI",0.000999,"Experiments + Databases"
"CCNB2","E2F1",0.000427,"Text-mining"
"CCNB2","CENPA",0.000477,"Text-mining"
"CCNB2","ZWINT",0.000512,"Text-mining"
"CCNB2","PLK1",0.000542,"Text-mining"
"CCNB2","RRM2",0.000555,"Text-mining"
"CCNB2","MELK",0.000587,"Text-mining"
"CCNB2","CCNA2",0.000596,"Text-mining"
"CCNB2","CDCA8",0.000602,"Text-mining"
"CCNB2","DIAPH3",0.000622,"Experiments"
"CCNB2","CKS1B",0.000649,"Experiments"
"CCNB2","CKS2",0.000693,"Experiments"
"CCNB2","BIRC5",0.000698,"Text-mining"
"CCNB2","CCNE2",0.000723,"Experiments"
"CCNB2","AURKB",0.000726,"Text-mining"
"CCNB2","BUB1",0.000831,"Text-mining"
"CCNB2","CDK1",0.000999,"Experiments + Databases"
"ERC2","PPFIA4",0.000402,"Experiments"
"ERC2","UNC13A",0.000597,"Experiments"
"ERC2","CALML6",0.000847,"Text-mining"
"IGF2BP1","IGF2BP2",0.000505,"Experiments"
"IGF2BP1","IGF2",0.000967,"Text-mining"
"RFX5","RFXANK",0.000999,"Experiments + Databases"
"ISL2","LHX3",0.000878,"Experiments"
"HSF2BP","BRCA2",0.000912,"Experiments"
"PKN3","PKN1",9e-04,"Databases"
"S100A1","CACYBP",0.00043,"Experiments"
"S100A1","S100P",0.000637,"Experiments"
"S100A1","S100A3",0.000638,"Experiments"
"S100A1","ANXA2",0.000888,"Text-mining"
"GPC2","GPC3",0.000596,"Text-mining"
"GPC2","MDK",0.000702,"Text-mining"
"GRIN2C","ACTN2",0.000499,"Databases"
"GRIN2C","GRIK4",0.000552,"Databases"
"GRIN2C","CNIH2",0.00072,"Databases"
"GRIN2C","GRIN2A",0.000998,"Databases"
"SPINDOC","H3C2",8e-04,"Experiments"
"SPINDOC","H3C6",8e-04,"Experiments"
"SPINDOC","H3C10",8e-04,"Experiments"
"PDZK1IP1","KPNA2",0.00041,"Text-mining"
"PDZK1IP1","DMBT1",0.00042,"Text-mining"
"CCT3","SOX2",0.000457,"Experiments"
"CCT3","CCNE2",0.000499,"Databases"
"CCT3","TUBA3C",0.000499,"Databases"
"CCT3","FBXW10",0.000499,"Databases"
"CCT3","TTLL3",0.000532,"Experiments"
"CCT3","CDC20",0.000734,"Experiments"
"CCT3","PPP2R2C",0.000734,"Experiments"
"CCT3","PFDN6",0.000904,"Experiments + Databases"
"SSR2","RHBDF2",0.000881,"Text-mining"
"HDAC11","CDT1",0.000501,"Experiments"
"HDAC11","H2BC17",0.00065,"Databases"
"HDAC11","H2AC13",0.00065,"Databases"
"HDAC11","H2BC11",0.00065,"Databases"
"HDAC11","H2AX",0.00065,"Databases"
"HDAC11","H2BC15",0.00065,"Databases"
"HDAC11","H2BC18",0.00065,"Databases"
"HDAC11","H2AZ1",0.00065,"Databases"
"HDAC11","H2BC9",0.00065,"Databases"
"TRIM54","FLNC",0.000457,"Experiments"
"RHO","GNG4",0.000499,"Databases"
"RHO","CALML6",0.000819,"Text-mining"
"H2AZ1","EHMT2",0.000402,"Experiments"
"H2AZ1","NCAPG2",0.000499,"Databases"
"H2AZ1","EZH2",0.000499,"Databases"
"H2AZ1","PLK1",0.000499,"Databases"
"H2AZ1","PHF19",0.000499,"Databases"
"H2AZ1","DNMT3B",0.000499,"Databases"
"H2AZ1","DNMT1",0.000499,"Databases"
"H2AZ1","PKN1",0.000499,"Databases"
"H2AZ1","H2BC6",0.000538,"Experiments"
"H2AZ1","H2BC8",0.000547,"Experiments"
"H2AZ1","ORC1",0.000568,"Databases"
"H2AZ1","UHRF1",0.000579,"Experiments + Databases"
"H2AZ1","CBX2",0.000581,"Experiments + Databases"
"H2AZ1","H2AX",0.000581,"Experiments + Databases"
"H2AZ1","H2BC18",0.000591,"Experiments"
"H2AZ1","CENPA",0.000701,"Experiments + Databases"
"H2AZ1","H2BC15",0.000706,"Experiments + Databases"
"H2AZ1","H2BC9",0.000744,"Experiments + Databases"
"H2AZ1","H2BC17",0.000767,"Experiments + Databases"
"H2AZ1","H4C14",0.000837,"Experiments"
"H2AZ1","H4C8",0.000879,"Experiments"
"H2AZ1","H4C5",0.000879,"Experiments"
"H2AZ1","H4C12",0.000879,"Experiments"
"H2AZ1","H2BC11",0.000969,"Experiments + Databases"
"H2AZ1","VPS72",0.000983,"Experiments"
"MAD2L1","RACGAP1",0.000445,"Text-mining"
"MAD2L1","SGO2",0.000456,"Experiments"
"MAD2L1","UBD",0.000457,"Experiments"
"MAD2L1","TTK",0.000485,"Experiments"
"MAD2L1","CDC20B",0.000502,"Experiments"
"MAD2L1","CCNA2",0.000601,"Databases"
"MAD2L1","KIF20A",0.000615,"Experiments"
"MAD2L1","UBE2C",0.000628,"Experiments + Databases"
"MAD2L1","CDK1",0.000691,"Databases"
"MAD2L1","BUB1",0.000804,"Experiments"
"MAD2L1","NEK2",0.000861,"Experiments + Databases"
"MAD2L1","CDC20",0.000999,"Experiments + Databases"
"ITGA2","COL2A1",0.000465,"Text-mining"
"ITGA2","LAMA3",0.000499,"Databases"
"ITGA2","COL9A1",0.000595,"Databases"
"ITGA2","FLNC",0.00065,"Databases"
"ITGA2","ITGA6",0.000818,"Databases"
"RGS20","OTX1",0.000451,"Experiments"
"RGS20","GNAZ",0.000746,"Experiments + Databases"
"DCAF13","DCAF4L2",0.00054,"Databases"
"DCAF13","DCAF8L2",0.00054,"Databases"
"DCAF13","DCAF4L1",0.00054,"Databases"
"DCAF13","DCAF8L1",0.00054,"Databases"
"DCAF13","DET1",9e-04,"Databases"
"DCAF13","DTL",9e-04,"Databases"
"MELK","BIRC5",0.000436,"Text-mining"
"MELK","FOXM1",0.000705,"Text-mining"
"RPL10L","CUL7",0.000403,"Experiments"
"RPL10L","RPL36A",0.000867,"Experiments"
"RPL10L","RPS10",0.000896,"Experiments"
"RPL10L","RPL30",0.000926,"Experiments"
"CKB","ALDOA",0.00042,"Experiments"
"PCLAF","UHRF1",0.000487,"Experiments"
"PCLAF","PCNA",0.000966,"Experiments"
"PLK1","BIRC5",0.000406,"Text-mining"
"PLK1","G6PD",0.000414,"Text-mining"
"PLK1","ECT2",0.000418,"Text-mining"
"PLK1","CDK1",0.000428,"Text-mining"
"PLK1","RACGAP1",0.000457,"Experiments"
"PLK1","RAD51",0.000457,"Experiments"
"PLK1","CLSPN",0.000457,"Experiments"
"PLK1","FBXO43",0.000471,"Experiments"
"PLK1","KIF2C",0.000486,"Experiments"
"PLK1","H2BC9",0.000499,"Databases"
"PLK1","H2BC11",0.000499,"Databases"
"PLK1","H2BC17",0.000499,"Databases"
"PLK1","H2AX",0.000499,"Databases"
"PLK1","H2BC15",0.000499,"Databases"
"PLK1","RRM2",0.000522,"Experiments"
"PLK1","MCM3",0.00054,"Experiments"
"PLK1","KIF20A",0.000563,"Text-mining"
"PLK1","UBE2C",0.00057,"Databases"
"PLK1","TOP2A",0.000578,"Experiments"
"PLK1","PRC1",0.00063,"Experiments"
"PLK1","SPAG5",0.000649,"Experiments"
"PLK1","BUB1",0.000728,"Experiments"
"PLK1","CDC20",0.000785,"Experiments"
"PLK1","SKA3",0.000793,"Experiments + Databases"
"PLK1","CENPF",0.000812,"Databases"
"PLK1","NCAPG2",0.000843,"Experiments + Databases"
"PLK1","CDC25C",0.000894,"Experiments"
"PLK1","GTSE1",0.000926,"Experiments + Databases"
"PLK1","FOXM1",0.000944,"Experiments + Databases"
"PLK1","ERCC6L",0.00095,"Experiments"
"PLK1","BRCA2",0.000979,"Experiments"
"TPX2","RRM2",0.000438,"Text-mining"
"TPX2","AURKB",0.000506,"Experiments"
"TPX2","MKI67",0.000599,"Experiments"
"TPX2","HMMR",0.000761,"Experiments"
"CDT1","MCMDC2",0.000505,"Experiments"
"CDT1","CCNA2",0.000655,"Experiments"
"CDT1","DTL",0.000659,"Experiments"
"CDT1","CDK1",0.000665,"Experiments"
"CDT1","CKS1B",0.000671,"Experiments"
"CDT1","CKS2",0.000671,"Experiments"
"CDT1","CDC45",0.000767,"Text-mining"
"CDT1","MCM8",0.000805,"Experiments + Databases"
"CDT1","MCM10",9e-04,"Experiments + Databases"
"CDT1","ORC1",0.000938,"Experiments + Databases"
"CDT1","MCM3",0.000944,"Experiments + Databases"
"CDT1","PCNA",0.00096,"Experiments"
"CDT1","MCM7",0.000982,"Experiments + Databases"
"LIN37","FOXM1",0.000565,"Experiments + Databases"
"LIN37","MYBL1",0.000685,"Experiments"
"LIN37","RBL1",0.000688,"Experiments"
"LIN37","E2F5",0.000831,"Experiments + Databases"
"LIN37","LIN9",0.000999,"Experiments + Databases"
"CHAF1A","H3C2",0.00042,"Experiments"
"CHAF1A","PCNA",0.000457,"Experiments"
"CHAF1A","CHAF1B",0.000998,"Experiments + Databases"
"KIFC2","KIF5A",0.00054,"Databases"
"KIFC2","KIF21B",0.00054,"Databases"
"KIFC2","KIF20A",0.00054,"Databases"
"KIFC2","KIFC1",0.00054,"Databases"
"KIFC2","KIF2C",0.00054,"Databases"
"KIFC2","KIF18B",0.00054,"Databases"
"KIFC2","KIF14",0.00054,"Databases"
"KIFC2","KIF15",0.00054,"Databases"
"KIFC2","KLC2",0.000564,"Databases"
"BIRC5","H2AX",0.000457,"Experiments"
"BIRC5","UBE2C",0.000483,"Text-mining"
"BIRC5","TOP2A",0.000507,"Text-mining"
"BIRC5","FOXM1",0.00051,"Text-mining"
"BIRC5","CENPF",0.00055,"Text-mining"
"BIRC5","KIF2C",0.000599,"Text-mining"
"BIRC5","BUB1",0.000638,"Text-mining"
"BIRC5","CDK1",0.00079,"Experiments"
"BIRC5","AURKB",0.000998,"Experiments + Databases"
"BIRC5","CDCA8",0.000999,"Experiments + Databases"
"BIRC5","INCENP",0.000999,"Experiments + Databases"
"BUB1","CDC20B",0.000409,"Experiments"
"BUB1","RFC4",0.000476,"Text-mining"
"BUB1","CCNA2",0.000503,"Text-mining"
"BUB1","TTK",0.000544,"Experiments"
"BUB1","CENPF",0.000657,"Text-mining"
"BUB1","KIF2C",0.000668,"Text-mining"
"BUB1","DSN1",0.000725,"Experiments"
"BUB1","SPC24",0.000725,"Experiments"
"BUB1","AURKB",0.000762,"Text-mining"
"BUB1","CDK1",0.000901,"Experiments"
"BUB1","ZWINT",0.000926,"Experiments"
"BUB1","CDC20",0.000983,"Experiments"
"COL22A1","COL7A1",4e-04,"Databases"
"COL22A1","COL15A1",4e-04,"Databases"
"COL22A1","COL9A1",4e-04,"Databases"
"COL22A1","SERPINH1",0.000499,"Databases"
"CDC25A","SFN",0.000409,"Experiments"
"CDC25A","CDK1",0.000494,"Experiments"
"CDC25A","NAA10",0.000534,"Experiments"
"CDC25A","CHEK1",0.000608,"Experiments"
"CDC25A","CDC25C",9e-04,"Databases"
"RAB24","CHML",0.000564,"Experiments + Databases"
"KREMEN2","DKK1",0.000993,"Experiments + Databases"
"CALML6","CNR1",0.000404,"Text-mining"
"CALML6","TRPC6",0.000575,"Experiments"
"CALML6","DAPK2",0.000576,"Text-mining"
"CALML6","KCNQ3",0.000582,"Text-mining"
"CALML6","MYO1A",0.000613,"Text-mining"
"CALML6","STRA6",0.000674,"Text-mining"
"CALML6","PLA2G6",0.00069,"Text-mining"
"CALML6","SCN4A",0.000695,"Experiments"
"CALML6","BEX2",0.000716,"Text-mining"
"CALML6","UNC13A",0.000848,"Text-mining"
"BFSP2","EPHB2",0.000671,"Text-mining"
"BFSP2","BFSP1",0.000852,"Experiments"
"FEN1","BLM",5e-04,"Experiments"
"FEN1","RFC3",0.000543,"Databases"
"FEN1","DDX11",0.000617,"Experiments"
"FEN1","DNA2",0.000649,"Experiments"
"FEN1","RFC4",0.000655,"Databases"
"FEN1","RECQL4",0.000759,"Text-mining"
"FEN1","POLD1",0.000883,"Experiments + Databases"
"FEN1","PCNA",0.000992,"Experiments + Databases"
"SHCBP1","CENPA",6e-04,"Experiments"
"SHCBP1","RACGAP1",0.000673,"Experiments"
"CDCA7","SFN",0.000601,"Experiments"
"YEATS2","VPS72",0.000639,"Databases"
"ESCO2","PCNA",0.000481,"Experiments"
"MCM7","L3MBTL1",0.000406,"Experiments"
"MCM7","KIF14",0.000444,"Experiments"
"MCM7","RECQL4",0.000457,"Experiments"
"MCM7","MCMDC2",0.000476,"Experiments"
"MCM7","PCNA",0.000682,"Experiments"
"MCM7","WDHD1",0.000872,"Experiments"
"MCM7","CLSPN",0.000895,"Experiments + Databases"
"MCM7","CDC7",0.000896,"Experiments + Databases"
"MCM7","MCM10",0.000911,"Experiments + Databases"
"MCM7","ORC1",0.000936,"Experiments + Databases"
"MCM7","MCM8",0.000984,"Experiments + Databases"
"MCM7","GINS3",0.000993,"Experiments + Databases"
"MCM7","CDC45",0.000997,"Experiments + Databases"
"MCM7","MCM3",0.000999,"Experiments + Databases"
"CBX2","TTK",0.000459,"Text-mining"
"CBX2","H2BC11",0.000499,"Databases"
"CBX2","H2BC15",0.000499,"Databases"
"CBX2","H2BC9",0.000499,"Databases"
"CBX2","H2BC17",0.000499,"Databases"
"CBX2","CDC20B",0.00054,"Databases"
"CBX2","CDC20",0.00054,"Databases"
"CBX2","H2AX",0.000596,"Experiments + Databases"
"CBX2","RAD51",0.00072,"Databases"
"CBX2","BRCA2",0.00072,"Databases"
"CBX2","H3C10",9e-04,"Experiments"
"CBX2","UBE2C",9e-04,"Databases"
"CBX2","CUL7",9e-04,"Databases"
"CBX2","H3C6",9e-04,"Experiments"
"CBX2","EZH2",9e-04,"Databases"
"CBX2","H3C2",9e-04,"Experiments"
"TERT","SNRPE",0.00072,"Databases"
"TERT","SNRPB",0.00072,"Databases"
"TERT","SMG5",0.000731,"Experiments + Databases"
"TERT","H2BC6",8e-04,"Experiments"
"TERT","H2AC13",8e-04,"Experiments"
"TERT","H2BC11",8e-04,"Experiments"
"TERT","H2BC18",8e-04,"Experiments"
"TERT","H2AC11",8e-04,"Experiments"
"TERT","H2BC8",8e-04,"Experiments"
"SH3PXD2B","ADAM15",0.000416,"Text-mining"
"CNIH2","COL7A1",0.000499,"Databases"
"CNIH2","GRIK4",0.00054,"Databases"
"CNIH2","GRIN2A",0.00072,"Databases"
"CD34","TOMM40L",0.00054,"Databases"
"CD34","PODXL",0.00059,"Text-mining"
"RMI2","RFC4",0.000499,"Databases"
"RMI2","EXO1",0.000499,"Databases"
"RMI2","BRCA2",0.000499,"Databases"
"RMI2","RAD51",0.000499,"Databases"
"RMI2","RFC3",0.000499,"Databases"
"RMI2","XRCC3",0.000499,"Databases"
"RMI2","XRCC2",0.000499,"Databases"
"RMI2","RHNO1",0.000499,"Databases"
"RMI2","DNA2",0.000499,"Databases"
"RMI2","FANCA",0.000734,"Experiments"
"RMI2","BLM",0.000941,"Experiments + Databases"
"FANCI","SLCO6A1",0.000407,"Text-mining"
"FANCI","ECT2",0.000482,"Text-mining"
"FANCI","FAAP24",0.000499,"Databases"
"FANCI","EME1",0.000499,"Databases"
"FANCI","EME2",0.000499,"Databases"
"FANCI","POLD1",0.00054,"Databases"
"FANCI","POLN",0.00063,"Experiments + Databases"
"FANCI","RAD51",0.000669,"Experiments"
"FANCI","FANCA",0.000895,"Experiments + Databases"
"FANCI","UBE2T",0.000895,"Experiments + Databases"
"FANCI","FANCB",0.000895,"Experiments + Databases"
"FANCI","FANCG",0.000934,"Experiments + Databases"
"FANCI","BRCA2",0.000955,"Experiments + Databases"
"CKS1B","PLEKHG2",0.00047,"Experiments"
"CKS1B","CDC20",0.000563,"Experiments"
"CKS1B","CCNE2",0.000826,"Experiments + Databases"
"CKS1B","CKS2",0.000974,"Experiments + Databases"
"CKS1B","CCNA2",0.000985,"Experiments + Databases"
"CKS1B","CDK1",0.000998,"Experiments"
"ADCY6","GNG4",0.000499,"Databases"
"ADCY6","GNAZ",0.000526,"Databases"
"ADCY6","GNAL",0.000651,"Experiments + Databases"
"DNAH12","DNAH17",0.00054,"Databases"
"CLSPN","PCNA",0.000457,"Experiments"
"CLSPN","ORC1",0.000499,"Databases"
"CLSPN","MCM8",0.000499,"Databases"
"CLSPN","CDC7",0.00074,"Experiments + Databases"
"CLSPN","RHNO1",8e-04,"Databases"
"CLSPN","MCM10",0.000883,"Databases"
"CLSPN","MCM3",0.000895,"Experiments + Databases"
"CLSPN","GINS3",0.000931,"Experiments"
"CLSPN","CDC45",0.000965,"Experiments + Databases"
"CLSPN","WDHD1",0.000993,"Experiments"
"CLSPN","CHEK1",0.000998,"Experiments + Databases"
"ATAD5","PCNA",0.000597,"Experiments"
"ATAD5","RFC3",0.000756,"Experiments"
"ATAD5","RFC4",0.000984,"Experiments + Databases"
"AURKB","UBE2C",0.000406,"Databases"
"AURKB","SLCO6A1",0.000412,"Text-mining"
"AURKB","KCNJ11",0.000435,"Text-mining"
"AURKB","ECT2",0.00052,"Experiments"
"AURKB","ASPM",0.000536,"Text-mining"
"AURKB","BRCA2",0.000576,"Experiments"
"AURKB","CENPF",0.000588,"Text-mining"
"AURKB","ZWINT",0.000655,"Text-mining"
"AURKB","CENPA",0.000694,"Experiments"
"AURKB","KIF2C",0.000711,"Experiments"
"AURKB","KIF20A",0.000722,"Experiments"
"AURKB","RACGAP1",0.000777,"Experiments"
"AURKB","CDC20",0.00081,"Experiments"
"AURKB","KCNJ6",0.000848,"Text-mining"
"AURKB","CDK1",0.000851,"Experiments"
"AURKB","CDCA8",0.000998,"Experiments + Databases"
"AURKB","INCENP",0.000999,"Experiments + Databases"
"RNF31","PDLIM7",0.000424,"Experiments"
"TYMS","UBE2C",0.000409,"Experiments"
"CHAF1B","H3C2",0.00042,"Experiments"
"CHAF1B","PCNA",0.000521,"Experiments"
"ANXA2R","ANXA2",0.000977,"Text-mining"
"DCAF4L2","DET1",0.00054,"Databases"
"DCAF4L2","DCAF8L2",0.00054,"Databases"
"DCAF4L2","DCAF8L1",0.00054,"Databases"
"DCAF4L2","DCAF4L1",0.00054,"Databases"
"DCAF4L2","DTL",0.00054,"Databases"
"MYEF2","SOX2",0.000457,"Experiments"
"DUOX1","DUOX2",0.000957,"Databases"
"CDK5R1","PLXNA3",0.000499,"Databases"
"CDK5R1","PLXNA1",0.000499,"Databases"
"CDK5R1","CDK5RAP3",0.000551,"Experiments"
"FAM133A","H2BC15",0.000518,"Experiments"
"SKA3","PPP2R2C",0.000422,"Experiments"
"SKA3","CENPF",9e-04,"Databases"
"SULT1C2","SULT4A1",0.000796,"Experiments + Databases"
"NQO1","NME1",0.00048,"Experiments"
"NQO1","TP73",0.00055,"Experiments"
"DYNC1I1","BICD1",0.000684,"Experiments + Databases"
"EZH2","HMGA1",0.000439,"Experiments"
"EZH2","IGF2BP2",0.000444,"Text-mining"
"EZH2","E2F1",0.000494,"Experiments"
"EZH2","H2BC15",0.000502,"Experiments + Databases"
"EZH2","H2BC17",0.000502,"Experiments + Databases"
"EZH2","H2BC9",0.000502,"Experiments + Databases"
"EZH2","H2BC18",0.000502,"Experiments + Databases"
"EZH2","H2AX",0.000658,"Experiments + Databases"
"EZH2","CDK1",0.000669,"Experiments"
"EZH2","H2AC11",0.000801,"Experiments"
"EZH2","H4C14",0.000802,"Experiments"
"EZH2","H4C12",0.000802,"Experiments"
"EZH2","H4C5",0.000802,"Experiments"
"EZH2","H4C8",0.000802,"Experiments"
"EZH2","H2BC11",0.000896,"Experiments + Databases"
"EZH2","EHMT2",0.00092,"Experiments"
"EZH2","H2AC13",0.000923,"Experiments + Databases"
"EZH2","PHF19",0.000925,"Experiments + Databases"
"EZH2","DNMT3B",0.000995,"Experiments + Databases"
"EZH2","DNMT1",0.000995,"Experiments + Databases"
"PKM","CUL7",5e-04,"Experiments"
"PKM","NME1",9e-04,"Databases"
"CDC25C","PCNA",0.000457,"Experiments"
"CDC25C","CHEK1",0.000697,"Experiments"
"CDC25C","CDK1",0.000911,"Experiments"
"CDC25C","SFN",0.000912,"Experiments + Databases"
"CDC25C","PKN1",0.000926,"Experiments + Databases"
"PFN4","FHDC1",0.000474,"Experiments"
"DSCC1","PCNA",0.000499,"Databases"
"DSCC1","RFC4",0.000982,"Experiments + Databases"
"DSCC1","RFC3",0.000991,"Experiments + Databases"
"SOX11","H4C12",8e-04,"Experiments"
"SOX11","H4C14",8e-04,"Experiments"
"SOX11","H4C8",8e-04,"Experiments"
"SOX11","H4C5",8e-04,"Experiments"
"BCAT2","BCAT1",9e-04,"Databases"
"E2F7","E2F1",0.000402,"Experiments"
"SPAG5","TOP2A",0.000441,"Text-mining"
"SPAG5","CDK1",0.000459,"Experiments"
"SPAG5","SPAG4",0.000548,"Text-mining"
"SOX2","KPNA2",0.000405,"Experiments"
"SOX2","UHRF1",0.000431,"Text-mining"
"SOX2","IGF2BP2",0.000506,"Experiments"
"SOX2","CDX2",0.000541,"Text-mining"
"SOX2","POU3F2",0.000609,"Text-mining"
"SOX2","H4C14",8e-04,"Experiments"
"SOX2","H4C12",8e-04,"Experiments"
"SOX2","H4C5",8e-04,"Experiments"
"SOX2","H3C10",8e-04,"Experiments"
"SOX2","H3C2",8e-04,"Experiments"
"SOX2","H2BC11",8e-04,"Experiments"
"SOX2","H4C8",8e-04,"Experiments"
"SOX2","H3C6",8e-04,"Experiments"
"SOX2","PAX6",0.000813,"Experiments"
"SOX2","CDK1",0.000924,"Experiments"
"DBF4B","CDC7",0.000747,"Experiments"
"KIF15","MKI67",0.000483,"Experiments"
"KIF15","KIFC1",0.00054,"Databases"
"KIF15","KIF21B",0.00054,"Databases"
"KIF15","KIF5A",0.00054,"Databases"
"KIF15","KIF18B",0.00054,"Databases"
"KIF15","KIF2C",0.00054,"Databases"
"KIF15","KIF14",0.00054,"Databases"
"KIF15","KIF20A",0.00054,"Databases"
"KIF15","KLC2",0.00072,"Databases"
"LAMA3","LAMB4",0.00054,"Databases"
"LAMA3","ITGA6",0.00065,"Databases"
"NCAPD2","NCAPG2",0.00054,"Databases"
"NCAPD2","SMC1B",0.000563,"Experiments"
"KLK4","KPNA2",0.000431,"Text-mining"
"TACC3","ENAH",0.000608,"Experiments"
"TACC3","CEP55",0.000693,"Experiments"
"FLNC","ACTN2",0.000618,"Text-mining"
"FLNC","ITGA6",0.00065,"Databases"
"FLNC","FBLIM1",0.000998,"Experiments + Databases"
"BMP8A","BMP7",0.000875,"Text-mining"
"TSEN54","RPP21",0.00054,"Databases"
"DCAF4L1","DCAF8L1",0.00054,"Databases"
"DCAF4L1","DET1",0.00054,"Databases"
"DCAF4L1","DCAF8L2",0.00054,"Databases"
"DCAF4L1","DTL",0.00054,"Databases"
"JAG2","PYCR1",0.000744,"Text-mining"
"PIF1","PCNA",0.000517,"Experiments"
"TRAIP","H2AX",0.000412,"Experiments"
"TRAIP","PCNA",0.000618,"Experiments"
"CDCA2","KPNA2",0.000587,"Experiments"
"KNTC1","ZWINT",0.000416,"Text-mining"
"KNTC1","CDCA8",0.000506,"Text-mining"
"DNMT3B","CDH8",0.000442,"Text-mining"
"DNMT3B","NR6A1",0.000541,"Text-mining"
"DNMT3B","H2BC15",0.000606,"Experiments + Databases"
"DNMT3B","H2BC11",0.000651,"Experiments + Databases"
"DNMT3B","H2BC9",0.000669,"Experiments + Databases"
"DNMT3B","HELLS",0.000724,"Experiments"
"DNMT3B","H2AX",0.000785,"Experiments + Databases"
"DNMT3B","EHMT2",0.000827,"Experiments"
"DNMT3B","H2BC17",0.000869,"Experiments + Databases"
"DNMT3B","UHRF1",0.000892,"Experiments"
"DNMT3B","H3C6",9e-04,"Experiments"
"DNMT3B","H3C10",9e-04,"Experiments"
"DNMT3B","H3C2",9e-04,"Experiments"
"DNMT3B","MAFG",0.000934,"Experiments"
"DNMT3B","DNMT1",0.000998,"Experiments + Databases"
"FOXK1","RBL1",0.000402,"Experiments"
"LIN9","E2F5",0.000628,"Databases"
"LIN9","MYBL1",0.000699,"Experiments"
"LIN9","RBL1",0.000739,"Experiments"
"LIN9","FOXM1",0.000764,"Experiments + Databases"
"MAPK8IP2","FGF13",0.000457,"Experiments"
"MAPK8IP2","TTLL4",0.000463,"Experiments"
"MAPK8IP2","KLC2",0.000715,"Experiments"
"MAPK8IP2","FGF12",0.000869,"Experiments"
"KPNA7","KPNA2",0.00054,"Databases"
"BCAN","ACAN",0.000978,"Text-mining"
"COL7A1","COL15A1",4e-04,"Databases"
"COL7A1","COL9A1",4e-04,"Databases"
"COL7A1","SERPINH1",0.000526,"Databases"
"GRIN2A","ACTN2",0.000499,"Databases"
"GRIN2A","GRIK4",0.000551,"Databases"
"GRIN2A","MPP3",0.000712,"Text-mining"
"OSBP2","BTNL8",0.000414,"Experiments"
"UNC5A","ADGRL1",0.000749,"Experiments"
"MAPK11","DUSP9",0.000454,"Experiments"
"MAPK11","MAPT",0.000457,"Experiments"
"MAPK11","CTNNA2",0.000499,"Databases"
"GNAL","OR51E1",0.000503,"Experiments + Databases"
"GNAL","OR51E2",0.000503,"Experiments + Databases"
"GNAL","GNAZ",0.00054,"Databases"
"GNAL","GNG4",0.000655,"Experiments + Databases"
"ERCC6L","CENPI",0.000475,"Experiments"
"ERCC6L","BLM",0.000725,"Experiments"
"ERCC6L","BEND3",9e-04,"Experiments"
"GLDN","NRCAM",0.00089,"Text-mining"
"CDKN3","CDK1",0.000462,"Experiments"
"RAD54B","RIBC2",0.000485,"Experiments"
"RAD54B","RAD54L",0.000931,"Databases"
"RAD54B","RAD51",0.000945,"Experiments"
"CENPA","CENPF",0.000489,"Text-mining"
"CENPA","KIF2C",0.000537,"Text-mining"
"CENPA","DSN1",0.000643,"Experiments"
"CENPA","H2AX",0.000678,"Experiments + Databases"
"CENPA","H2BC18",0.000735,"Experiments"
"CENPA","H3C10",8e-04,"Experiments"
"CENPA","H3C2",8e-04,"Experiments"
"CENPA","H2BC8",0.000807,"Experiments"
"CENPA","H2BC6",0.000807,"Experiments"
"CENPA","H3C6",0.000832,"Experiments"
"CENPA","H2BC9",0.000861,"Experiments + Databases"
"CENPA","H2BC15",0.000861,"Experiments + Databases"
"CENPA","H2BC17",0.000869,"Experiments + Databases"
"CENPA","CENPL",0.000899,"Experiments + Databases"
"CENPA","H2AC11",0.000907,"Experiments"
"CENPA","H2BC11",0.000907,"Experiments + Databases"
"CENPA","H2AC13",0.000907,"Experiments"
"CENPA","CENPO",0.000922,"Experiments + Databases"
"CENPA","H4C5",0.000956,"Experiments + Databases"
"CENPA","H4C14",0.000956,"Experiments + Databases"
"CENPA","H4C12",0.000956,"Experiments + Databases"
"CENPA","H4C8",0.000956,"Experiments + Databases"
"CENPA","CENPW",0.000964,"Experiments + Databases"
"CENPA","CENPK",0.000975,"Experiments + Databases"
"CENPA","CENPI",0.000984,"Experiments + Databases"
"CENPA","HJURP",0.000995,"Experiments + Databases"
"CDCA4","PPP2R2C",0.000644,"Experiments"
"PLCB1","GNG4",0.000567,"Databases"
"THBS4","PDGFA",0.000499,"Databases"
"MAPT","CDK1",0.000457,"Experiments"
"MAPT","MAP2",0.000457,"Experiments"
"MAPT","PACSIN1",0.000464,"Experiments"
"MAPT","SFN",0.00057,"Experiments"
"MAPT","ANXA2",0.000676,"Experiments"
"TRPC6","RNF24",0.000681,"Experiments"
"SFN","EXO1",0.000589,"Experiments"
"SFN","CDK1",0.00063,"Experiments + Databases"
"FOXM1","DEPDC1",0.000441,"Experiments"
"FOXM1","TK1",0.000459,"Text-mining"
"FOXM1","CCNA2",0.000766,"Text-mining"
"FOXM1","CDK1",0.00085,"Experiments"
"PKN1","H2BC11",0.000499,"Databases"
"PKN1","H2BC17",0.000499,"Databases"
"PKN1","H2AX",0.000499,"Databases"
"PKN1","H2BC9",0.000499,"Databases"
"PKN1","H2BC15",0.000499,"Databases"
"E2F1","KPNA2",0.000453,"Text-mining"
"E2F1","TP73",0.000457,"Experiments"
"E2F1","CDC20",0.000457,"Experiments"
"E2F1","E2F5",0.000535,"Experiments"
"E2F1","RBL1",0.000685,"Experiments"
"E2F1","CDKN2A",0.000742,"Experiments"
"E2F1","DNMT1",0.000913,"Experiments"
"E2F1","CCNA2",0.000987,"Experiments + Databases"
"E2F1","E2F2",0.000989,"Experiments + Databases"
"KCNJ11","INCENP",0.000631,"Text-mining"
"KCNJ11","ABCB5",0.000772,"Experiments"
"DUSP9","PPEF1",0.000418,"Text-mining"
"ANXA2","PCNA",0.000605,"Experiments"
"ANXA2","S100A10",0.000999,"Experiments + Databases"
"RPL22L1","RPL30",0.000495,"Experiments"
"VPS72","H2BC8",0.000438,"Experiments"
"VPS72","H2BC11",9e-04,"Experiments"
"PDGFA","COL9A1",0.000499,"Databases"
"PDGFA","COL4A2",0.000499,"Databases"
"PDGFA","COL4A1",0.000499,"Databases"
"PDGFA","SPP1",0.000499,"Databases"
"BLM","H2AX",0.000457,"Experiments"
"BLM","RFC4",0.000499,"Databases"
"BLM","XRCC3",0.000499,"Databases"
"BLM","RHNO1",0.000499,"Databases"
"BLM","RFC3",0.000499,"Databases"
"BLM","MSH5",0.000581,"Experiments + Databases"
"BLM","XRCC2",0.00063,"Experiments + Databases"
"BLM","RAD51",0.000797,"Experiments + Databases"
"BLM","BRCA2",8e-04,"Databases"
"BLM","FANCG",0.000809,"Experiments"
"BLM","FANCA",0.000815,"Experiments"
"BLM","DNA2",0.000899,"Experiments + Databases"
"BLM","EXO1",0.000951,"Experiments + Databases"
"DNM3","AP1M2",0.000499,"Databases"
"PDLIM7","TPM2",0.000455,"Experiments"
"PDLIM7","ARTN",0.000499,"Databases"
"PDLIM7","MYO1A",0.00054,"Databases"
"PDLIM7","TBX4",0.000642,"Text-mining"
"JPT1","STMN1",0.00042,"Experiments"
"CENPL","HJURP",0.000499,"Databases"
"CENPL","H2BC8",8e-04,"Experiments"
"CENPL","H2BC6",8e-04,"Experiments"
"CENPL","H4C12",8e-04,"Experiments"
"CENPL","H4C14",8e-04,"Experiments"
"CENPL","H4C8",8e-04,"Experiments"
"CENPL","H4C5",8e-04,"Experiments"
"CENPL","CENPW",0.000974,"Experiments + Databases"
"CENPL","CENPI",0.000995,"Experiments + Databases"
"CENPL","CENPK",0.000995,"Experiments + Databases"
"CENPL","CENPO",0.000996,"Experiments + Databases"
"PXDNL","CEL",0.000487,"Text-mining"
"UBE2C","PTTG1",0.000422,"Databases"
"UBE2C","TOP2A",0.00047,"Text-mining"
"UBE2C","NEK2",0.000499,"Databases"
"UBE2C","CCNA2",0.000499,"Databases"
"UBE2C","EHMT2",0.000499,"Databases"
"UBE2C","CDC20B",0.000545,"Databases"
"UBE2C","CDK1",0.000659,"Databases"
"UBE2C","RAD51",0.00072,"Databases"
"UBE2C","BRCA2",0.00072,"Databases"
"UBE2C","CUL7",9e-04,"Databases"
"UBE2C","CDC20",0.00097,"Experiments + Databases"
"MAGEA1","TRIM31",0.000807,"Experiments"
"SCRIB","DLG5",0.00082,"Databases"
"COL9A1","COL15A1",4e-04,"Databases"
"COL9A1","SERPINH1",0.000505,"Databases"
"COL9A1","COL2A1",0.000513,"Experiments"
"INKA2","DNASE1L2",0.000671,"Experiments"
"SMC1B","H2BC11",0.000499,"Databases"
"SMC1B","H2BC15",0.000499,"Databases"
"SMC1B","H2AX",0.000499,"Databases"
"SMC1B","H2BC9",0.000499,"Databases"
"SMC1B","H2BC17",0.000499,"Databases"
"SMC1B","SGO2",9e-04,"Databases"
"SGO2","KIF2C",0.000621,"Experiments"
"SGO2","CDCA8",0.000867,"Experiments"
"PRIM1","DNA2",0.000499,"Databases"
"PRIM1","RFC3",0.000499,"Databases"
"PRIM1","RFC4",0.000499,"Databases"
"PRIM1","MCM3",0.00072,"Databases"
"PRIM1","PCNA",0.00072,"Databases"
"PRIM1","POLG2",9e-04,"Databases"
"PRIM1","POLD1",0.000951,"Experiments + Databases"
"PRIM1","PRIM2",0.000999,"Experiments + Databases"
"DNA2","XRCC2",0.000499,"Databases"
"DNA2","RHNO1",0.000499,"Databases"
"DNA2","RFC3",0.000499,"Databases"
"DNA2","PCNA",0.000499,"Databases"
"DNA2","POLD1",0.000499,"Databases"
"DNA2","PRIM2",0.000499,"Databases"
"DNA2","XRCC3",0.000499,"Databases"
"DNA2","RFC4",0.000499,"Databases"
"DNA2","BRCA2",0.000499,"Databases"
"DNA2","RAD51",0.000575,"Experiments + Databases"
"DNA2","MCM10",0.000597,"Text-mining"
"DNA2","EXO1",0.000855,"Databases"
"DNA2","WDHD1",0.000879,"Experiments"
"H2AC13","H2BC15",0.000492,"Experiments + Databases"
"H2AC13","H2BC9",0.000494,"Experiments + Databases"
"H2AC13","USP21",0.000499,"Databases"
"H2AC13","H2BC17",0.000613,"Experiments + Databases"
"H2AC13","H2BC6",0.000906,"Experiments"
"H2AC13","H4C5",0.000907,"Experiments"
"H2AC13","NSD2",0.000907,"Experiments"
"H2AC13","H4C8",0.000907,"Experiments"
"H2AC13","H4C14",0.000907,"Experiments"
"H2AC13","H4C12",0.000907,"Experiments"
"H2AC13","H2BC8",0.000936,"Experiments"
"H2AC13","H2AC11",0.000939,"Experiments"
"H2AC13","H2BC18",0.000942,"Experiments + Databases"
"H2AC13","H2BC11",0.000967,"Experiments + Databases"
"SYN3","PPFIA4",0.000499,"Databases"
"NOL12","RPL30",0.000422,"Experiments"
"H2AC11","H4C5",0.000907,"Experiments"
"H2AC11","NSD2",0.000907,"Experiments"
"H2AC11","H4C8",0.000907,"Experiments"
"H2AC11","H2BC18",0.000907,"Experiments"
"H2AC11","H4C14",0.000907,"Experiments"
"H2AC11","H2BC6",0.000911,"Experiments"
"H2AC11","H4C12",0.000916,"Experiments"
"H2AC11","H2BC8",0.00094,"Experiments"
"H2AC11","H2BC11",0.000947,"Experiments"
"XRCC2","EXO1",0.000499,"Databases"
"XRCC2","BRCA2",0.000885,"Databases"
"XRCC2","RAD51",0.000938,"Experiments + Databases"
"XRCC2","XRCC3",0.000984,"Databases"
"DNMT1","HMGA2",0.000426,"Text-mining"
"DNMT1","CHEK1",0.000457,"Experiments"
"DNMT1","H2BC11",0.000499,"Databases"
"DNMT1","H2BC17",0.000499,"Databases"
"DNMT1","H2BC15",0.000499,"Databases"
"DNMT1","H2BC9",0.000564,"Experiments + Databases"
"DNMT1","PAX6",0.000678,"Experiments"
"DNMT1","H2AX",0.000777,"Experiments + Databases"
"DNMT1","H3C2",9e-04,"Experiments"
"DNMT1","H3C10",9e-04,"Experiments"
"DNMT1","H3C6",9e-04,"Experiments"
"DNMT1","PCNA",0.000966,"Experiments"
"DNMT1","EHMT2",0.00099,"Experiments"
"DNMT1","UHRF1",0.000999,"Experiments + Databases"
"CPLX2","VAMP1",0.00054,"Databases"
"AKR1B10","AKR1B15",0.000478,"Experiments"
"ZSWIM5","PRAME",0.00054,"Databases"
"COL4A2","LOXL2",0.000405,"Experiments"
"COL4A2","BMP7",0.000452,"Text-mining"
"COL4A2","COL15A1",0.00054,"Databases"
"COL4A2","SERPINH1",0.000603,"Experiments + Databases"
"COL4A2","COL4A1",0.000999,"Experiments + Databases"
"RRM2","CDK1",0.000661,"Experiments"
"RRM2","CCNF",0.000685,"Experiments"
"WDHD1","HJURP",0.000432,"Text-mining"
"WDHD1","POLD1",0.000502,"Experiments"
"WDHD1","DIAPH3",0.000569,"Text-mining"
"WDHD1","DDX11",0.000607,"Experiments"
"WDHD1","MCM3",0.000896,"Experiments"
"WDHD1","GINS3",0.000958,"Experiments"
"WDHD1","MCM10",0.000978,"Experiments"
"WDHD1","CDC45",0.000995,"Experiments"
"WHRN","GPSM2",0.00066,"Experiments"
"NRG2","GABRQ",0.000499,"Databases"
"NRG2","GABRG2",0.000499,"Databases"
"E2F2","E2F5",0.000622,"Experiments"
"E2F2","RBL1",0.000637,"Experiments"
"SMG5","SNRPE",0.00054,"Databases"
"SMG5","SNRPB",0.00054,"Databases"
"EXO1","XRCC3",0.000499,"Databases"
"EXO1","RHNO1",0.000499,"Databases"
"EXO1","CDK1",0.000531,"Experiments"
"EXO1","RAD51",0.000538,"Databases"
"EXO1","RFC3",0.000543,"Databases"
"EXO1","RFC4",0.000588,"Databases"
"EXO1","BRCA2",0.000628,"Databases"
"EXO1","PCNA",0.000848,"Experiments + Databases"
"CHML","RAB3B",0.000528,"Experiments + Databases"
"ACTN2","RASGRF1",4e-04,"Databases"
"ACTN2","TOP2A",0.000414,"Text-mining"
"ACTN2","CDK1",0.000416,"Text-mining"
"ACTN2","TPM2",0.00044,"Experiments"
"COA6","COX7B2",0.000501,"Experiments + Databases"
"COA6","C1orf198",0.000514,"Experiments + Databases"
"COA6","COX4I2",0.000684,"Experiments + Databases"
"C1orf198","COX4I2",0.000623,"Experiments + Databases"
"ENAH","ROBO1",0.000499,"Databases"
"CENPF","MKI67",0.000448,"Experiments"
"CENPF","KIF2C",0.00047,"Text-mining"
"CENPF","FBF1",0.00054,"Databases"
"CENPF","ZWINT",0.000584,"Text-mining"
"DTL","CHEK1",0.000457,"Experiments"
"DTL","RFC3",0.000499,"Databases"
"DTL","POLD1",0.000499,"Databases"
"DTL","RFC4",0.000499,"Databases"
"DTL","DCAF8L2",0.00054,"Databases"
"DTL","DCAF8L1",0.00054,"Databases"
"DTL","DET1",9e-04,"Databases"
"DTL","PCNA",0.000979,"Experiments + Databases"
"NEK2","CDC20",0.000861,"Experiments + Databases"
"KISS1","GRPR",0.000402,"Text-mining"
"KIF14","HJURP",0.000405,"Experiments"
"KIF14","KIF4A",0.000413,"Experiments"
"KIF14","RACGAP1",0.000455,"Experiments"
"KIF14","KLC2",0.00054,"Databases"
"KIF14","KIF5A",0.00054,"Databases"
"KIF14","KIF21B",0.00054,"Databases"
"KIF14","KIF18B",0.00054,"Databases"
"KIF14","KIFC1",0.00054,"Databases"
"KIF14","KIF2C",0.00066,"Experiments + Databases"
"KIF14","KIF20A",0.000756,"Experiments + Databases"
"KIF14","PRC1",0.000902,"Experiments + Databases"
"ASPM","TOP2A",0.000477,"Text-mining"
"ASPM","WDR62",0.000798,"Experiments"
"CACNA1E","CATSPER2",0.00054,"Databases"
"CACNA1E","CACNB4",0.000592,"Experiments + Databases"
"CACYBP","APC2",0.00054,"Databases"
"USP21","BEND3",0.00042,"Experiments"
"BGLAP","GPR158",0.000607,"Text-mining"
"BGLAP","SPP1",0.000913,"Text-mining"
"CENPW","HJURP",0.000499,"Databases"
"CENPW","H4C5",8e-04,"Experiments"
"CENPW","H4C8",8e-04,"Experiments"
"CENPW","H4C12",8e-04,"Experiments"
"CENPW","H4C14",8e-04,"Experiments"
"CENPW","H2BC6",8e-04,"Experiments"
"CENPW","H2BC8",8e-04,"Experiments"
"CENPW","CENPO",0.000972,"Experiments + Databases"
"CENPW","CENPK",0.000979,"Experiments + Databases"
"CENPW","CENPI",0.000985,"Experiments + Databases"
"EFNA3","EFNA4",4e-04,"Databases"
"EFNA3","EPHB2",0.000562,"Databases"
"EFNA3","EPHA10",0.000861,"Databases"
"PYGO2","H3C2",0.000903,"Experiments"
"PYGO2","H3C6",0.000903,"Experiments"
"PYGO2","H3C10",0.000903,"Experiments"
"EBF3","EBF2",0.000459,"Experiments"
"MKI67","TOP2A",0.000474,"Text-mining"
"S100A10","HTR1D",0.000435,"Text-mining"
"PSMD4","NUPR1",0.000457,"Experiments"
"PSMD4","UBD",0.000825,"Experiments + Databases"
"SCNM1","SNRPE",8e-04,"Experiments"
"SCNM1","SNRPB",8e-04,"Experiments"
"DMBT1","PACC1",0.000418,"Text-mining"
"SEMA6C","PLXNA3",0.000469,"Experiments"
"SEMA6C","PLXNA1",0.000835,"Experiments"
"H3C10","H2BC8",0.000807,"Experiments"
"H3C10","H2BC6",0.000807,"Experiments"
"H3C10","H3C6",9e-04,"Experiments"
"H3C10","UHRF1",9e-04,"Experiments"
"H3C10","H2BC11",0.000903,"Experiments"
"H3C10","H2AX",0.000906,"Experiments"
"H3C10","EHMT2",0.000913,"Experiments"
"H3C10","H3C2",0.000921,"Experiments"
"H3C10","H4C8",0.000942,"Experiments"
"H3C10","H4C5",0.000942,"Experiments"
"H3C10","H4C12",0.000942,"Experiments"
"H3C10","H4C14",0.000965,"Experiments"
"GJA10","GJC1",0.000401,"Databases"
"PLXNA3","SEMA5B",0.000413,"Experiments"
"PLXNA3","PLXNA1",0.000578,"Databases"
"IRAK1","SPP1",0.000408,"Text-mining"
"GABRA3","GABRE",0.00054,"Databases"
"GABRA3","GABRR3",0.000543,"Databases"
"GABRA3","GABRQ",0.000577,"Experiments + Databases"
"GABRA3","GABRD",0.000577,"Experiments + Databases"
"GABRA3","GABRG2",0.000637,"Experiments + Databases"
"GABRE","GABRG2",0.00054,"Databases"
"GABRE","GABRR3",0.000541,"Databases"
"GABRE","GABRD",0.000577,"Experiments + Databases"
"GABRE","GABRQ",0.000577,"Experiments + Databases"
"FATE1","RNF183",0.000477,"Experiments"
"COL24A1","SERPINH1",0.000525,"Databases"
"LRRC1","RECQL4",0.000457,"Experiments"
"CEP55","CDC45",0.000405,"Experiments"
"CEP55","RACGAP1",0.000526,"Text-mining"
"ORC1","H4C14",0.000429,"Experiments"
"ORC1","MCM10",0.000516,"Experiments + Databases"
"ORC1","CCNA2",0.000524,"Experiments"
"ORC1","H2AX",0.000526,"Experiments + Databases"
"ORC1","H2BC11",0.000547,"Experiments + Databases"
"ORC1","H2BC17",0.000547,"Experiments + Databases"
"ORC1","H2BC15",0.000547,"Experiments + Databases"
"ORC1","H2BC9",0.000547,"Experiments + Databases"
"ORC1","MCM8",0.00063,"Experiments + Databases"
"ORC1","CDK1",0.000668,"Experiments + Databases"
"ORC1","MCM3",0.000775,"Experiments + Databases"
"ORC1","CDC7",0.000799,"Experiments + Databases"
"ORC1","CDC45",8e-04,"Experiments + Databases"
"STIL","CEP152",0.000576,"Experiments + Databases"
"RAD54L","CDK1",0.000408,"Text-mining"
"RAD54L","RAD51",0.000732,"Experiments"
"KIF2C","CDCA8",0.000415,"Experiments"
"KIF2C","KLC2",0.00054,"Databases"
"KIF2C","KIF21B",0.00054,"Databases"
"KIF2C","KIF5A",0.00054,"Databases"
"KIF2C","KIFC1",0.000548,"Databases"
"KIF2C","KIF20A",0.000549,"Databases"
"KIF2C","KIF18B",0.000926,"Experiments + Databases"
"CDC20","TK1",0.00041,"Experiments"
"CDC20","KIF20A",0.000463,"Text-mining"
"CDC20","SPATC1",0.000497,"Experiments"
"CDC20","RAD51",0.00054,"Databases"
"CDC20","CDC20B",0.00054,"Databases"
"CDC20","BRCA2",0.00054,"Databases"
"CDC20","CUL7",0.00054,"Databases"
"CDC20","PCNA",0.000651,"Experiments"
"CDC20","CKS2",0.00067,"Experiments"
"CDC20","PTTG1",0.000834,"Experiments + Databases"
"CDC20","CDK1",0.000972,"Experiments + Databases"
"CDC20","CCNA2",0.000997,"Experiments + Databases"
"CENPI","CDCA8",0.000431,"Text-mining"
"CENPI","HJURP",0.000499,"Databases"
"CENPI","H4C5",8e-04,"Experiments"
"CENPI","H4C8",8e-04,"Experiments"
"CENPI","H4C14",8e-04,"Experiments"
"CENPI","H4C12",8e-04,"Experiments"
"CENPI","H2BC6",0.000801,"Experiments"
"CENPI","H2BC8",0.000801,"Experiments"
"CENPI","CENPO",0.000998,"Experiments + Databases"
"CENPI","CENPK",0.000999,"Experiments + Databases"
"LCN2","LOXL2",0.000412,"Text-mining"
"EPHA10","EPHB2",0.000499,"Databases"
"EPHA10","EFNA4",0.00086,"Databases"
"CDCA8","CDK1",0.00041,"Text-mining"
"CDCA8","KIF20A",0.000434,"Experiments"
"CDCA8","KCNJ6",0.00088,"Text-mining"
"CDCA8","INCENP",0.000998,"Experiments + Databases"
"GLP1R","GNG4",0.000506,"Experiments + Databases"
"RBL1","CCNE2",0.000499,"Databases"
"RBL1","CCNA2",0.00078,"Experiments + Databases"
"RBL1","E2F5",0.000989,"Experiments + Databases"
"ZWINT","BFSP1",0.000598,"Experiments"
"ZWINT","SPC24",0.000868,"Experiments + Databases"
"ZWINT","DSN1",0.000868,"Experiments + Databases"
"TNFSF15","TNFRSF25",0.000999,"Experiments + Databases"
"KIF4A","BRCA2",0.000534,"Experiments"
"KIF4A","PRC1",0.000634,"Experiments"
"KIF4A","KIF20A",0.00076,"Text-mining"
"COL15A1","COL4A1",0.00054,"Databases"
"COL15A1","SERPINH1",0.000582,"Databases"
"ACTL8","ACTG2",0.00054,"Databases"
"NEU1","NMB",0.000412,"Text-mining"
"MSH5","HJURP",0.000405,"Text-mining"
"MSH5","BRCA2",0.000499,"Databases"
"CKS2","PLEKHG2",0.00047,"Experiments"
"CKS2","CCNA2",0.000894,"Experiments"
"CKS2","CDK1",0.000998,"Experiments"
"COL4A1","SERPINH1",0.000526,"Databases"
"SHC3","ARTN",4e-04,"Databases"
"COX4I2","COX7B2",0.000689,"Experiments + Databases"
"ARHGAP39","ROBO1",0.000548,"Databases"
"SLC22A12","NDUFA13",0.000629,"Experiments"
"TP73","E2F5",4e-04,"Text-mining"
"TP73","DSN1",0.000435,"Experiments"
"GABRD","GABRQ",0.00054,"Databases"
"GABRD","GABRR3",0.00054,"Databases"
"GABRD","GABRG2",0.000577,"Experiments + Databases"
"FANCG","EME1",0.000499,"Databases"
"FANCG","EME2",0.000499,"Databases"
"FANCG","POLN",0.00063,"Experiments + Databases"
"FANCG","XRCC3",0.000827,"Experiments"
"FANCG","BRCA2",0.00096,"Experiments"
"FANCG","UBE2T",0.00098,"Experiments + Databases"
"FANCG","FAAP24",0.000991,"Experiments + Databases"
"FANCG","FANCB",0.000999,"Experiments + Databases"
"FANCG","FANCA",0.000999,"Experiments + Databases"
"MCM8","CDK1",0.000499,"Databases"
"MCM8","GINS3",5e-04,"Experiments"
"MCM8","CDC7",0.000638,"Experiments + Databases"
"MCM8","MCM10",0.000646,"Experiments + Databases"
"MCM8","CDC45",0.000709,"Experiments + Databases"
"MCM8","MCM3",0.000948,"Experiments + Databases"
"NR0B1","RPL36A",0.00072,"Databases"
"NR0B1","RPL30",0.00072,"Databases"
"NRCAM","SCN4A",0.000499,"Databases"
"NRCAM","KCNQ3",0.000499,"Databases"
"NRCAM","PLXNA1",0.000547,"Text-mining"
"NRCAM","CNTNAP4",0.00079,"Text-mining"
"PCNA","CDC45",0.000451,"Experiments"
"PCNA","CCNA2",0.000528,"Experiments"
"PCNA","PSMC3IP",0.00054,"Databases"
"PCNA","RAD51",0.000565,"Experiments"
"PCNA","POLN",0.000592,"Experiments"
"PCNA","CCNE2",0.00067,"Experiments"
"PCNA","CDK1",0.000677,"Experiments"
"PCNA","MCM3",0.00072,"Databases"
"PCNA","PRIM2",0.00072,"Databases"
"PCNA","POLD1",0.000983,"Experiments + Databases"
"PCNA","RFC3",0.00099,"Experiments + Databases"
"PCNA","RFC4",0.000993,"Experiments + Databases"
"RFC3","RHNO1",0.000499,"Databases"
"RFC3","PRIM2",0.000499,"Databases"
"RFC3","POLD1",0.000499,"Databases"
"RFC3","RFC4",0.000999,"Experiments + Databases"
"BRCA2","DSN1",0.000457,"Experiments"
"BRCA2","H2BC15",0.000499,"Databases"
"BRCA2","H2BC9",0.000499,"Databases"
"BRCA2","H2BC11",0.000499,"Databases"
"BRCA2","H2BC17",0.000499,"Databases"
"BRCA2","CDC45",0.000527,"Experiments"
"BRCA2","CDC20B",0.00054,"Databases"
"BRCA2","FANCA",0.000637,"Text-mining"
"BRCA2","POLD1",0.000664,"Databases"
"BRCA2","CUL7",0.00072,"Databases"
"BRCA2","CCNA2",0.000728,"Experiments"
"BRCA2","HMMR",0.000815,"Text-mining"
"BRCA2","H2AX",0.000894,"Experiments + Databases"
"BRCA2","XRCC3",0.000977,"Experiments + Databases"
"BRCA2","RAD51",0.000999,"Experiments + Databases"
"GRPR","NMB",0.000726,"Databases"
"COL2A1","SERPINH1",0.000608,"Databases"
"CENPO","HJURP",0.000499,"Databases"
"CENPO","H4C8",8e-04,"Experiments"
"CENPO","H4C5",8e-04,"Experiments"
"CENPO","H2BC6",8e-04,"Experiments"
"CENPO","H4C14",8e-04,"Experiments"
"CENPO","H4C12",8e-04,"Experiments"
"CENPO","H2BC8",8e-04,"Experiments"
"CENPO","CENPK",0.000999,"Experiments + Databases"
"CDX2","PAX6",0.000473,"Experiments"
"CDC20B","RAD51",0.00054,"Databases"
"CDC20B","CUL7",0.00054,"Databases"
"ESM1","IGF2BP2",0.000412,"Text-mining"
"LZTS1","CDK1",0.000549,"Experiments"
"BAIAP2L2","AP1M2",0.00054,"Databases"
"CATSPER2","CACNB4",0.000749,"Experiments + Databases"
"FBXL18","FBXL16",0.000459,"Experiments"
"PPP2R2C","PPP4R3C",0.00054,"Databases"
"PPP2R2C","PPP2R3B",0.000634,"Databases"
"MSX1","OSR2",0.000403,"Text-mining"
"MSX1","EHMT2",0.000459,"Text-mining"
"NSD2","H2BC9",0.000502,"Experiments + Databases"
"NSD2","H2BC17",0.000502,"Experiments + Databases"
"NSD2","H2BC15",0.000502,"Experiments + Databases"
"NSD2","H2AX",0.000523,"Experiments + Databases"
"NSD2","H4C8",0.000802,"Experiments"
"NSD2","H4C5",0.000802,"Experiments"
"NSD2","H4C12",0.000802,"Experiments"
"NSD2","H4C14",0.000802,"Experiments"
"NSD2","H2BC11",0.000896,"Experiments + Databases"
"CSPG5","COLEC12",0.000433,"Experiments"
"LAMB4","ITGA6",0.00065,"Databases"
"FAM83H","MROH1",0.00042,"Text-mining"
"FANCA","CDK1",0.000457,"Experiments"
"FANCA","EME2",0.000499,"Databases"
"FANCA","EME1",0.000499,"Databases"
"FANCA","POLN",0.00063,"Experiments + Databases"
"FANCA","UBE2T",0.000989,"Experiments + Databases"
"FANCA","FANCB",0.000999,"Experiments + Databases"
"FANCA","FAAP24",0.000999,"Experiments + Databases"
"PPP2R3B","PPP4R3C",0.00054,"Databases"
"CCL25","CXCL17",0.000734,"Experiments"
"RFC4","PRIM2",0.000499,"Databases"
"RFC4","POLD1",0.000499,"Databases"
"RFC4","RHNO1",0.000499,"Databases"
"ECT2","CDK1",0.000503,"Text-mining"
"ECT2","RACGAP1",0.000998,"Experiments + Databases"
"EME1","FANCB",0.000499,"Databases"
"EME1","FAAP24",0.000499,"Databases"
"EME1","EME2",0.00098,"Databases"
"PLXNA1","SEMA5B",0.000617,"Experiments"
"HMMR","FAM83D",0.000764,"Experiments"
"USP49","H2BC11",0.000499,"Databases"
"USP49","H2BC18",0.000499,"Databases"
"USP49","H2BC9",0.000499,"Databases"
"USP49","H2BC17",0.000499,"Databases"
"USP49","H2BC15",0.000499,"Databases"
"GPC3","IGF2",0.000762,"Text-mining"
"INCENP","KIF20A",0.000967,"Experiments"
"INCENP","KCNJ6",0.00098,"Text-mining"
"KIF20A","KIF5A",0.00054,"Databases"
"KIF20A","KIF21B",0.00054,"Databases"
"KIF20A","KLC2",0.00054,"Databases"
"KIF20A","KIF18B",0.00054,"Databases"
"KIF20A","KIFC1",0.000572,"Databases"
"KIF20A","RACGAP1",0.000931,"Experiments + Databases"
"CCL26","CXCL17",0.000734,"Experiments"
"SPP1","MDK",0.000503,"Text-mining"
"SPP1","IGF2",0.000739,"Text-mining"
"PFDN6","KIF21B",0.000418,"Experiments"
"PFDN6","TUBA3C",0.000499,"Databases"
"CDK1","HMGA1",0.000457,"Experiments"
"CDK1","FAM83D",0.000469,"Text-mining"
"CDK1","PLEKHG2",0.00047,"Experiments"
"CDK1","H2AX",0.000475,"Text-mining"
"CDK1","TK1",0.000485,"Text-mining"
"CDK1","CDKN2A",0.000524,"Text-mining"
"CDK1","RACGAP1",0.000533,"Experiments"
"CDK1","PBK",0.000537,"Experiments"
"CDK1","CCNE2",0.000696,"Experiments"
"CDK1","CCNF",0.000707,"Experiments"
"CDK1","TOP2A",0.000822,"Text-mining"
"CDK1","CCNA2",0.000999,"Experiments + Databases"
"EHMT2","BANF2",0.000408,"Text-mining"
"EHMT2","H3C6",0.000903,"Experiments"
"EHMT2","H3C2",0.000913,"Experiments"
"EHMT2","UHRF1",0.000986,"Experiments"
"BMP7","KCP",0.000404,"Text-mining"
"CCHCR1","IQCC",0.00067,"Experiments"
"CENPK","HJURP",0.000686,"Databases"
"CENPK","H4C14",8e-04,"Experiments"
"CENPK","H4C5",8e-04,"Experiments"
"CENPK","H4C12",8e-04,"Experiments"
"CENPK","H2BC6",8e-04,"Experiments"
"CENPK","H2BC8",8e-04,"Experiments"
"CENPK","H4C8",8e-04,"Experiments"
"CDH24","CDH8",0.00054,"Databases"
"CDH24","APC2",0.00054,"Databases"
"CDH24","CTNNA2",0.000552,"Databases"
"CFAP53","RIBC2",0.000802,"Experiments"
"KCNU1","KCNN1",9e-04,"Databases"
"KCNU1","KCNN3",9e-04,"Databases"
"EPHB2","SPSB2",0.000465,"Experiments"
"EPHB2","CACNB4",0.000626,"Text-mining"
"EPHB2","EFNA4",0.000757,"Databases"
"CTNNA2","APC2",0.00054,"Databases"
"CTNNA2","SAPCD1",0.00057,"Experiments"
"CTNNA2","CDH8",0.000802,"Experiments + Databases"
"BLVRA","DNASE1L2",0.000578,"Experiments"
"ADRA2C","GNAZ",0.000499,"Databases"
"ADRA2C","GNG4",0.00052,"Experiments + Databases"
"TONSL","H2AX",0.00042,"Experiments"
"TONSL","H4C8",9e-04,"Experiments"
"TONSL","H4C5",9e-04,"Experiments"
"TONSL","H4C14",9e-04,"Experiments"
"TONSL","H4C12",0.000912,"Experiments"
"SAPCD2","GPSM1",4e-04,"Experiments"
"ACTG2","TPM2",0.000557,"Experiments + Databases"
"NCAPG2","H2BC11",0.000499,"Databases"
"NCAPG2","H2BC17",0.000499,"Databases"
"NCAPG2","H2BC9",0.000499,"Databases"
"NCAPG2","H2AX",0.000499,"Databases"
"NCAPG2","H2BC15",0.000499,"Databases"
"SLC12A5","NETO2",0.000621,"Text-mining"
"DSN1","SPC24",0.000845,"Experiments + Databases"
"CHEK1","CCNE2",0.000441,"Text-mining"
"CHEK1","MCM3",0.000547,"Experiments"
"CHEK1","RHNO1",8e-04,"Databases"
"CHEK1","RAD51",0.000903,"Experiments"
"IGF2","IGF2BP2",0.000972,"Text-mining"
"PLEKHG2","CCNA2",0.000568,"Experiments"
"CDC7","CDKN2A",0.000824,"Experiments"
"CDC7","CDC45",0.000872,"Databases"
"CDC7","MCM10",0.000896,"Experiments + Databases"
"CDC7","MCM3",0.000908,"Experiments + Databases"
"KIFC1","KPNA2",0.000461,"Experiments"
"KIFC1","KIF21B",0.00054,"Databases"
"KIFC1","KIF5A",0.00054,"Databases"
"KIFC1","KIF18B",0.00054,"Databases"
"KIFC1","KLC2",0.000564,"Databases"
"FGF13","FGF12",0.000463,"Text-mining"
"SCN4A","GRIK4",0.00054,"Databases"
"E2F5","CCNE2",0.000499,"Databases"
"E2F5","CCNA2",0.000499,"Databases"
"GNG4","KCNJ5",0.000532,"Experiments + Databases"
"GNG4","KCNJ6",0.000568,"Experiments + Databases"
"GNG4","GNAZ",0.000656,"Experiments + Databases"
"KLC2","KIF18B",0.00054,"Databases"
"KLC2","KIF21B",0.00054,"Databases"
"KLC2","KIF5A",0.000995,"Experiments + Databases"
"HMGA1","CUL7",0.000457,"Experiments"
"HMGA1","HMGA2",0.000846,"Databases"
"SNRPE","DDX39B",0.00072,"Databases"
"SNRPE","SNRPB",0.000999,"Experiments + Databases"
"GINS3","RECQL4",0.000457,"Experiments"
"GINS3","MCMDC2",5e-04,"Experiments"
"GINS3","MCM3",0.000989,"Experiments + Databases"
"GINS3","CDC45",0.000999,"Experiments + Databases"
"L3MBTL1","H4C12",9e-04,"Experiments"
"L3MBTL1","H4C8",9e-04,"Experiments"
"L3MBTL1","H4C5",9e-04,"Experiments"
"L3MBTL1","H4C14",0.000946,"Experiments"
"RPL36A","RECQL4",0.000457,"Experiments"
"RPL36A","RPS10",0.000867,"Experiments"
"RPL36A","RPL30",0.000987,"Experiments + Databases"
"DCAF8L1","DCAF8L2",0.00054,"Databases"
"DCAF8L1","DET1",0.00054,"Databases"
"CDC45","MCMDC2",0.000442,"Experiments"
"CDC45","POLD1",0.000625,"Experiments"
"CDC45","CDKN2A",0.000731,"Experiments"
"CDC45","RECQL4",0.000869,"Experiments"
"CDC45","MCM10",0.000998,"Experiments + Databases"
"CDC45","MCM3",0.000998,"Experiments + Databases"
"KIF5A","KIF21B",0.00054,"Databases"
"KIF5A","KIF18B",0.00054,"Databases"
"IGF2BP2","HMGA2",0.000978,"Text-mining"
"STMN1","TPM2",0.000414,"Experiments"
"GABRG2","GABRR3",0.000543,"Databases"
"GABRG2","GABRQ",0.000578,"Experiments + Databases"
"FIGNL1","RAD51",0.000457,"Experiments"
"TOP2A","FBXO32",0.000405,"Experiments"
"TOP2A","H2BC9",0.000417,"Experiments"
"TOP2A","CCNA2",0.000654,"Text-mining"
"GPR35","CXCL17",0.000897,"Text-mining"
"KIF21B","KIF18B",0.00054,"Databases"
"SNRPB","DDX39B",0.000756,"Experiments + Databases"
"MCMDC2","MCM3",0.000505,"Experiments"
"HJURP","H4C14",9e-04,"Experiments"
"HJURP","H4C8",9e-04,"Experiments"
"HJURP","H4C5",9e-04,"Experiments"
"HJURP","H4C12",0.000912,"Experiments"
"MCM10","CDKN2A",0.000707,"Experiments"
"MCM10","RECQL4",0.000951,"Experiments"
"MCM10","MCM3",0.000972,"Experiments + Databases"
"CDKN2A","CDK5RAP3",0.000457,"Experiments"
"RPL30","CUL7",0.000402,"Experiments"
"RPL30","RECQL4",0.000457,"Experiments"
"RPL30","BOP1",0.000615,"Experiments"
"RPL30","RPS10",0.000936,"Experiments"
"CLVS1","AP1M2",0.000499,"Databases"
"DLX6","DLX5",8e-04,"Databases"
"PBK","H2AX",0.000408,"Experiments"
"CCNE2","CCNA2",0.000661,"Databases"
"EBF2","SIX1",0.000418,"Text-mining"
"MUC15","MUC13",0.000405,"Text-mining"
"KCNJ5","KCNJ6",0.00092,"Databases"
"H2AX","H2BC15",0.000439,"Experiments + Databases"
"H2AX","RPS10",0.000441,"Experiments"
"H2AX","PHF19",0.000499,"Databases"
"H2AX","H2BC9",0.000559,"Experiments + Databases"
"H2AX","H2BC17",0.000589,"Experiments + Databases"
"H2AX","UHRF1",0.00063,"Experiments + Databases"
"H2AX","RAD51",0.000799,"Experiments + Databases"
"H2AX","H3C6",0.000906,"Experiments"
"H2AX","H4C12",0.000907,"Experiments"
"H2AX","H4C8",0.000907,"Experiments"
"H2AX","H4C5",0.000907,"Experiments"
"H2AX","H4C14",0.000925,"Experiments"
"H2AX","H3C2",0.000931,"Experiments"
"H2AX","H2BC11",0.000952,"Experiments + Databases"
"POLN","FANCB",0.000499,"Databases"
"POLN","FAAP24",0.000499,"Databases"
"CUL7","RPS10",0.000529,"Experiments"
"CUL7","RAD51",0.00072,"Databases"
"POLG2","MCM3",0.00072,"Databases"
"POLG2","POLD1",9e-04,"Databases"
"POLG2","PRIM2",9e-04,"Databases"
"APC2","CDH8",0.000555,"Databases"
"H2BC8","H2BC15",8e-04,"Experiments"
"H2BC8","H3C2",0.000807,"Experiments"
"H2BC8","H3C6",0.000807,"Experiments"
"H2BC8","H2BC18",0.000812,"Experiments"
"H2BC8","H2BC9",0.000819,"Experiments"
"H2BC8","H2BC17",0.00083,"Experiments"
"H2BC8","H2BC6",9e-04,"Experiments"
"H2BC8","H4C12",0.000908,"Experiments"
"H2BC8","H4C14",0.000908,"Experiments"
"H2BC8","H4C5",0.000908,"Experiments"
"H2BC8","H4C8",0.000908,"Experiments"
"H2BC18","DET1",0.000622,"Text-mining"
"H2BC18","H2BC6",8e-04,"Experiments"
"H2BC18","H2BC17",8e-04,"Experiments"
"H2BC18","H2BC15",8e-04,"Experiments"
"H2BC18","H2BC9",8e-04,"Experiments"
"H2BC18","H4C14",0.000817,"Experiments"
"H2BC18","H4C12",0.000817,"Experiments"
"H2BC18","H4C5",0.000817,"Experiments"
"H2BC18","H4C8",0.000817,"Experiments"
"XRCC3","RAD51",0.000969,"Experiments + Databases"
"DET1","DCAF8L2",0.00054,"Databases"
"DET1","H2BC15",0.000622,"Text-mining"
"DET1","H2BC17",0.000622,"Text-mining"
"DET1","H2BC9",0.000622,"Text-mining"
"DET1","H2BC11",0.000622,"Text-mining"
"EME2","FANCB",0.000499,"Databases"
"EME2","FAAP24",0.00063,"Experiments + Databases"
"H4C14","H2BC9",0.000817,"Experiments"
"H4C14","H2BC15",0.000817,"Experiments"
"H4C14","H2BC6",0.000908,"Experiments"
"H4C14","H2BC17",0.000908,"Experiments"
"H4C14","H3C6",0.000942,"Experiments"
"H4C14","H4C8",0.000952,"Experiments + Databases"
"H4C14","H4C5",0.000952,"Experiments + Databases"
"H4C14","H4C12",0.000952,"Experiments + Databases"
"H4C14","H2BC11",0.000956,"Experiments + Databases"
"H4C14","H3C2",0.000964,"Experiments"
"AP1M2","AP5Z1",0.00054,"Databases"
"FAAP24","UBE2T",0.000877,"Databases"
"FAAP24","FANCB",0.000998,"Experiments + Databases"
"TNNT1","NEB",0.000499,"Databases"
"TNNT1","TPM2",0.000546,"Experiments + Databases"
"GJC1","GJA5",0.00099,"Databases"
"GABRQ","GABRR3",0.00054,"Databases"
"POLD1","MCM3",0.00087,"Experiments + Databases"
"POLD1","PRIM2",0.000957,"Experiments + Databases"
"MAGEA3","MAGEA6",0.000424,"Experiments"
"H2BC11","H2BC15",4e-04,"Databases"
"H2BC11","H2BC9",0.000481,"Experiments + Databases"
"H2BC11","UHRF1",0.000499,"Databases"
"H2BC11","PHF19",0.000499,"Databases"
"H2BC11","RAD51",0.000499,"Databases"
"H2BC11","H2BC17",0.00051,"Experiments + Databases"
"H2BC11","H3C6",0.000903,"Experiments"
"H2BC11","H3C2",0.000903,"Experiments"
"H2BC11","H4C5",0.000956,"Experiments + Databases"
"H2BC11","H4C8",0.000956,"Experiments + Databases"
"H2BC11","H4C12",0.000956,"Experiments + Databases"
"KCNN1","KCNN3",9e-04,"Databases"
"H2BC17","UHRF1",0.000499,"Databases"
"H2BC17","RAD51",0.000499,"Databases"
"H2BC17","PHF19",0.000499,"Databases"
"H2BC17","H2BC6",0.000819,"Experiments"
"H2BC17","H2BC9",0.000874,"Experiments + Databases"
"H2BC17","H2BC15",0.000887,"Experiments + Databases"
"H2BC17","H4C5",0.000908,"Experiments"
"H2BC17","H4C8",0.000908,"Experiments"
"H2BC17","H4C12",0.000908,"Experiments"
"H2BC9","UHRF1",0.000499,"Databases"
"H2BC9","PHF19",0.000499,"Databases"
"H2BC9","RAD51",0.000499,"Databases"
"H2BC9","H4C8",0.000817,"Experiments"
"H2BC9","H4C5",0.000817,"Experiments"
"H2BC9","H4C12",0.000817,"Experiments"
"H2BC9","H2BC6",0.000819,"Experiments"
"H2BC9","H2BC15",0.000887,"Experiments + Databases"
"UHRF1","H2BC15",0.000499,"Databases"
"UHRF1","H3C2",9e-04,"Experiments"
"UHRF1","H3C6",9e-04,"Experiments"
"H4C12","H2BC15",0.000817,"Experiments"
"H4C12","H2BC6",0.000908,"Experiments"
"H4C12","H3C6",0.000942,"Experiments"
"H4C12","H3C2",0.000951,"Experiments"
"H4C12","H4C8",0.000952,"Experiments + Databases"
"H4C12","H4C5",0.000952,"Experiments + Databases"
"MCM3","RECQL4",0.000457,"Experiments"
"MCM3","PRIM2",0.00072,"Databases"
"RECQL4","RAD51",0.00041,"Experiments"
"H2BC15","RAD51",0.000499,"Databases"
"H2BC15","PHF19",0.000499,"Databases"
"H2BC15","H2BC6",8e-04,"Experiments"
"H2BC15","H4C5",0.000817,"Experiments"
"H2BC15","H4C8",0.000817,"Experiments"
"NEB","TPM2",0.000639,"Experiments + Databases"
"H4C5","H2BC6",0.000908,"Experiments"
"H4C5","H3C6",0.000942,"Experiments"
"H4C5","H3C2",0.000951,"Experiments"
"H4C5","H4C8",0.000952,"Experiments + Databases"
"H3C2","H2BC6",0.000807,"Experiments"
"H3C2","H3C6",0.000921,"Experiments"
"H3C2","H4C8",0.000951,"Experiments"
"H4C8","H2BC6",0.000908,"Experiments"
"H4C8","H3C6",0.000942,"Experiments"
"H3C6","H2BC6",0.000807,"Experiments"
"UBE2T","FANCB",0.000988,"Experiments + Databases"
"USH1C","PDZD7",0.000853,"Databases"
"USH1C","MYO7B",0.000958,"Experiments"
"USH1C","USH1G",0.000999,"Experiments + Databases"
"SNAI2","SOX9",0.00042,"Text-mining"
"CDH17","CDH12",0.00054,"Databases"
"CDH17","CDH22",0.00054,"Databases"
"CDH17","CDH11",0.00054,"Databases"
"CDH17","GRIA2",0.000679,"Text-mining"
"CDH17","OLFM4",0.000775,"Text-mining"
"CDH17","CTNND2",0.000968,"Experiments"
"ACTL6B","BCL11A",0.000843,"Databases"
"ACTL6B","SMARCD3",0.000882,"Experiments + Databases"
"CLIC5","FSCN2",8e-04,"Databases"
"ITGB4","LAMB3",0.000558,"Databases"
"ITGB4","NECTIN4",0.000585,"Text-mining"
"ITGB4","MUC5AC",0.000703,"Experiments"
"ITGB4","ITGA11",0.000734,"Databases"
"ITGB4","ITGA3",0.000877,"Experiments + Databases"
"KRT23","KRT12",4e-04,"Databases"
"KRT23","KRT17",4e-04,"Databases"
"KRT23","KRT39",4e-04,"Databases"
"MAPK13","SQSTM1",0.000477,"Experiments"
"FGF22","FGF17",4e-04,"Databases"
"FGF22","FLRT1",0.000499,"Databases"
"RSPO4","RNF43",0.000643,"Experiments + Databases"
"RSPO4","LGR5",0.00072,"Databases"
"RHOV","PAK6",0.00073,"Experiments + Databases"
"CEACAM5","PFKP",0.000414,"Text-mining"
"RAB3D","RIMS2",0.000446,"Experiments"
"GCK","HK2",0.00091,"Databases"
"GCK","HKDC1",0.000912,"Databases"
"CCL13","CCR8",0.000651,"Databases"
"CCL13","CCR10",0.000651,"Databases"
"CCL13","CCR3",0.000994,"Databases"
"COL1A1","MMP9",0.000527,"Text-mining"
"COL1A1","COLGALT2",0.000581,"Experiments + Databases"
"COL1A1","COL4A5",0.000584,"Text-mining"
"COL1A1","COL5A3",0.00072,"Databases"
"COL1A1","COL11A1",0.000948,"Databases"
"COL1A1","COL1A2",0.000998,"Experiments + Databases"
"CACNG1","CACNA2D3",0.000698,"Experiments + Databases"
"CACNG1","CATSPERB",0.00072,"Databases"
"CACNG1","CACNG8",0.00072,"Databases"
"CACNG1","CACNB1",0.000731,"Experiments + Databases"
"CACNG1","CACNA1G",0.000742,"Databases"
"CACNG1","CACNB3",0.000808,"Experiments + Databases"
"CACNG1","CACNA1C",0.000817,"Experiments + Databases"
"CACNG1","CACNA1S",0.000946,"Experiments + Databases"
"MYH1","MYH3",0.00073,"Databases"
"MYH1","MYH13",0.000908,"Databases"
"GLI1","KIF7",0.000984,"Experiments + Databases"
"ULBP1","ULBP2",9e-04,"Databases"
"PCDHB6","PCDHB8",0.000412,"Text-mining"
"PCDHB6","PCDHB16",0.000607,"Experiments"
"GNAT1","PDE6A",0.000678,"Experiments + Databases"
"GNAT1","GNGT1",0.000913,"Experiments + Databases"
"WNT6","FZD2",0.000668,"Experiments + Databases"
"WNT6","FZD9",0.000745,"Experiments + Databases"
"KISS1R","TAC3",0.000491,"Text-mining"
"GRIN3B","SHISA6",0.00054,"Databases"
"GRIN3B","HTR3B",0.00054,"Databases"
"GRIN3B","GRIK2",0.000551,"Databases"
"GRIN3B","GRIA2",0.00072,"Databases"
"GRIN3B","CACNG8",0.00072,"Databases"
"GRIN3B","HTR3A",0.00072,"Databases"
"GRIN3B","GRIN2D",0.000994,"Databases"
"GRIN3B","GRIN1",0.000999,"Experiments + Databases"
"HOXB7","HOXC4",8e-04,"Experiments"
"PI3","EVPL",0.000734,"Databases"
"COL21A1","COL10A1",4e-04,"Databases"
"COL21A1","COL9A2",4e-04,"Databases"
"COL21A1","COLGALT2",0.000727,"Experiments + Databases"
"BMP4","MMP3",0.000422,"Experiments"
"SOX9","WT1",0.000557,"Text-mining"
"SOX9","NR5A1",0.000926,"Experiments + Databases"
"TNFSF9","TNFRSF9",0.000999,"Experiments + Databases"
"FLRT1","FGF17",0.000499,"Databases"
"PYCARD","SQSTM1",0.000457,"Experiments"
"TAS2R4","TAS2R5",4e-04,"Databases"
"SYNGR3","SLC6A3",0.000911,"Experiments"
"GNGT1","KCNJ4",0.000499,"Databases"
"GNGT1","FZD2",0.000499,"Databases"
"GNGT1","ADRA1D",0.000499,"Databases"
"GNGT1","AVPR2",0.000499,"Databases"
"MCHR1","BDKRB2",4e-04,"Databases"
"MCHR1","LPAR3",4e-04,"Databases"
"MCHR1","SSTR3",0.000504,"Text-mining"
"MCHR1","BBS1",0.00052,"Databases"
"GALR3","GALR2",0.000908,"Databases"
"GALR3","GAL",0.00099,"Databases"
"EGLN3","MAGEA11",0.000489,"Experiments"
"KRT12","KRT17",4e-04,"Databases"
"KRT12","KRT39",4e-04,"Databases"
"KRT6C","KRT81",4e-04,"Databases"
"KRT6C","KRT85",4e-04,"Databases"
"KRT6C","KRT86",4e-04,"Databases"
"RAMP1","CALCA",0.000843,"Experiments + Databases"
"RAMP1","CALCB",0.000946,"Experiments + Databases"
"RAMP1","CALCR",0.000999,"Experiments + Databases"
"SNAP25","CACNA1C",0.000441,"Text-mining"
"SNAP25","SCGN",0.000483,"Experiments"
"SNAP25","SYN2",0.000637,"Databases"
"SNAP25","SYT5",0.000804,"Databases"
"SNAP25","CPLX1",0.000991,"Experiments + Databases"
"RNF17","UBE2U",0.000426,"Experiments"
"NTS","GRP",0.000472,"Text-mining"
"CATSPERB","CACNA1I",0.000494,"Experiments + Databases"
"CATSPERB","CACNB1",0.00054,"Databases"
"CATSPERB","CACNA2D3",0.00054,"Databases"
"CATSPERB","CACNA1G",0.000636,"Experiments + Databases"
"CATSPERB","CACNB3",0.00072,"Databases"
"CATSPERB","CACNG8",0.00072,"Databases"
"CATSPERB","CACNA1S",0.000721,"Experiments + Databases"
"CATSPERB","CACNA1C",0.000721,"Experiments + Databases"
"KRT85","KRT81",4e-04,"Databases"
"KRT85","KRT86",4e-04,"Databases"
"CIB2","TMIE",0.00088,"Databases"
"CIB2","TMC1",0.000915,"Experiments + Databases"
"CCN3","POSTN",0.000403,"Text-mining"
"CCN3","FBLN1",0.00052,"Experiments"
"GCM1","HTRA4",0.00057,"Experiments"
"GTF2H4","RTEL1",0.000483,"Experiments"
"GTF2H4","CHD1L",0.000499,"Databases"
"GTF2H4","H4C9",0.000808,"Experiments"
"GTF2H4","H4C4",0.000808,"Experiments"
"HTR3B","GRIN2D",0.00054,"Databases"
"HTR3B","CACNG8",0.00054,"Databases"
"HTR3B","SHISA6",0.00054,"Databases"
"HTR3B","GRIK2",0.00054,"Databases"
"HTR3B","GRIA2",0.000544,"Databases"
"HTR3B","GRIN1",0.000552,"Databases"
"HTR3B","HTR3A",0.000998,"Experiments + Databases"
"MMP7","MMP3",0.000579,"Text-mining"
"MMP7","MMP10",0.000626,"Text-mining"
"MMP7","MMP1",0.000703,"Text-mining"
"MMP7","MMP9",0.000746,"Text-mining"
"CHRNA1","CHRNA5",0.000622,"Experiments + Databases"
"CHRNA1","CHRNB2",0.000649,"Experiments + Databases"
"CHRNA1","CHRNA3",0.00074,"Experiments + Databases"
"LYZ","CRYAB",0.000487,"Experiments"
"DNAH3","DNAH8",9e-04,"Databases"
"CASQ2","CASQ1",9e-04,"Databases"
"CASQ2","RYR2",0.000954,"Databases"
"SPECC1","SMTNL2",0.00054,"Databases"
"MEOX2","MEOX1",0.000671,"Experiments"
"SMARCD3","BCL11A",9e-04,"Databases"
"GLIS2","BBS1",0.000614,"Experiments"
"RPL8","RPL39L",0.000499,"Experiments"
"GRIN2D","NEFL",4e-04,"Databases"
"GRIN2D","CAMK2A",4e-04,"Databases"
"GRIN2D","LRFN2",0.000499,"Databases"
"GRIN2D","BEGAIN",0.000499,"Databases"
"GRIN2D","SHISA6",0.00054,"Databases"
"GRIN2D","GRIK2",0.000551,"Databases"
"GRIN2D","GRIA2",0.00072,"Databases"
"GRIN2D","CACNG8",0.00072,"Databases"
"GRIN2D","HTR3A",0.00072,"Databases"
"GRIN2D","GRIN1",0.000999,"Experiments + Databases"
"PAX8","RXRG",9e-04,"Databases"
"EPCAM","TSPAN8",0.000599,"Text-mining"
"CAPG","TREX2",0.000457,"Experiments"
"COL5A3","COLGALT2",0.000499,"Databases"
"COL5A3","COL1A2",9e-04,"Databases"
"COL5A3","COL11A1",9e-04,"Databases"
"VCAN","MMP9",0.000515,"Experiments"
"VCAN","FBLN1",0.000667,"Text-mining"
"ABCB6","ABCC8",0.00054,"Databases"
"ABCB6","FXYD2",0.00054,"Databases"
"ABCB6","ATP1A2",0.00072,"Databases"
"SEMA3A","SLC2A1",0.000414,"Text-mining"
"SEMA3A","DPYSL4",0.000499,"Databases"
"SEMA3A","PAK3",0.000499,"Databases"
"NPTX2","NLGN1",0.000687,"Text-mining"
"GAL","GALR2",0.000999,"Experiments + Databases"
"ADAM22","CACNG8",0.000499,"Databases"
"ADAM22","LGI2",7e-04,"Databases"
"CACNA1C","KCNIP3",0.000404,"Experiments"
"CACNA1C","CACNA1I",0.000418,"Experiments + Databases"
"CACNA1C","CACNA1G",0.000607,"Experiments + Databases"
"CACNA1C","CACNA2D3",0.000621,"Experiments + Databases"
"CACNA1C","CACNB1",0.000855,"Experiments + Databases"
"CACNA1C","RYR2",0.00088,"Experiments"
"CACNA1C","CACNG8",9e-04,"Databases"
"CACNA1C","CACNB3",0.000977,"Experiments + Databases"
"CACNA1C","CACNA1S",0.000981,"Databases"
"LGR5","WNT4",0.000443,"Text-mining"
"LGR5","KITLG",0.000491,"Text-mining"
"LGR5","TNFRSF19",0.000618,"Text-mining"
"LGR5","RNF43",0.000991,"Experiments + Databases"
"DISP2","IHH",0.000722,"Experiments + Databases"
"CDH11","CDH22",0.00054,"Databases"
"CDH11","CDH12",0.00054,"Databases"
"NTN5","DCC",0.000432,"Experiments"
"CACNG8","CACNA2D3",0.00054,"Databases"
"CACNG8","SHISA6",0.00054,"Databases"
"CACNG8","GRIK2",0.00054,"Databases"
"CACNG8","CACNB1",0.00054,"Databases"
"CACNG8","CACNA1G",0.00054,"Databases"
"CACNG8","GRIN1",0.00072,"Databases"
"CACNG8","HTR3A",0.00072,"Databases"
"CACNG8","CACNA1S",9e-04,"Databases"
"CACNG8","CACNB3",9e-04,"Databases"
"CACNG8","GRIA2",0.000938,"Experiments + Databases"
"PRDM16","RCOR2",0.000422,"Experiments"
"PRDM16","SPDEF",0.000465,"Experiments"
"LTO1","BEND6",0.00061,"Experiments"
"MMP10","MMP3",0.00085,"Experiments"
"RAB3C","RIMS2",0.000446,"Experiments"
"PTPRR","PTPN5",9e-04,"Databases"
"LY96","IKBKE",0.000499,"Databases"
"DKK2","TGIF2LX",0.000428,"Experiments"
"LRGUK","SPAG17",0.000478,"Experiments"
"WIF1","WNT4",0.000708,"Databases"
"WNT4","VANGL2",0.000643,"Text-mining"
"WNT4","FZD9",0.000837,"Experiments + Databases"
"WNT4","FZD2",0.000887,"Experiments + Databases"
"ACTC1","SCIN",0.000433,"Experiments"
"ACTC1","TNNT2",0.000908,"Experiments"
"ACTC1","ACTA1",0.000935,"Experiments + Databases"
"ACTC1","TNNI3",0.000945,"Databases"
"SIM2","ARNT2",0.00059,"Experiments"
"HK2","HKDC1",9e-04,"Databases"
"ACE","BDKRB2",0.000554,"Experiments"
"FXYD2","ABCC8",0.00054,"Databases"
"FXYD2","ATP1A2",0.000934,"Experiments + Databases"
"LY6K","TEX101",0.000448,"Text-mining"
"FGF19","FGF17",4e-04,"Databases"
"DISP3","IHH",0.000425,"Experiments"
"KCNIP3","CACNA1G",0.000414,"Text-mining"
"IHH","SCUBE2",0.000499,"Databases"
"IHH","GPC5",0.000499,"Databases"
"IHH","PTHLH",0.000516,"Text-mining"
"CXCL5","MMP9",0.000402,"Experiments"
"CXCL5","MMP1",0.000435,"Text-mining"
"CXCL5","CCR8",0.00065,"Databases"
"CXCL5","CCR10",0.00065,"Databases"
"CXCL5","CCR3",0.000659,"Databases"
"CXCL5","CCL20",0.000734,"Experiments"
"CLDN19","CLDN4",0.00065,"Databases"
"CLDN19","CLDN18",0.000718,"Experiments + Databases"
"GRIA2","SYNDIG1",0.000412,"Text-mining"
"GRIA2","SHISA6",0.00054,"Databases"
"GRIA2","GRIK2",0.000678,"Experiments + Databases"
"GRIA2","HTR3A",0.000722,"Databases"
"GRIA2","GRIN1",0.000742,"Databases"
"MAP1B","SQSTM1",0.000849,"Text-mining"
"FOXQ1","FOXF2",0.000403,"Text-mining"
"SCIN","SRC",0.00043,"Text-mining"
"COL1A2","COL9A2",0.000446,"Text-mining"
"COL1A2","COLGALT2",0.000499,"Databases"
"COL1A2","COL4A5",0.000554,"Text-mining"
"COL1A2","POSTN",0.000576,"Text-mining"
"COL1A2","ITGA11",0.000622,"Text-mining"
"COL1A2","MMP9",0.000769,"Text-mining"
"COL1A2","COL11A1",0.000988,"Databases"
"CNTNAP3","CNTNAP3B",0.000422,"Experiments"
"CHRNA5","CHRNB2",0.00086,"Experiments + Databases"
"CHRNA5","CHRNA3",0.000975,"Experiments + Databases"
"TMED3","KDELR3",0.000499,"Databases"
"MMP3","MMP9",0.000929,"Databases"
"MMP3","MMP1",0.000955,"Databases"
"MAP1A","SQSTM1",0.00096,"Text-mining"
"CKMT1B","CKMT2",0.00086,"Experiments + Databases"
"CKMT1B","CKMT1A",9e-04,"Experiments"
"CACNB3","EYA1",0.000428,"Experiments"
"CACNB3","CACNA1G",0.000589,"Databases"
"CACNB3","CACNA2D3",0.000609,"Experiments + Databases"
"CACNB3","CACNB1",0.000872,"Experiments + Databases"
"CACNB3","CACNA1S",0.000922,"Experiments + Databases"
"SLC39A4","SLITRK5",0.000414,"Experiments"
"KLK1","FOLR1",0.000408,"Text-mining"
"IL12A","CRLF1",0.000403,"Text-mining"
"H2AC8","H2AC20",0.000485,"Experiments + Databases"
"H2AC8","SMC4",0.000499,"Databases"
"H2AC8","H1-4",8e-04,"Experiments"
"H2AC8","CHD1L",9e-04,"Experiments"
"H2AC8","H3C8",0.000946,"Experiments"
"H2AC8","H3C3",0.000968,"Experiments"
"H2AC8","H4C4",0.000977,"Experiments + Databases"
"H2AC8","H4C9",0.000977,"Experiments + Databases"
"TACR1","AVPR2",4e-04,"Databases"
"TACR1","SRC",0.000456,"Text-mining"
"TACR1","SGIP1",0.000499,"Databases"
"TACR1","CLTCL1",0.000499,"Databases"
"TACR1","TAC4",0.000564,"Experiments"
"TACR1","TAC3",0.000891,"Text-mining"
"SCN1A","SPTA1",0.000499,"Databases"
"SCN1A","GRIK2",0.00054,"Databases"
"SCN1A","CACNA1G",0.000558,"Experiments + Databases"
"SCN1A","CACNA1I",0.000571,"Experiments + Databases"
"SCN1A","SCN5A",0.000591,"Databases"
"SCN1A","SCN4B",0.000987,"Experiments + Databases"
"LRP8","GRIN1",0.000559,"Experiments"
"LRP8","VLDLR",0.000954,"Experiments"
"CPLX1","SYN2",0.000584,"Databases"
"ANKRD2","ANKRD1",0.000403,"Text-mining"
"ANKRD2","TCAP",0.000712,"Experiments"
"CTNND2","PDZD2",0.000549,"Experiments"
"CTNND2","SPHK1",0.000563,"Text-mining"
"ARNT2","SIM1",0.000945,"Experiments"
"H1-4","H1-2",0.000769,"Experiments + Databases"
"H1-4","H3C3",8e-04,"Experiments"
"H1-4","H3C8",8e-04,"Experiments"
"H1-4","H4C4",0.000802,"Experiments"
"H1-4","H4C9",0.000802,"Experiments"
"GLUL","GLS",9e-04,"Databases"
"KRT17","KRT39",4e-04,"Databases"
"ZNF431","TYRP1",0.000487,"Experiments"
"ATP8B3","ATP10A",0.00054,"Databases"
"ATP8B3","ATP8A2",0.00054,"Databases"
"ARR3","SRC",0.000545,"Text-mining"
"KCNK10","KCNK12",0.000499,"Databases"
"SPHK1","PLPP2",9e-04,"Databases"
"SPHK1","SGPP2",9e-04,"Databases"
"SGPP2","PLPP2",0.000936,"Databases"
"ITGA3","TSPAN8",0.000418,"Text-mining"
"ITGA3","LAMB3",0.000499,"Databases"
"ITGA3","ITGA11",9e-04,"Databases"
"LGALS9B","TNFRSF9",0.000639,"Text-mining"
"LGALS9B","PDCD1",0.000878,"Text-mining"
"LGALS9B","CTLA4",0.00093,"Text-mining"
"CHRNA3","CHRNB2",0.000943,"Experiments + Databases"
"BBS1","SSTR3",0.000671,"Databases"
"TUBA3E","TUBB8B",0.00058,"Experiments + Databases"
"SLC16A8","SLC16A3",0.000499,"Databases"
"B3GNT3","TSPAN15",0.000404,"Text-mining"
"SCN4B","SPTA1",0.000499,"Databases"
"SCN4B","CACNA1I",0.00054,"Databases"
"SCN4B","CACNA1G",0.00054,"Databases"
"SCN4B","GRIK2",0.00054,"Databases"
"SCN4B","SCN5A",0.000916,"Databases"
"MMP1","MMP9",0.000962,"Databases"
"FZD2","VANGL2",0.000493,"Experiments"
"FZD2","ROR1",0.00065,"Databases"
"FZD2","ROR2",0.00065,"Databases"
"TUBA3D","TUBB8B",0.00058,"Experiments + Databases"
"CCR8","CCR10",0.000433,"Text-mining"
"CCR8","CCL15",0.000658,"Databases"
"CCR8","CCR3",0.000803,"Text-mining"
"CCR8","CCL20",0.000896,"Databases"
"NOS2","SPTA1",0.000435,"Text-mining"
"ITGA11","COL9A2",0.000499,"Databases"
"COL10A1","COL9A2",4e-04,"Databases"
"COL10A1","COL4A6",0.00054,"Databases"
"COL10A1","COL4A5",0.00054,"Databases"
"COL10A1","COLGALT2",0.000603,"Experiments + Databases"
"EFNA5","GRIK2",0.000455,"Text-mining"
"EFNA5","EPHA6",0.000634,"Experiments + Databases"
"SCN5A","SPTA1",0.000499,"Databases"
"SCN5A","GRIK2",0.00054,"Databases"
"SCN5A","CACNA1G",0.000558,"Experiments + Databases"
"SCN5A","CACNA1I",0.000558,"Experiments + Databases"
"SCN5A","FGF17",0.000903,"Text-mining"
"LGALS9C","TNFRSF9",0.000639,"Text-mining"
"LGALS9C","PDCD1",0.000878,"Text-mining"
"LGALS9C","CTLA4",0.00093,"Text-mining"
"GAST","PCDHB16",0.000591,"Experiments"
"FBLN1","MFAP2",0.000527,"Databases"
"CALCA","CALCB",9e-04,"Databases"
"CALCA","CALCR",0.000994,"Experiments + Databases"
"COL4A5","COLGALT2",0.000783,"Experiments + Databases"
"COL4A5","COL4A6",0.000876,"Experiments + Databases"
"H2AC20","SMC4",0.000499,"Databases"
"H2AC20","H3C8",0.000906,"Experiments"
"H2AC20","H2BC7",0.000906,"Experiments"
"H2AC20","H4C4",0.000907,"Experiments"
"H2AC20","H4C9",0.000919,"Experiments"
"H2AC20","H3C3",0.000946,"Experiments"
"CCR10","CCR3",0.000465,"Text-mining"
"CCR10","CCL15",0.00065,"Databases"
"CCR10","CCL20",0.00083,"Databases"
"PDCD1","CTLA4",0.000782,"Text-mining"
"CLDN18","CLDN4",0.00065,"Databases"
"TNNI3","ACTA1",9e-04,"Experiments"
"TNNI3","TNNI2",9e-04,"Databases"
"TNNI3","TNNT2",0.000999,"Experiments + Databases"
"JPH1","CACNA1S",5e-04,"Experiments"
"APOD","APOA4",0.000631,"Text-mining"
"FZD9","ROR1",0.00065,"Databases"
"FZD9","ROR2",0.00065,"Databases"
"LRFN2","GRIN1",0.000683,"Databases"
"HTR3A","SHISA6",0.00054,"Databases"
"HTR3A","GRIK2",0.00054,"Databases"
"HTR3A","GRIN1",0.000728,"Databases"
"KRT39","KRT86",0.000591,"Experiments"
"H2BC7","CENPX",8e-04,"Experiments"
"H2BC7","H3C8",0.000807,"Experiments"
"H2BC7","H3C3",0.000807,"Experiments"
"H2BC7","H4C9",0.000908,"Experiments"
"H2BC7","H4C4",0.000908,"Experiments"
"GRM7","GRIK2",0.000535,"Text-mining"
"GRM7","GRM4",0.000859,"Experiments + Databases"
"GRM7","GRM2",0.000937,"Experiments + Databases"
"APOA4","GPC5",0.000499,"Databases"
"APOA4","VLDLR",0.00054,"Databases"
"CCL20","CCR3",0.000816,"Databases"
"CACNA1G","CACNB1",0.00054,"Databases"
"CACNA1G","GRIK2",0.00054,"Databases"
"CACNA1G","CACNA2D3",0.000563,"Databases"
"CACNA1G","CACNA1S",0.000632,"Experiments + Databases"
"CACNA1G","CACNA1I",0.000957,"Databases"
"SPTSSB","GOLGA7B",0.00054,"Databases"
"KIRREL2","NPHS1",0.000917,"Experiments + Databases"
"PAK3","SRC",0.000513,"Databases"
"ATP1A2","FXYD3",0.000499,"Databases"
"ATP1A2","ABCC8",0.00054,"Databases"
"COLGALT2","COL11A1",0.000499,"Databases"
"COLGALT2","COL4A6",0.000499,"Databases"
"COLGALT2","COL9A2",0.000711,"Experiments + Databases"
"CACNA1S","CACNA1I",0.000418,"Experiments + Databases"
"CACNA1S","RYR2",0.000445,"Text-mining"
"CACNA1S","CACNA2D3",0.000633,"Experiments + Databases"
"CACNA1S","CACNB1",0.000918,"Experiments + Databases"
"GAGE2A","GMCL2",0.000568,"Experiments"
"RYR2","CASQ1",0.00091,"Databases"
"ACTA1","TNNT2",9e-04,"Experiments"
"SYT2","TYRP1",0.000445,"Text-mining"
"SYT2","NRXN3",0.000499,"Databases"
"SYT2","SYT8",0.000521,"Databases"
"VANGL2","SQSTM1",0.000471,"Experiments"
"VANGL2","RNF43",0.00051,"Experiments"
"VANGL2","ROR2",0.000817,"Databases"
"ADAM12","SRC",0.00048,"Experiments"
"S100A6","AGR2",0.000457,"Experiments"
"S100A6","SRC",0.000495,"Text-mining"
"NR2E1","BCL11A",0.000457,"Experiments"
"CHD1L","H4C4",0.000906,"Experiments"
"CHD1L","H4C9",0.000906,"Experiments"
"ELOVL3","ELOVL7",9e-04,"Databases"
"LPAR3","BDKRB2",4e-04,"Databases"
"SGIP1","AVPR2",0.000499,"Databases"
"SGIP1","CLTCL1",0.00054,"Databases"
"SGIP1","AP3B2",0.00054,"Databases"
"ROR1","ROR2",0.000919,"Experiments + Databases"
"GRIN1","BEGAIN",0.000499,"Databases"
"GRIN1","SHISA6",0.00054,"Databases"
"GRIN1","GRIK2",0.000555,"Databases"
"GRIN1","SRC",0.00057,"Databases"
"GRIN1","CAMK2A",0.000632,"Experiments + Databases"
"GRIN1","NEFL",0.000801,"Databases"
"TREM2","LAT",0.000499,"Databases"
"TFAP2E","TFAP2A",4e-04,"Databases"
"SRC","KITLG",4e-04,"Databases"
"SRC","DDR1",0.000416,"Experiments"
"SRC","CCR3",0.000424,"Text-mining"
"SRC","GAP43",0.000444,"Text-mining"
"SRC","DCC",0.000499,"Databases"
"SRC","CTLA4",0.000499,"Databases"
"NR5A1","WT1",8e-04,"Databases"
"ITPR3","BDKRB2",0.000422,"Text-mining"
"ITPR3","CAMK2A",0.000433,"Experiments"
"ITPR3","TRPC4",0.000457,"Experiments"
"ITPR3","TRPC3",0.000742,"Experiments"
"CA9","SLC16A3",0.000645,"Text-mining"
"PLCH2","PLCD3",0.000499,"Databases"
"NPHS1","DDN",0.000557,"Text-mining"
"TRPC3","TRPC4",0.000987,"Experiments + Databases"
"KRT81","KRT86",4e-04,"Databases"
"ATP8A2","ATP10A",0.00054,"Databases"
"TNNI2","TNNT2",0.000941,"Experiments + Databases"
"KRTAP5-6","KRTAP5-7",0.000591,"Experiments"
"CDH12","CDH22",0.00054,"Databases"
"SIGLEC15","MDGA2",0.000407,"Text-mining"
"SQSTM1","BCL11A",0.000499,"Databases"
"LAMB3","NTNG2",0.00054,"Databases"
"CACNB1","EYA1",0.000483,"Experiments"
"CACNB1","CACNA2D3",0.000609,"Experiments + Databases"
"ASNS","ASRGL1",9e-04,"Databases"
"KIF7","KIF1A",0.00054,"Databases"
"KIF7","KIF26B",0.00054,"Databases"
"QRFPR","QRFP",0.000994,"Databases"
"GRM2","GRM4",0.000943,"Databases"
"HECW1","RNF43",0.000599,"Experiments"
"CACNA1I","GRIK2",0.00054,"Databases"
"UNC5D","DCC",0.000813,"Databases"
"KIF26B","KIF1A",0.00054,"Databases"
"GABRR2","GABRG3",0.000586,"Experiments + Databases"
"GABRR2","GABRA2",0.000586,"Experiments + Databases"
"GULP1","CLTCL1",0.00046,"Text-mining"
"PLCD4","PLCD3",9e-04,"Databases"
"NPNT","FRAS1",8e-04,"Databases"
"SHISA6","GRIK2",0.00054,"Databases"
"AGR2","MUC5B",0.00042,"Experiments"
"AGR2","MUC5AC",0.000467,"Experiments"
"NLGN1","MDGA2",0.000455,"Experiments"
"NLGN1","HOMER3",0.000499,"Databases"
"NLGN1","NRXN3",0.000888,"Experiments + Databases"
"STRC","OTOGL",0.000847,"Databases"
"CKMT2","CKMT1A",0.000813,"Experiments + Databases"
"MYH13","MYH3",0.00072,"Databases"
"ESRP1","KIAA1549",0.000499,"Databases"
"ZNF492","ZNF726",0.000472,"Experiments"
"SERPINE2","KLK13",0.000448,"Experiments"
"MGAM2","MGAM",0.000984,"Databases"
"RIMS2","RIMBP3",0.000489,"Experiments"
"GABRA2","GABRG3",0.00054,"Databases"
"PCDHA3","PCDHA6",0.00068,"Experiments"
"TFF3","MUC5AC",0.000507,"Text-mining"
"TFF3","FCGBP",0.00083,"Experiments"
"GPR61","GJB6",0.000477,"Experiments"
"PCDHA4","PCDHA7",0.000671,"Experiments"
"MUC5B","MUC2",0.000741,"Text-mining"
"MUC5B","MUC5AC",0.000956,"Text-mining"
"HOMER3","NRXN3",0.000499,"Databases"
"CLTCL1","AVPR2",0.000499,"Databases"
"CCR3","CCL15",0.000978,"Experiments + Databases"
"CENPX","H4C9",8e-04,"Experiments"
"CENPX","H4C4",8e-04,"Experiments"
"H4C4","H3C3",0.000942,"Experiments"
"H4C4","H3C8",0.000942,"Experiments"
"H4C4","H4C9",0.000952,"Experiments + Databases"
"FCGBP","MUC2",0.000731,"Text-mining"
"H4C9","H3C3",0.000942,"Experiments"
"H4C9","H3C8",0.000942,"Experiments"
"NEFL","CAMK2A",4e-04,"Databases"
"H3C8","H3C3",9e-04,"Experiments"
"MUC5AC","MUC2",0.000761,"Text-mining"
"TUBA4B","TUBB8B",0.00058,"Experiments + Databases"
"TMIE","TMC1",0.000949,"Databases"
