gene_A	gene_B	combined_score	neighborhood	fusion	cooccurence	coexpression	experiments	database	textmining	evidence_type
SEMA3F	NRCAM	0.000551	0	0	0	0	0	0	0.551	Text-mining
SEMA3F	PLXNA1	0.000925	0	0	0	0	0.077	0	0.922	Experiments
SEMA3F	PLXNA3	0.000971	0	0	0	0	0.077	0	0.97	Experiments
HOXA11	CDC6	0.000493	0	0	0	0	0	0	0.493	Text-mining
KIF22	KIF18A	0.00054	0	0	0	0	0	0.54	0	Databases
KIF22	KIF21B	0.00054	0	0	0	0	0	0.54	0	Databases
KIF22	KIF5A	0.00054	0	0	0	0	0	0.54	0	Databases
KIF22	KIF23	0.00054	0	0	0	0	0	0.54	0	Databases
KIF22	KIF11	0.00054	0	0	0	0	0	0.54	0	Databases
KIF22	KIF20A	0.00054	0	0	0	0	0	0.54	0	Databases
KIF22	KIFC2	0.00054	0	0	0	0	0	0.54	0	Databases
KIF22	KIF18B	0.00054	0	0	0	0	0	0.54	0	Databases
KIF22	KIF2C	0.00054	0	0	0	0	0	0.54	0	Databases
KIF22	KIF15	0.00054	0	0	0	0	0	0.54	0	Databases
KIF22	KLC2	0.00054	0	0	0	0	0	0.54	0	Databases
KIF22	KIFC1	0.000553	0	0	0	0	0	0.54	0.07	Databases
KIF22	KIF14	0.00066	0	0	0	0	0.292	0.54	0	Experiments + Databases
TRIP13	BUB1B	0.000457	0	0	0	0	0.457	0	0	Experiments
TRIP13	CDC20	0.00095	0	0	0	0	0.935	0	0.261	Experiments
TRIP13	MAD2L1	0.000961	0	0	0	0	0.961	0	0	Experiments
BPIFB2	BPIFA2	4e-04	0	0	0	0	0	0.4	0	Databases
BPIFB2	BPIFB4	4e-04	0	0	0	0	0	0.4	0	Databases
CA12	CA4	0.000499	0	0	0	0	0	0.5	0	Databases
OTUB2	TRIM54	0.000406	0	0	0	0	0.406	0	0	Experiments
OTUB2	PKM	0.000457	0	0	0	0	0.457	0	0	Experiments
CDC6	CCNF	0.000422	0	0	0	0	0.421	0	0.044	Experiments
CDC6	CCNB2	0.000453	0	0	0	0	0.142	0	0.389	Experiments
CDC6	CLSPN	0.000499	0	0	0	0	0	0.5	0	Databases
CDC6	CDK1	0.00054	0	0	0	0	0.54	0	0	Experiments
CDC6	PPP2R3B	0.000612	0	0	0	0	0.292	0	0.475	Experiments
CDC6	E2F1	0.000636	0	0	0	0	0.465	0	0.348	Experiments
CDC6	CDKN2A	0.00077	0	0	0	0	0.689	0	0.292	Experiments
CDC6	CDC7	0.000818	0	0	0	0	0	0.5	0.651	Databases
CDC6	CDC45	0.000904	0	0	0	0	0	0.5	0.817	Databases
CDC6	MCM6	0.000909	0	0	0	0	0.749	0.5	0.336	Experiments + Databases
CDC6	MCM5	0.000925	0	0	0	0	0.647	0.5	0.611	Experiments + Databases
CDC6	MCM4	0.000929	0	0	0	0	0.523	0.5	0.728	Experiments + Databases
CDC6	MCM10	0.000948	0	0	0	0	0.689	0.5	0.696	Experiments + Databases
CDC6	MCM8	0.000949	0	0	0	0	0.518	0.9	0	Experiments + Databases
CDC6	CCNA2	0.000974	0	0	0	0	0.943	0	0.575	Experiments
CDC6	MCM2	0.000979	0	0	0	0	0.86	0.5	0.73	Experiments + Databases
CDC6	ORC1	0.000993	0	0	0	0	0.89	0.9	0.468	Experiments + Databases
CDC6	MCM7	0.000995	0	0	0	0	0.89	0.5	0.927	Experiments + Databases
CDC6	ORC6	0.000997	0	0	0	0	0.799	0.9	0.89	Experiments + Databases
CDC6	MCM3	0.000998	0	0	0	0	0.915	0.5	0.971	Experiments + Databases
CDC6	CDT1	0.000999	0	0	0	0	0.92	0.8	0.984	Experiments + Databases
MAPK12	CTNNA2	0.000499	0	0	0	0	0	0.5	0	Databases
MAPK12	SCRIB	0.000673	0	0	0	0	0.576	0	0.261	Experiments
MAPK12	MAPK11	0.000677	0	0	0	0	0.127	0	0.646	Experiments
CENPM	OIP5	0.000499	0	0	0	0	0	0.5	0	Databases
CENPM	HJURP	0.000499	0	0	0	0	0	0.5	0	Databases
CENPM	H4C5	8e-04	0	0	0	0	0.8	0	0	Experiments
CENPM	H4C8	8e-04	0	0	0	0	0.8	0	0	Experiments
CENPM	H4C12	8e-04	0	0	0	0	0.8	0	0	Experiments
CENPM	H4C14	8e-04	0	0	0	0	0.8	0	0	Experiments
CENPM	H2BC8	8e-04	0	0	0	0	0.8	0	0	Experiments
CENPM	H2BC6	8e-04	0	0	0	0	0.8	0	0	Experiments
CENPM	CENPW	0.000972	0	0	0	0	0.8	0.8	0.374	Experiments + Databases
CENPM	CENPA	0.000974	0	0	0	0	0.886	0.5	0.585	Experiments + Databases
CENPM	CENPL	0.000992	0	0	0	0	0.947	0.8	0.327	Experiments + Databases
CENPM	CENPU	0.000993	0	0	0	0	0.917	0.8	0.621	Experiments + Databases
CENPM	CENPO	0.000997	0	0	0	0	0.933	0.8	0.845	Experiments + Databases
CENPM	CENPH	0.000999	0	0	0	0	0.947	0.8	0.98	Experiments + Databases
CENPM	CENPK	0.000999	0	0	0	0	0.947	0.8	0.978	Experiments + Databases
CENPM	CENPI	0.000999	0	0	0	0	0.947	0.8	0.955	Experiments + Databases
DMC1	H2BC15	0.000499	0	0	0	0	0	0.5	0	Databases
DMC1	H2AX	0.000499	0	0	0	0	0	0.5	0	Databases
DMC1	H2BC9	0.000499	0	0	0	0	0	0.5	0	Databases
DMC1	H2BC17	0.000499	0	0	0	0	0	0.5	0	Databases
DMC1	H2BC11	0.000499	0	0	0	0	0	0.5	0	Databases
DMC1	RAD51AP1	0.000544	0	0	0	0	0.457	0	0.195	Experiments
DMC1	KCTD17	0.000587	0	0	0	0	0.587	0	0	Experiments
DMC1	RAD51	0.00094	0	0	0	0	0.457	0.8	0.499	Experiments + Databases
DMC1	BRCA2	0.000954	0	0	0	0	0.677	0.8	0.349	Experiments + Databases
MCM5	CENPI	4e-04	0	0	0	0	0	0	0.401	Text-mining
MCM5	RRM2	0.000416	0	0	0	0	0	0	0.417	Text-mining
MCM5	CCNB2	0.000428	0	0	0	0	0	0	0.428	Text-mining
MCM5	RECQL4	0.000457	0	0	0	0	0.457	0	0	Experiments
MCM5	TONSL	0.000466	0	0	0	0	0.292	0	0.277	Experiments
MCM5	POLD1	0.000491	0	0	0	0	0.25	0	0.35	Experiments
MCM5	MCMDC2	0.000506	0	0	0	0	0.369	0	0.25	Experiments
MCM5	MMS22L	0.000517	0	0	0	0	0	0	0.517	Text-mining
MCM5	CCNA2	0.000648	0	0	0	0	0	0	0.648	Text-mining
MCM5	CDKN2A	0.000689	0	0	0	0	0.689	0	0	Experiments
MCM5	ORC6	0.000859	0	0	0	0	0.616	0.65	0	Experiments + Databases
MCM5	MCM10	0.000886	0	0	0	0	0.356	0.5	0.677	Experiments + Databases
MCM5	CLSPN	0.000895	0	0	0	0	0.8	0.5	0	Experiments + Databases
MCM5	WDHD1	0.000896	0	0	0	0	0.896	0	0	Experiments
MCM5	CDT1	0.000919	0	0	0	0	0.58	0.5	0.649	Experiments + Databases
MCM5	CDC7	0.000921	0	0	0	0	0.758	0.5	0.401	Experiments + Databases
MCM5	POLE2	0.000942	0	0	0	0	0.942	0	0	Experiments
MCM5	ORC1	0.00095	0	0	0	0	0.824	0.65	0.256	Experiments + Databases
MCM5	MCM8	0.000979	0	0	0	0	0.449	0.9	0.651	Experiments + Databases
MCM5	GINS4	0.000984	0	0	0	0	0.968	0.54	0	Experiments + Databases
MCM5	GINS1	0.000988	0	0	0	0	0.976	0.54	0	Experiments + Databases
MCM5	GINS2	0.000991	0	0	0	0	0.973	0.54	0.353	Experiments + Databases
MCM5	GINS3	0.000993	0	0	0	0	0.973	0.54	0.525	Experiments + Databases
MCM5	CDC45	0.000998	0	0	0	0	0.979	0.54	0.852	Experiments + Databases
MCM5	MCM7	0.000999	0	0	0	0	0.984	0.9	0.985	Experiments + Databases
MCM5	MCM3	0.000999	0	0	0	0	0.99	0.9	0.987	Experiments + Databases
MCM5	MCM4	0.000999	0	0	0	0	0.98	0.9	0.987	Experiments + Databases
MCM5	MCM2	0.000999	0	0	0	0	0.991	0.9	0.344	Experiments + Databases
MCM5	MCM6	0.000999	0	0	0	0	0.98	0.9	0.987	Experiments + Databases
UPK3A	UPK1A	0.000961	0	0	0	0	0	0	0.961	Text-mining
COCH	COL2A1	0.000405	0	0	0	0	0.405	0	0	Experiments
COCH	COL4A1	0.000405	0	0	0	0	0.405	0	0	Experiments
COCH	ANXA2	0.000438	0	0	0	0	0	0	0.438	Text-mining
POLE2	AURKB	0.000422	0	0	0	0	0	0	0.422	Text-mining
POLE2	UHRF1	0.000475	0	0	0	0	0	0	0.475	Text-mining
POLE2	KIF20A	0.000495	0	0	0	0	0	0	0.495	Text-mining
POLE2	RFC4	0.000499	0	0	0	0	0	0.5	0	Databases
POLE2	RFC3	0.000499	0	0	0	0	0	0.5	0	Databases
POLE2	DTL	0.000499	0	0	0	0	0	0.5	0	Databases
POLE2	PCNA	0.000499	0	0	0	0	0	0.5	0	Databases
POLE2	FEN1	0.000499	0	0	0	0	0	0.5	0	Databases
POLE2	LIG1	0.000539	0	0	0	0	0	0.5	0.116	Databases
POLE2	CLSPN	8e-04	0	0	0	0	0.8	0	0	Experiments
POLE2	MCM7	0.000862	0	0	0	0	0.862	0	0	Experiments
POLE2	MCM2	0.000867	0	0	0	0	0.867	0	0	Experiments
POLE2	MCM6	0.000871	0	0	0	0	0.871	0	0	Experiments
POLE2	WDHD1	0.000872	0	0	0	0	0.872	0	0	Experiments
POLE2	GINS4	0.000895	0	0	0	0	0.895	0	0	Experiments
POLE2	PRIM1	9e-04	0	0	0	0	0	0.9	0	Databases
POLE2	POLG2	9e-04	0	0	0	0	0	0.9	0	Databases
POLE2	MCM4	9e-04	0	0	0	0	0.9	0	0	Experiments
POLE2	GINS2	0.000901	0	0	0	0	0.901	0	0	Experiments
POLE2	PRIM2	0.000902	0	0	0	0	0.062	0.9	0	Experiments + Databases
POLE2	CDC45	0.000903	0	0	0	0	0.902	0	0.052	Experiments
POLE2	GINS3	0.000929	0	0	0	0	0.895	0	0.353	Experiments
POLE2	POLA2	0.000936	0	0	0	0	0	0.9	0.387	Databases
POLE2	GINS1	0.000941	0	0	0	0	0.941	0	0	Experiments
POLE2	POLD1	0.000966	0	0	0	0	0.34	0.9	0.533	Experiments + Databases
POLE2	MCM3	0.000982	0	0	0	0	0.94	0.72	0	Experiments + Databases
BDKRB1	EGF	0.000414	0	0	0	0	0	0	0.414	Text-mining
AURKA	ASPM	0.000414	0	0	0	0	0.314	0	0.182	Experiments
AURKA	CCNB1	0.000445	0	0	0	0	0	0	0.445	Text-mining
AURKA	FAM83D	0.000457	0	0	0	0	0	0	0.458	Text-mining
AURKA	USP21	0.000457	0	0	0	0	0.457	0	0	Experiments
AURKA	PTTG1	0.000459	0	0	0	0	0.329	0	0.227	Experiments
AURKA	CDC20	0.00049	0	0	0	0	0.457	0	0.101	Experiments
AURKA	UBE2S	0.000499	0	0	0	0	0	0.5	0	Databases
AURKA	RRM2	0.000512	0	0	0	0	0	0	0.512	Text-mining
AURKA	CDCA8	0.000599	0	0	0	0	0	0.54	0.166	Databases
AURKA	CCNE2	0.000616	0	0	0	0	0.616	0	0	Experiments
AURKA	SCML2	0.000616	0	0	0	0	0.616	0	0	Experiments
AURKA	CDK1	0.000654	0	0	0	0	0.497	0	0.341	Experiments
AURKA	AURKB	0.000742	0	0	0	0	0.421	0.54	0.11	Experiments + Databases
AURKA	CCNB2	0.000769	0	0	0	0	0.616	0	0.423	Experiments
AURKA	UBE2C	0.000778	0	0	0	0	0.292	0.4	0.521	Experiments + Databases
AURKA	BIRC5	0.000875	0	0	0	0	0.348	0.54	0.618	Experiments + Databases
AURKA	PLK1	0.000879	0	0	0	0	0.462	0	0.784	Experiments
AURKA	INCENP	0.000936	0	0	0	0	0.618	0.54	0.667	Experiments + Databases
AURKA	TACC3	0.000984	0	0	0	0	0.943	0	0.737	Experiments
AURKA	MYCN	0.00099	0	0	0	0	0.96	0	0.776	Experiments
AURKA	TPX2	0.000999	0	0	0	0	0.971	0.9	0.955	Experiments + Databases
PYGB	CEMIP	0.000412	0	0	0	0	0	0	0.412	Text-mining
PYGB	S100A1	0.000441	0	0	0	0	0	0	0.441	Text-mining
MYBL2	RBL1	0.000489	0	0	0	0	0.457	0	0.098	Experiments
MYBL2	CCNA2	0.000647	0	0	0	0	0	0	0.647	Text-mining
MYBL2	LIN37	0.000985	0	0	0	0	0.671	0.9	0.596	Experiments + Databases
MYBL2	FOXM1	0.00099	0	0	0	0	0.184	0.8	0.944	Experiments + Databases
MYBL2	LIN9	0.000999	0	0	0	0	0.965	0.9	0.886	Experiments + Databases
EEF1A2	PFN4	0.000423	0	0	0	0	0	0	0.423	Text-mining
EEF1A2	MAPT	0.000457	0	0	0	0	0.457	0	0	Experiments
TLDC2	ATP6V1C1	0.000626	0	0	0	0	0.626	0	0	Experiments
PIGU	THY1	0.000402	0	0	0	0	0.402	0	0	Experiments
PIGU	GPAA1	0.000998	0	0	0	0	0.966	0.9	0.473	Experiments + Databases
GLA	SORT1	0.000405	0	0	0	0	0.405	0	0	Experiments
ORC6	SPAG5	0.000453	0	0	0	0	0.453	0	0	Experiments
ORC6	LHX4	0.000491	0	0	0	0	0.492	0	0	Experiments
ORC6	MCM8	0.000499	0	0	0	0	0	0.5	0	Databases
ORC6	MCM10	0.000499	0	0	0	0	0	0.5	0	Databases
ORC6	CCNB1	0.000499	0	0	0	0	0	0.5	0	Databases
ORC6	CDK1	0.000499	0	0	0	0	0	0.5	0	Databases
ORC6	CLSPN	0.000499	0	0	0	0	0	0.5	0	Databases
ORC6	MCM3	0.00065	0	0	0	0	0	0.65	0	Databases
ORC6	CDC7	0.000834	0	0	0	0	0.683	0.5	0	Experiments + Databases
ORC6	MCM6	0.000861	0	0	0	0	0.62	0.65	0	Experiments + Databases
ORC6	MCM2	0.000886	0	0	0	0	0.689	0.65	0	Experiments + Databases
ORC6	CDC45	0.000891	0	0	0	0	0.616	0.5	0.479	Experiments + Databases
ORC6	MCM4	0.000893	0	0	0	0	0.708	0.65	0	Experiments + Databases
ORC6	MCM7	0.000902	0	0	0	0	0.734	0.65	0	Experiments + Databases
ORC6	ORC1	0.000978	0	0	0	0	0.533	0.9	0.585	Experiments + Databases
ORC6	CDT1	0.000986	0	0	0	0	0.292	0.8	0.913	Experiments + Databases
AQP8	AQP10	0.000505	0	0	0	0	0	0.5	0.052	Databases
OIP5	UBE2T	0.000476	0	0	0	0	0.476	0	0	Experiments
OIP5	CENPU	0.000499	0	0	0	0	0	0.5	0	Databases
OIP5	CENPW	0.000499	0	0	0	0	0	0.5	0	Databases
OIP5	CENPH	0.000499	0	0	0	0	0	0.5	0	Databases
OIP5	CENPI	0.000499	0	0	0	0	0	0.5	0	Databases
OIP5	CENPO	0.000499	0	0	0	0	0	0.5	0	Databases
OIP5	CENPK	0.000499	0	0	0	0	0	0.5	0	Databases
OIP5	CENPL	0.000499	0	0	0	0	0	0.5	0	Databases
OIP5	HJURP	0.000716	0	0	0	0	0.457	0.5	0	Experiments + Databases
OIP5	CENPA	0.000745	0	0	0	0	0.443	0.5	0.159	Experiments + Databases
AGO2	IGF2BP1	0.00042	0	0	0	0	0.42	0	0	Experiments
AGO2	TBKBP1	0.000472	0	0	0	0	0.472	0	0	Experiments
AGO2	H2BC9	0.000499	0	0	0	0	0	0.5	0	Databases
AGO2	H2AZ1	0.000499	0	0	0	0	0	0.5	0	Databases
AGO2	H2BC15	0.000499	0	0	0	0	0	0.5	0	Databases
AGO2	H2BC11	0.000499	0	0	0	0	0	0.5	0	Databases
AGO2	H2AX	0.000499	0	0	0	0	0	0.5	0	Databases
AGO2	H2BC17	0.000499	0	0	0	0	0	0.5	0	Databases
AGO2	EZH2	0.000517	0	0	0	0	0.292	0	0.346	Experiments
AGO2	TSEN54	0.00054	0	0	0	0	0	0.54	0	Databases
AGO2	RAD51	0.000549	0	0	0	0	0.457	0	0.205	Experiments
AGO2	EHMT2	0.000555	0	0	0	0	0	0	0.555	Text-mining
AGO2	MEX3A	0.000751	0	0	0	0	0	0	0.751	Text-mining
AGO2	TRIM71	0.000873	0	0	0	0	0.457	0	0.776	Experiments
AGO2	RPP21	9e-04	0	0	0	0	0	0.9	0	Databases
DKK4	KREMEN2	0.000725	0	0	0	0	0.067	0.5	0.457	Experiments + Databases
DKK4	DKK1	9e-04	0	0	0	0	0	0.9	0	Databases
PYCR3	PYCR1	0.000968	0	0	0	0	0.702	0.9	0	Experiments + Databases
COMP	OTX1	0.000452	0	0	0	0	0.452	0	0	Experiments
COMP	MATN3	0.000624	0	0	0	0	0.236	0.5	0.097	Experiments + Databases
COMP	THBS4	0.000788	0	0	0	0	0	0	0.788	Text-mining
COMP	ACAN	0.000884	0	0	0	0	0	0.5	0.779	Databases
STX1A	UNC13A	0.000459	0	0	0	0	0	0	0.459	Text-mining
STX1A	STXBP6	0.000496	0	0	0	0	0.466	0	0.096	Experiments
STX1A	SYN3	0.000499	0	0	0	0	0	0.5	0	Databases
STX1A	GAD1	0.000499	0	0	0	0	0	0.5	0	Databases
STX1A	PPFIA4	0.000499	0	0	0	0	0	0.5	0	Databases
STX1A	LGI3	0.000499	0	0	0	0	0	0.5	0	Databases
STX1A	SYP	0.00063	0	0	0	0	0.292	0.5	0	Experiments + Databases
STX1A	CPLX2	0.000793	0	0	0	0	0.292	0.72	0	Experiments + Databases
STX1A	VAMP1	0.00084	0	0	0	0	0.459	0.54	0.409	Experiments + Databases
PLOD3	C1QTNF6	0.00042	0	0	0	0	0.421	0	0	Experiments
PLOD3	COL24A1	0.000499	0	0	0	0	0	0.5	0	Databases
PLOD3	COL9A1	0.000499	0	0	0	0	0	0.5	0	Databases
PLOD3	COL15A1	0.000499	0	0	0	0	0	0.5	0	Databases
PLOD3	COL2A1	0.000499	0	0	0	0	0	0.5	0	Databases
PLOD3	COL8A1	0.000499	0	0	0	0	0	0.5	0	Databases
PLOD3	COL22A1	0.000499	0	0	0	0	0	0.5	0	Databases
PLOD3	COL7A1	0.000499	0	0	0	0	0	0.5	0	Databases
PLOD3	EHMT2	0.000512	0	0	0	0	0.512	0	0	Experiments
PLOD3	COL4A2	0.000725	0	0	0	0	0.473	0.5	0	Experiments + Databases
PLOD3	COL4A1	0.000726	0	0	0	0	0.475	0.5	0	Experiments + Databases
KAT2A	MSH2	0.000438	0	0	0	0	0	0	0.438	Text-mining
KAT2A	E2F1	0.000457	0	0	0	0	0.457	0	0	Experiments
KAT2A	WDHD1	0.000457	0	0	0	0	0.457	0	0	Experiments
KAT2A	TCF3	0.000457	0	0	0	0	0.457	0	0	Experiments
KAT2A	H4C14	0.000459	0	0	0	0	0.398	0	0.138	Experiments
KAT2A	PYGO2	0.000487	0	0	0	0	0.292	0	0.306	Experiments
KAT2A	H2BC17	0.000499	0	0	0	0	0	0.5	0	Databases
KAT2A	H2BC11	0.000499	0	0	0	0	0	0.5	0	Databases
KAT2A	H2AC13	0.000499	0	0	0	0	0	0.5	0	Databases
KAT2A	H2BC15	0.000499	0	0	0	0	0	0.5	0	Databases
KAT2A	H2BC18	0.000499	0	0	0	0	0	0.5	0	Databases
KAT2A	NOTCH3	0.000499	0	0	0	0	0	0.5	0	Databases
KAT2A	H2BC9	0.000499	0	0	0	0	0	0.5	0	Databases
KAT2A	TACC3	0.00074	0	0	0	0	0.292	0	0.649	Experiments
KAT2A	YEATS2	0.000848	0	0	0	0	0.48	0.72	0	Experiments + Databases
IBSP	SPP1	0.000765	0	0	0	0	0	0	0.765	Text-mining
ASIC1	ASIC3	0.00056	0	0	0	0	0	0.5	0.157	Databases
RAD51AP1	H2AZ1	0.000407	0	0	0	0	0	0	0.407	Text-mining
RAD51AP1	CHEK1	0.000429	0	0	0	0	0	0	0.429	Text-mining
RAD51AP1	RMI2	0.000499	0	0	0	0	0	0.5	0	Databases
RAD51AP1	DNA2	0.000499	0	0	0	0	0	0.5	0	Databases
RAD51AP1	XRCC2	0.000499	0	0	0	0	0	0.5	0	Databases
RAD51AP1	XRCC3	0.000499	0	0	0	0	0	0.5	0	Databases
RAD51AP1	BRCA2	0.000499	0	0	0	0	0	0.5	0	Databases
RAD51AP1	BARD1	0.000499	0	0	0	0	0	0.5	0	Databases
RAD51AP1	BLM	0.000499	0	0	0	0	0	0.5	0	Databases
RAD51AP1	BRIP1	0.000499	0	0	0	0	0	0.5	0	Databases
RAD51AP1	EXO1	0.000555	0	0	0	0	0	0.5	0.147	Databases
RAD51AP1	RAD51	0.000896	0	0	0	0	0.457	0.5	0.651	Experiments + Databases
FZD10	WNT3A	0.000692	0	0	0	0	0.078	0.5	0.386	Experiments + Databases
FANCE	CHEK1	0.000461	0	0	0	0	0.292	0	0.27	Experiments
FANCE	RPL30	0.000495	0	0	0	0	0.496	0	0	Experiments
FANCE	EME2	0.000499	0	0	0	0	0	0.5	0	Databases
FANCE	POLN	0.000499	0	0	0	0	0	0.5	0	Databases
FANCE	EME1	0.000499	0	0	0	0	0	0.5	0	Databases
FANCE	FANCI	0.000949	0	0	0	0	0.8	0.5	0.533	Experiments + Databases
FANCE	UBE2T	0.00097	0	0	0	0	0.8	0.8	0.333	Experiments + Databases
FANCE	FANCD2	0.000972	0	0	0	0	0.897	0.5	0.515	Experiments + Databases
FANCE	FAAP24	0.000983	0	0	0	0	0	0.9	0.839	Databases
FANCE	FANCA	0.000999	0	0	0	0	0.944	0.9	0.984	Experiments + Databases
FANCE	FANCB	0.000999	0	0	0	0	0.944	0.9	0.983	Experiments + Databases
FANCE	FANCG	0.000999	0	0	0	0	0.886	0.9	0.983	Experiments + Databases
CAP2	ROBO1	0.000499	0	0	0	0	0	0.5	0	Databases
GMNN	MCM3	0.000408	0	0	0	0	0	0	0.408	Text-mining
GMNN	CDC20	0.000457	0	0	0	0	0.457	0	0	Experiments
GMNN	CKS1B	0.00053	0	0	0	0	0.53	0	0	Experiments
GMNN	CKS2	0.000531	0	0	0	0	0.531	0	0	Experiments
GMNN	CCNA2	0.000556	0	0	0	0	0.556	0	0	Experiments
GMNN	HOXC9	0.000557	0	0	0	0	0.423	0	0.264	Experiments
GMNN	CDK1	0.000574	0	0	0	0	0.574	0	0	Experiments
GMNN	MCM6	0.00062	0	0	0	0	0.62	0	0	Experiments
GMNN	CDKN2A	0.000633	0	0	0	0	0.633	0	0	Experiments
GMNN	CDT1	0.000999	0	0	0	0	0.973	0.9	0.725	Experiments + Databases
MDFI	CBFA2T2	0.00042	0	0	0	0	0.421	0	0	Experiments
MDFI	APLN	0.00042	0	0	0	0	0.421	0	0	Experiments
MDFI	DKK1	0.00042	0	0	0	0	0.42	0	0	Experiments
MDFI	OTX1	0.00042	0	0	0	0	0.421	0	0	Experiments
MDFI	CALML6	0.000428	0	0	0	0	0	0	0.428	Text-mining
MDFI	BEX2	0.000591	0	0	0	0	0.591	0	0	Experiments
LAMA4	ITGA2	0.000499	0	0	0	0	0	0.5	0	Databases
LAMA4	LAMA3	0.000547	0	0	0	0	0	0.4	0.276	Databases
LAMA4	ITGA6	0.00065	0	0	0	0	0	0.65	0	Databases
LAMA4	MCAM	0.000883	0	0	0	0	0.652	0	0.679	Experiments
LAMA4	LAMC1	0.000946	0	0	0	0	0.189	0.8	0.693	Experiments + Databases
LOX	EGF	0.000405	0	0	0	0	0.405	0	0	Experiments
CDH9	CDH24	0.00054	0	0	0	0	0	0.54	0	Databases
CDH9	APC2	0.00054	0	0	0	0	0	0.54	0	Databases
CDH9	CTNNA2	0.000547	0	0	0	0	0	0.54	0.057	Databases
CDH9	CDH8	0.000596	0	0	0	0	0	0.54	0.158	Databases
CDH9	CDH13	0.000598	0	0	0	0	0	0.54	0.163	Databases
PFKFB4	PFKFB2	0.000796	0	0	0	0	0.61	0.5	0	Experiments + Databases
TNNC1	NEB	0.000499	0	0	0	0	0	0.5	0	Databases
TNNC1	TPM2	0.000504	0	0	0	0	0	0.5	0.05	Databases
TNNC1	TNNT1	0.000925	0	0	0	0	0.23	0.9	0.116	Experiments + Databases
MSH2	DNMT1	4e-04	0	0	0	0	0	0	0.401	Text-mining
MSH2	MSH5	0.000402	0	0	0	0	0	0	0.402	Text-mining
MSH2	RECQL4	0.000406	0	0	0	0	0.294	0	0.194	Experiments
MSH2	BRIP1	0.000407	0	0	0	0	0	0	0.407	Text-mining
MSH2	CDC20	0.000408	0	0	0	0	0	0	0.409	Text-mining
MSH2	UHRF1	0.000457	0	0	0	0	0.457	0	0	Experiments
MSH2	MCM8	0.000457	0	0	0	0	0.457	0	0	Experiments
MSH2	FANCI	0.00054	0	0	0	0	0	0.54	0	Databases
MSH2	BLM	0.000545	0	0	0	0	0.458	0	0.194	Experiments
MSH2	H2AZ1	0.00059	0	0	0	0	0.292	0	0.445	Experiments
MSH2	RAD51	0.00067	0	0	0	0	0.292	0	0.554	Experiments
MSH2	BRCA2	0.00069	0	0	0	0	0	0.54	0.355	Databases
MSH2	PCNA	0.000808	0	0	0	0	0.622	0.5	0.065	Experiments + Databases
MSH2	FANCD2	0.000886	0	0	0	0	0.457	0.54	0.582	Experiments + Databases
MSH2	POLD1	9e-04	0	0	0	0	0	0.9	0	Databases
MSH2	EXO1	0.000993	0	0	0	0	0.457	0.5	0.977	Experiments + Databases
REG1A	REG1B	0.000671	0	0	0	0	0.671	0	0	Experiments
BCL9	ISL2	0.000405	0	0	0	0	0.405	0	0	Experiments
BCL9	TERT	0.000456	0	0	0	0	0	0	0.456	Text-mining
BCL9	LEF1	0.00068	0	0	0	0	0	0.54	0.334	Databases
BCL9	H3C6	8e-04	0	0	0	0	0.8	0	0	Experiments
BCL9	H3C10	8e-04	0	0	0	0	0.8	0	0	Experiments
BCL9	H3C2	8e-04	0	0	0	0	0.8	0	0	Experiments
BCL9	PYGO2	0.000985	0	0	0	0	0.457	0.9	0.761	Experiments + Databases
PRRX1	FOXM1	0.000431	0	0	0	0	0	0	0.431	Text-mining
NCAPH	WDR76	0.000457	0	0	0	0	0.457	0	0	Experiments
NCAPH	SMC1B	0.000525	0	0	0	0	0.356	0	0.293	Experiments
NCAPH	NCAPG2	0.000645	0	0	0	0	0	0.54	0.26	Databases
NCAPH	NCAPD2	0.000999	0	0	0	0	0.924	0.9	0.984	Experiments + Databases
NCAPH	NCAPG	0.000999	0	0	0	0	0.972	0.9	0.986	Experiments + Databases
DDX39A	SOX2	0.000457	0	0	0	0	0.457	0	0	Experiments
DDX39A	DDX39B	0.000821	0	0	0	0	0.671	0	0.481	Experiments
HOXC6	HOXD4	8e-04	0	0	0	0	0.8	0	0	Experiments
MSTO1	CCT3	0.000535	0	0	0	0	0.535	0	0	Experiments
CDC25B	MELK	0.000506	0	0	0	0	0.329	0	0.294	Experiments
CDC25B	SFN	0.000624	0	0	0	0	0.457	0	0.337	Experiments
CDC25B	CDK1	0.000855	0	0	0	0	0.47	0	0.737	Experiments
CDC25B	CCNA2	0.000892	0	0	0	0	0.292	0	0.855	Experiments
CDC25B	CDC25C	9e-04	0	0	0	0	0	0.9	0	Databases
CDC25B	CDC25A	9e-04	0	0	0	0	0	0.9	0.049	Databases
DLGAP5	TOP2A	4e-04	0	0	0	0	0	0	0.4	Text-mining
DLGAP5	TPX2	0.000416	0	0	0	0	0	0	0.416	Text-mining
DLGAP5	ASPM	0.000489	0	0	0	0	0	0	0.489	Text-mining
DLGAP5	CCNB2	0.000516	0	0	0	0	0	0	0.516	Text-mining
DLGAP5	MELK	0.000563	0	0	0	0	0	0	0.563	Text-mining
DLGAP5	AURKB	0.000633	0	0	0	0	0	0	0.633	Text-mining
DLGAP5	KIF11	0.000751	0	0	0	0	0	0	0.751	Text-mining
TRAF2	TNFRSF18	0.00048	0	0	0	0	0.457	0	0.082	Experiments
TRAF2	TRAIP	0.000597	0	0	0	0	0.457	0	0.29	Experiments
TRAF2	TNFRSF4	0.000618	0	0	0	0	0.618	0	0	Experiments
TRAF2	RNF31	0.000933	0	0	0	0	0.362	0.9	0	Experiments + Databases
TRAF2	TRAF5	0.000998	0	0	0	0	0.457	0.9	0.967	Experiments + Databases
F2RL3	GNG4	0.000499	0	0	0	0	0	0.5	0	Databases
HSPB1	NES	0.000412	0	0	0	0	0	0	0.412	Text-mining
HSPB1	MAPT	0.000588	0	0	0	0	0.292	0	0.442	Experiments
HSPB1	G6PD	0.000769	0	0	0	0	0.422	0	0.618	Experiments
DLL4	JAG2	4e-04	0	0	0	0	0	0.4	0	Databases
DLL4	NOTCH3	0.000998	0	0	0	0	0	0.9	0.98	Databases
E2F8	E2F7	0.000957	0	0	0	0	0.457	0.9	0.285	Experiments + Databases
HCN2	HCN3	0.000902	0	0	0	0	0	0.9	0.061	Databases
TUBG1	RAD51	0.000457	0	0	0	0	0.457	0	0	Experiments
NCAPG	NCAPG2	0.00054	0	0	0	0	0	0.54	0	Databases
NCAPG	SMC1B	0.000542	0	0	0	0	0.326	0	0.349	Experiments
NCAPG	NCAPD2	0.000999	0	0	0	0	0.812	0.9	0.983	Experiments + Databases
SCML2	CCNB2	0.000616	0	0	0	0	0.616	0	0	Experiments
SCML2	CCNE2	0.000616	0	0	0	0	0.616	0	0	Experiments
SCML2	H2AC11	9e-04	0	0	0	0	0.9	0	0	Experiments
SCML2	H2AC13	9e-04	0	0	0	0	0.9	0	0	Experiments
SCML2	EZH2	0.000901	0	0	0	0	0	0.9	0.054	Databases
SCML2	CBX2	0.000907	0	0	0	0	0	0.9	0.109	Databases
SCML2	CBX8	0.000952	0	0	0	0	0.33	0.9	0.346	Experiments + Databases
MICB	CD34	0.000654	0	0	0	0	0	0	0.654	Text-mining
CALY	TSSK6	0.00041	0	0	0	0	0	0	0.411	Text-mining
PRDM12	EHMT2	0.000433	0	0	0	0	0	0	0.433	Text-mining
SLC7A10	SLC7A11	0.000499	0	0	0	0	0	0.5	0	Databases
SLC7A10	SLC7A6	0.000499	0	0	0	0	0	0.5	0	Databases
BPIFA2	BPIFB4	4e-04	0	0	0	0	0	0.4	0	Databases
GINS2	MCMDC2	5e-04	0	0	0	0	0.366	0	0.245	Experiments
GINS2	MCM8	5e-04	0	0	0	0	0.366	0	0.245	Experiments
GINS2	CLSPN	8e-04	0	0	0	0	0.8	0	0	Experiments
GINS2	WDHD1	0.000971	0	0	0	0	0.971	0	0	Experiments
GINS2	MCM2	0.000974	0	0	0	0	0.947	0.54	0	Experiments + Databases
GINS2	MCM3	0.000981	0	0	0	0	0.946	0.54	0.303	Experiments + Databases
GINS2	MCM4	0.000982	0	0	0	0	0.947	0.54	0.351	Experiments + Databases
GINS2	MCM6	0.000982	0	0	0	0	0.946	0.54	0.352	Experiments + Databases
GINS2	MCM7	0.000993	0	0	0	0	0.979	0.54	0.351	Experiments + Databases
GINS2	CDC45	0.000995	0	0	0	0	0.983	0.54	0.459	Experiments + Databases
GINS2	GINS1	0.000999	0	0	0	0	0.972	0.8	0.954	Experiments + Databases
GINS2	GINS4	0.000999	0	0	0	0	0.991	0.8	0.952	Experiments + Databases
GINS2	GINS3	0.000999	0	0	0	0	0.991	0.8	0.98	Experiments + Databases
PPP1R1B	EZH2	0.000414	0	0	0	0	0	0	0.414	Text-mining
TESMIN	LIN9	0.000439	0	0	0	0	0.173	0	0.349	Experiments
MYH4	SIX1	0.000424	0	0	0	0	0.424	0	0	Experiments
MYH4	MYO18B	0.00054	0	0	0	0	0	0.54	0	Databases
MYH4	ACTN2	0.000596	0	0	0	0	0.593	0	0.049	Experiments
FABP4	FABP5	0.000474	0	0	0	0	0	0	0.474	Text-mining
CCNB1	CDKN2A	0.000431	0	0	0	0	0	0	0.431	Text-mining
CCNB1	ASPM	0.000457	0	0	0	0	0	0	0.457	Text-mining
CCNB1	RECQL4	0.000461	0	0	0	0	0.292	0	0.271	Experiments
CCNB1	TYMS	0.000463	0	0	0	0	0	0	0.464	Text-mining
CCNB1	PBK	0.000464	0	0	0	0	0	0	0.464	Text-mining
CCNB1	HMMR	0.000469	0	0	0	0	0	0	0.469	Text-mining
CCNB1	MCM8	0.000499	0	0	0	0	0	0.5	0	Databases
CCNB1	ORC1	0.000499	0	0	0	0	0	0.5	0	Databases
CCNB1	UBE2S	0.000499	0	0	0	0	0	0.5	0	Databases
CCNB1	SFN	0.000501	0	0	0	0	0	0.5	0.043	Databases
CCNB1	CDC25C	0.000527	0	0	0	0	0.292	0	0.36	Experiments
CCNB1	MCM4	0.000537	0	0	0	0	0	0	0.537	Text-mining
CCNB1	PCNA	0.000564	0	0	0	0	0.564	0	0	Experiments
CCNB1	CCNF	0.000574	0	0	0	0	0.292	0	0.424	Experiments
CCNB1	PKMYT1	0.000595	0	0	0	0	0.595	0	0	Experiments
CCNB1	FOXM1	0.000608	0	0	0	0	0.457	0	0.308	Experiments
CCNB1	BUB1	0.000615	0	0	0	0	0	0	0.615	Text-mining
CCNB1	MELK	0.000619	0	0	0	0	0	0	0.619	Text-mining
CCNB1	CDC25A	0.000646	0	0	0	0	0.621	0	0.106	Experiments
CCNB1	BIRC5	0.000656	0	0	0	0	0	0	0.656	Text-mining
CCNB1	SPDL1	0.00072	0	0	0	0	0	0.72	0	Databases
CCNB1	SKA3	0.00072	0	0	0	0	0	0.72	0	Databases
CCNB1	CENPF	0.00072	0	0	0	0	0	0.72	0	Databases
CCNB1	SKA1	0.00072	0	0	0	0	0	0.72	0	Databases
CCNB1	DIAPH3	0.000724	0	0	0	0	0.724	0	0	Experiments
CCNB1	NDC80	0.000774	0	0	0	0	0.226	0.72	0	Experiments + Databases
CCNB1	TOP2A	0.00078	0	0	0	0	0	0	0.78	Text-mining
CCNB1	UBE2C	0.000816	0	0	0	0	0	0.5	0.649	Databases
CCNB1	H2AX	0.000893	0	0	0	0	0	0	0.893	Text-mining
CCNB1	BUB1B	0.000916	0	0	0	0	0	0.72	0.713	Databases
CCNB1	CCNA2	0.000918	0	0	0	0	0.497	0	0.844	Experiments
CCNB1	CDC20	0.000931	0	0	0	0	0.471	0.5	0.762	Experiments + Databases
CCNB1	PLK1	0.000967	0	0	0	0	0.453	0.72	0.804	Experiments + Databases
CCNB1	CKS1B	0.000986	0	0	0	0	0.929	0	0.812	Experiments
CCNB1	CKS2	0.000987	0	0	0	0	0.934	0	0.814	Experiments
CCNB1	CCNB2	0.000991	0	0	0	0	0.724	0.9	0.727	Experiments + Databases
CCNB1	CDK1	0.000999	0	0	0	0	0.975	0.9	0.987	Experiments + Databases
SORT1	MDK	0.000418	0	0	0	0	0	0	0.418	Text-mining
SORT1	AP1M2	0.000499	0	0	0	0	0	0.5	0	Databases
SORT1	LPL	0.000729	0	0	0	0	0.405	0	0.564	Experiments
TRIM45	AARSD1	0.00059	0	0	0	0	0.59	0	0	Experiments
LAMC1	ITGA2	0.000499	0	0	0	0	0	0.5	0	Databases
LAMC1	DRP2	0.000499	0	0	0	0	0	0.5	0	Databases
LAMC1	LAMB4	0.00054	0	0	0	0	0	0.54	0	Databases
LAMC1	COL4A1	0.000556	0	0	0	0	0	0	0.556	Text-mining
LAMC1	LAMA3	0.000844	0	0	0	0	0.189	0.8	0.116	Experiments + Databases
LAMC1	ITGA6	0.000963	0	0	0	0	0.9	0.65	0	Experiments + Databases
CHRND	CHRNB4	0.00072	0	0	0	0	0	0.72	0	Databases
PLXNC1	PLXNA3	0.00054	0	0	0	0	0	0.54	0	Databases
PLXNC1	PLXNA1	0.00054	0	0	0	0	0	0.54	0	Databases
IGF2BP3	SNRPB	0.000422	0	0	0	0	0.422	0	0	Experiments
IGF2BP3	HMGA2	0.000499	0	0	0	0	0.292	0	0.322	Experiments
IGF2BP3	KIF20A	0.000522	0	0	0	0	0.292	0	0.353	Experiments
IGF2BP3	TTK	0.000536	0	0	0	0	0	0	0.536	Text-mining
IGF2BP3	IGF2BP2	0.000691	0	0	0	0	0.614	0	0.234	Experiments
IGF2BP3	IGF2BP1	0.000848	0	0	0	0	0.733	0	0.456	Experiments
IGF2BP3	IGF2	0.000935	0	0	0	0	0	0	0.935	Text-mining
BRIP1	PLK1	0.000412	0	0	0	0	0	0	0.412	Text-mining
BRIP1	H2AX	0.000434	0	0	0	0	0	0	0.434	Text-mining
BRIP1	RFC3	0.000499	0	0	0	0	0	0.5	0	Databases
BRIP1	DNA2	0.000499	0	0	0	0	0	0.5	0	Databases
BRIP1	XRCC2	0.000499	0	0	0	0	0	0.5	0	Databases
BRIP1	XRCC3	0.000499	0	0	0	0	0	0.5	0	Databases
BRIP1	RFC4	0.000499	0	0	0	0	0	0.5	0	Databases
BRIP1	RMI2	0.000499	0	0	0	0	0	0.5	0	Databases
BRIP1	POLD1	0.000501	0	0	0	0	0	0.5	0.044	Databases
BRIP1	EXO1	0.000503	0	0	0	0	0	0.5	0.047	Databases
BRIP1	BLM	0.00075	0	0	0	0	0.457	0.5	0.155	Experiments + Databases
BRIP1	RAD51	0.000757	0	0	0	0	0	0.5	0.534	Databases
BRIP1	CLSPN	8e-04	0	0	0	0	0	0.8	0	Databases
BRIP1	RHNO1	8e-04	0	0	0	0	0	0.8	0	Databases
BRIP1	CHEK1	8e-04	0	0	0	0	0	0.8	0	Databases
BRIP1	FANCI	0.000823	0	0	0	0	0	0	0.823	Text-mining
BRIP1	BARD1	0.000901	0	0	0	0	0.734	0.54	0.256	Experiments + Databases
BRIP1	FANCD2	0.000902	0	0	0	0	0.457	0	0.828	Experiments
BRIP1	BRCA2	0.000977	0	0	0	0	0.292	0.9	0.705	Experiments + Databases
GABBR2	GNG4	0.000499	0	0	0	0	0	0.5	0	Databases
GABBR2	KCNJ5	0.000512	0	0	0	0	0	0.5	0.065	Databases
GABBR2	KCNJ6	0.000526	0	0	0	0	0	0.5	0.092	Databases
GABBR2	GABRA3	0.00054	0	0	0	0	0	0.54	0	Databases
GABBR2	GABRG2	0.00054	0	0	0	0	0	0.54	0	Databases
GABBR2	GABRR3	0.00054	0	0	0	0	0	0.54	0	Databases
GABBR2	GABRQ	0.000546	0	0	0	0	0	0.54	0.054	Databases
GABBR2	GABRD	0.000599	0	0	0	0	0	0.54	0.166	Databases
GABBR2	GABRE	0.00072	0	0	0	0	0	0.72	0	Databases
POU5F1	TUBB4A	0.000457	0	0	0	0	0.457	0	0	Experiments
POU5F1	KPNA2	0.000521	0	0	0	0	0.509	0	0.066	Experiments
POU5F1	CDX2	0.000644	0	0	0	0	0	0	0.644	Text-mining
POU5F1	H4C5	8e-04	0	0	0	0	0.8	0	0	Experiments
POU5F1	H4C8	8e-04	0	0	0	0	0.8	0	0	Experiments
POU5F1	H3C10	8e-04	0	0	0	0	0.8	0	0	Experiments
POU5F1	H3C6	8e-04	0	0	0	0	0.8	0	0	Experiments
POU5F1	H4C12	8e-04	0	0	0	0	0.8	0	0	Experiments
POU5F1	H4C14	8e-04	0	0	0	0	0.8	0	0	Experiments
POU5F1	H2BC11	8e-04	0	0	0	0	0.8	0	0	Experiments
POU5F1	H3C2	8e-04	0	0	0	0	0.8	0	0	Experiments
POU5F1	PKM	0.000943	0	0	0	0	0	0	0.943	Text-mining
POU5F1	SOX2	0.000999	0	0	0	0	0.95	0.8	0.982	Experiments + Databases
NRM	TRIM59	0.000542	0	0	0	0	0.542	0	0	Experiments
KIF23	TOP2A	0.000407	0	0	0	0	0.292	0	0.198	Experiments
KIF23	AURKB	0.000491	0	0	0	0	0.292	0	0.31	Experiments
KIF23	ANLN	0.000511	0	0	0	0	0.292	0	0.338	Experiments
KIF23	INCENP	0.000513	0	0	0	0	0.292	0	0.34	Experiments
KIF23	KIF15	0.00054	0	0	0	0	0	0.54	0	Databases
KIF23	KIFC2	0.00054	0	0	0	0	0	0.54	0	Databases
KIF23	KIF18A	0.00054	0	0	0	0	0	0.54	0	Databases
KIF23	KLC2	0.00054	0	0	0	0	0	0.54	0	Databases
KIF23	KIF21B	0.00054	0	0	0	0	0	0.54	0	Databases
KIF23	KIF5A	0.00054	0	0	0	0	0	0.54	0	Databases
KIF23	KIF18B	0.000568	0	0	0	0	0	0.54	0.101	Databases
KIF23	KIF2C	0.000575	0	0	0	0	0	0.54	0.116	Databases
KIF23	KIFC1	0.000596	0	0	0	0	0	0.54	0.158	Databases
KIF23	CEP55	0.000652	0	0	0	0	0.383	0	0.46	Experiments
KIF23	PLK1	0.000654	0	0	0	0	0.292	0	0.531	Experiments
KIF23	KIF20A	0.00066	0	0	0	0	0.292	0.54	0	Experiments + Databases
KIF23	KIF11	0.000669	0	0	0	0	0.292	0.54	0.068	Experiments + Databases
KIF23	SHCBP1	0.000675	0	0	0	0	0.675	0	0	Experiments
KIF23	KIF14	0.000678	0	0	0	0	0.292	0.54	0.093	Experiments + Databases
KIF23	PRC1	0.000751	0	0	0	0	0.457	0	0.561	Experiments
KIF23	ECT2	0.000988	0	0	0	0	0.457	0.9	0.808	Experiments + Databases
KIF23	RACGAP1	0.000999	0	0	0	0	0.911	0.9	0.986	Experiments + Databases
MNS1	CFAP53	0.000801	0	0	0	0	0.801	0	0	Experiments
MNS1	RIBC2	0.000801	0	0	0	0	0.801	0	0	Experiments
KIF11	FOXM1	4e-04	0	0	0	0	0	0	0.4	Text-mining
KIF11	RACGAP1	0.000412	0	0	0	0	0	0	0.413	Text-mining
KIF11	CCNA2	0.00045	0	0	0	0	0	0	0.45	Text-mining
KIF11	IGF2BP1	0.000483	0	0	0	0	0	0	0.483	Text-mining
KIF11	CDC20	0.000487	0	0	0	0	0	0	0.488	Text-mining
KIF11	KIFC1	0.00054	0	0	0	0	0	0.54	0	Databases
KIF11	KIF14	0.00054	0	0	0	0	0	0.54	0	Databases
KIF11	KIF18B	0.00054	0	0	0	0	0	0.54	0	Databases
KIF11	KIF18A	0.00054	0	0	0	0	0	0.54	0	Databases
KIF11	KIF21B	0.00054	0	0	0	0	0	0.54	0	Databases
KIF11	KIFC2	0.00054	0	0	0	0	0	0.54	0	Databases
KIF11	BUB1B	0.000544	0	0	0	0	0	0	0.544	Text-mining
KIF11	KIF20A	0.000567	0	0	0	0	0	0.54	0.099	Databases
KIF11	KIF2C	6e-04	0	0	0	0	0	0.54	0.167	Databases
KIF11	KIF5A	0.000643	0	0	0	0	0.226	0.54	0.078	Experiments + Databases
KIF11	CDK1	0.000682	0	0	0	0	0.292	0	0.57	Experiments
KIF11	KLC2	0.00072	0	0	0	0	0	0.72	0	Databases
KIF11	KIF15	0.000734	0	0	0	0	0	0.72	0.091	Databases
BARD1	RFC4	0.000499	0	0	0	0	0	0.5	0	Databases
BARD1	BLM	0.000499	0	0	0	0	0	0.5	0	Databases
BARD1	RHNO1	0.000499	0	0	0	0	0	0.5	0	Databases
BARD1	RFC3	0.000499	0	0	0	0	0	0.5	0	Databases
BARD1	RMI2	0.000499	0	0	0	0	0	0.5	0	Databases
BARD1	DNA2	0.000505	0	0	0	0	0.051	0.5	0	Experiments + Databases
BARD1	EXO1	0.000526	0	0	0	0	0	0.5	0.092	Databases
BARD1	CDC20	0.00054	0	0	0	0	0	0.54	0	Databases
BARD1	CDC20B	0.00054	0	0	0	0	0	0.54	0	Databases
BARD1	XRCC2	0.000581	0	0	0	0	0	0.5	0.198	Databases
BARD1	XRCC3	0.000708	0	0	0	0	0	0.5	0.441	Databases
BARD1	BUB1B	0.00072	0	0	0	0	0	0.72	0	Databases
BARD1	AURKB	0.000789	0	0	0	0	0.457	0	0.628	Experiments
BARD1	H3C10	9e-04	0	0	0	0	0.9	0	0	Experiments
BARD1	H3C6	9e-04	0	0	0	0	0.9	0	0	Experiments
BARD1	CUL7	9e-04	0	0	0	0	0	0.9	0	Databases
BARD1	H4C8	9e-04	0	0	0	0	0.9	0	0	Experiments
BARD1	CBX2	9e-04	0	0	0	0	0	0.9	0	Databases
BARD1	CBX8	9e-04	0	0	0	0	0	0.9	0	Databases
BARD1	H4C5	9e-04	0	0	0	0	0.9	0	0	Experiments
BARD1	H2BC11	9e-04	0	0	0	0	0.9	0	0	Experiments
BARD1	H4C14	9e-04	0	0	0	0	0.9	0	0	Experiments
BARD1	H4C12	9e-04	0	0	0	0	0.9	0	0	Experiments
BARD1	UBE2C	9e-04	0	0	0	0	0	0.9	0	Databases
BARD1	H3C2	9e-04	0	0	0	0	0.9	0	0	Experiments
BARD1	H2AC11	0.000903	0	0	0	0	0.9	0	0.072	Experiments
BARD1	UBE2S	0.000942	0	0	0	0	0	0.9	0.449	Databases
BARD1	H2AC13	0.000949	0	0	0	0	0.9	0.5	0.072	Experiments + Databases
BARD1	RAD51	0.000991	0	0	0	0	0.508	0.72	0.941	Experiments + Databases
BARD1	BRCA2	0.000994	0	0	0	0	0.642	0.72	0.948	Experiments + Databases
COL8A1	COL7A1	4e-04	0	0	0	0	0	0.4	0	Databases
COL8A1	COL22A1	4e-04	0	0	0	0	0	0.4	0	Databases
COL8A1	COL9A1	4e-04	0	0	0	0	0	0.4	0	Databases
COL8A1	VWF	0.000442	0	0	0	0	0	0	0.442	Text-mining
COL8A1	SERPINH1	0.000526	0	0	0	0	0	0.5	0.091	Databases
COL8A1	COL4A2	0.00054	0	0	0	0	0	0.54	0	Databases
COL8A1	COL4A1	0.000599	0	0	0	0	0.165	0.54	0	Experiments + Databases
COL8A1	COL15A1	0.00072	0	0	0	0	0	0.72	0	Databases
LMNB1	KIF20A	0.00049	0	0	0	0	0.292	0	0.31	Experiments
LMNB1	BANF2	0.000499	0	0	0	0	0	0	0.499	Text-mining
LMNB1	CDK1	0.000506	0	0	0	0	0.292	0	0.331	Experiments
LMNB1	RHOF	0.000552	0	0	0	0	0.142	0.5	0	Experiments + Databases
LMNB1	TMEM201	0.000603	0	0	0	0	0	0	0.603	Text-mining
LMNB1	ZWINT	0.000724	0	0	0	0	0.724	0	0	Experiments
LMNB1	LMNB2	0.000998	0	0	0	0	0.629	0.9	0.963	Experiments + Databases
REXO5	PCNA	0.000516	0	0	0	0	0.244	0.27	0.195	Experiments + Databases
VWF	SPP1	0.000478	0	0	0	0	0	0	0.478	Text-mining
TRAF5	TNFRSF4	0.000457	0	0	0	0	0.457	0	0	Experiments
TRAF5	RNF31	9e-04	0	0	0	0	0	0.9	0	Databases
NDC80	CDT1	0.000497	0	0	0	0	0.292	0	0.32	Experiments
NDC80	CENPH	0.000591	0	0	0	0	0.421	0	0.323	Experiments
NDC80	CENPU	0.000621	0	0	0	0	0.129	0	0.583	Experiments
NDC80	SPDL1	0.00072	0	0	0	0	0	0.72	0	Databases
NDC80	SKA3	0.00072	0	0	0	0	0	0.72	0	Databases
NDC80	BUB1	0.000725	0	0	0	0	0.725	0	0	Experiments
NDC80	CENPF	0.000752	0	0	0	0	0	0.72	0.154	Databases
NDC80	BUB1B	0.000755	0	0	0	0	0.164	0.72	0	Experiments + Databases
NDC80	PLK1	0.000774	0	0	0	0	0.226	0.72	0	Experiments + Databases
NDC80	NEK2	0.000809	0	0	0	0	0.457	0	0.664	Experiments
NDC80	SKA1	0.00083	0	0	0	0	0.421	0.72	0	Experiments + Databases
NDC80	DSN1	0.000836	0	0	0	0	0.66	0.54	0	Experiments + Databases
NDC80	ZWINT	0.000868	0	0	0	0	0.725	0.54	0	Experiments + Databases
NDC80	SPC25	0.000993	0	0	0	0	0.821	0.9	0.642	Experiments + Databases
NDC80	NUF2	0.000999	0	0	0	0	0.991	0.9	0.984	Experiments + Databases
NDC80	SPC24	0.000999	0	0	0	0	0.725	0.9	0.983	Experiments + Databases
PDGFRB	MYCN	0.00042	0	0	0	0	0	0	0.42	Text-mining
PDGFRB	EGF	0.00063	0	0	0	0	0	0	0.63	Text-mining
PDGFRB	PDGFA	0.000992	0	0	0	0	0.37	0.4	0.981	Experiments + Databases
MCM4	KIF20A	0.000406	0	0	0	0	0.292	0	0.196	Experiments
MCM4	L3MBTL1	0.00042	0	0	0	0	0.421	0	0	Experiments
MCM4	H3C10	0.000439	0	0	0	0	0.42	0	0.073	Experiments
MCM4	PLK1	0.000457	0	0	0	0	0.457	0	0	Experiments
MCM4	RECQL4	0.000457	0	0	0	0	0.457	0	0	Experiments
MCM4	FANCD2	0.000457	0	0	0	0	0.457	0	0	Experiments
MCM4	TONSL	0.000457	0	0	0	0	0.457	0	0	Experiments
MCM4	MMS22L	0.000491	0	0	0	0	0.292	0	0.311	Experiments
MCM4	MCMDC2	0.000506	0	0	0	0	0.369	0	0.25	Experiments
MCM4	ASF1B	0.000611	0	0	0	0	0.611	0	0	Experiments
MCM4	PCNA	0.000619	0	0	0	0	0.619	0	0	Experiments
MCM4	WDHD1	0.000896	0	0	0	0	0.896	0	0	Experiments
MCM4	CLSPN	0.000899	0	0	0	0	0.8	0.5	0.08	Experiments + Databases
MCM4	ORC1	0.000931	0	0	0	0	0.811	0.65	0	Experiments + Databases
MCM4	CDT1	0.000961	0	0	0	0	0.796	0.5	0.649	Experiments + Databases
MCM4	CDC7	0.000966	0	0	0	0	0.861	0.5	0.557	Experiments + Databases
MCM4	MCM8	0.000979	0	0	0	0	0.534	0.9	0.594	Experiments + Databases
MCM4	GINS1	0.000979	0	0	0	0	0.945	0.54	0.245	Experiments + Databases
MCM4	MCM10	0.00098	0	0	0	0	0.597	0.5	0.908	Experiments + Databases
MCM4	GINS3	0.000985	0	0	0	0	0.945	0.54	0.477	Experiments + Databases
MCM4	CDC45	0.000987	0	0	0	0	0.969	0.54	0.18	Experiments + Databases
MCM4	GINS4	0.000991	0	0	0	0	0.959	0.54	0.565	Experiments + Databases
MCM4	MCM6	0.000999	0	0	0	0	0.99	0.9	0.987	Experiments + Databases
MCM4	MCM3	0.000999	0	0	0	0	0.981	0.9	0.987	Experiments + Databases
MCM4	MCM7	0.000999	0	0	0	0	0.991	0.9	0.987	Experiments + Databases
MCM4	MCM2	0.000999	0	0	0	0	0.982	0.9	0.665	Experiments + Databases
CACNG4	ADAM23	0.000499	0	0	0	0	0	0.5	0	Databases
CACNG4	GRIK4	0.00054	0	0	0	0	0	0.54	0	Databases
CACNG4	GRIN2C	0.00072	0	0	0	0	0	0.72	0	Databases
CACNG4	CNIH2	0.00072	0	0	0	0	0	0.72	0	Databases
CACNG4	CATSPER2	0.00072	0	0	0	0	0	0.72	0	Databases
CACNG4	GRIN2A	0.00072	0	0	0	0	0	0.72	0	Databases
CACNG4	CACNA1E	0.000896	0	0	0	0	0	0.8	0.503	Databases
CACNG4	CACNB4	9e-04	0	0	0	0	0	0.9	0	Databases
PRR11	PRDM15	0.000451	0	0	0	0	0.451	0	0	Experiments
PKMYT1	CCNB2	0.000584	0	0	0	0	0.584	0	0	Experiments
PKMYT1	CCNA2	0.000595	0	0	0	0	0.595	0	0	Experiments
PKMYT1	CKS1B	0.000596	0	0	0	0	0.596	0	0	Experiments
PKMYT1	PLK1	0.000632	0	0	0	0	0.499	0	0.297	Experiments
PKMYT1	CKS2	0.00065	0	0	0	0	0.65	0	0	Experiments
PKMYT1	CDK1	0.000668	0	0	0	0	0.632	0	0.134	Experiments
CHTF18	POLD1	0.000417	0	0	0	0	0.317	0	0.182	Experiments
CHTF18	DDX11	0.000483	0	0	0	0	0.292	0	0.301	Experiments
CHTF18	E2F1	0.000633	0	0	0	0	0	0	0.633	Text-mining
CHTF18	ATAD5	0.000809	0	0	0	0	0	0	0.809	Text-mining
CHTF18	PCNA	0.000834	0	0	0	0	0.682	0.5	0	Experiments + Databases
CHTF18	RFC3	0.000985	0	0	0	0	0.633	0.9	0.633	Experiments + Databases
CHTF18	RFC4	0.000987	0	0	0	0	0.701	0.9	0.622	Experiments + Databases
CHTF18	DSCC1	0.000999	0	0	0	0	0.901	0.9	0.98	Experiments + Databases
GINS1	MCM10	0.000598	0	0	0	0	0.081	0	0.581	Experiments
GINS1	CLSPN	8e-04	0	0	0	0	0.8	0	0	Experiments
GINS1	WDHD1	0.000916	0	0	0	0	0.916	0	0	Experiments
GINS1	MCM6	0.000973	0	0	0	0	0.945	0.54	0	Experiments + Databases
GINS1	MCM2	0.000974	0	0	0	0	0.946	0.54	0	Experiments + Databases
GINS1	MCM3	0.000974	0	0	0	0	0.947	0.54	0	Experiments + Databases
GINS1	MCM7	0.000989	0	0	0	0	0.976	0.54	0.121	Experiments + Databases
GINS1	CDC45	0.000996	0	0	0	0	0.983	0.54	0.593	Experiments + Databases
GINS1	GINS3	0.000999	0	0	0	0	0.991	0.8	0.979	Experiments + Databases
GINS1	GINS4	0.000999	0	0	0	0	0.991	0.8	0.969	Experiments + Databases
CCNE1	MCM7	0.000407	0	0	0	0	0	0	0.407	Text-mining
CCNE1	CALML6	0.000407	0	0	0	0	0	0	0.407	Text-mining
CCNE1	E2F1	0.000411	0	0	0	0	0.292	0	0.202	Experiments
CCNE1	CDC25A	0.000457	0	0	0	0	0.457	0	0	Experiments
CCNE1	FOXM1	0.000457	0	0	0	0	0.457	0	0	Experiments
CCNE1	LIN37	0.000477	0	0	0	0	0.477	0	0	Experiments
CCNE1	CCT3	0.000499	0	0	0	0	0	0.5	0	Databases
CCNE1	E2F5	0.000499	0	0	0	0	0	0.5	0	Databases
CCNE1	E2F2	0.00054	0	0	0	0	0	0	0.54	Text-mining
CCNE1	CDT1	0.000551	0	0	0	0	0.292	0	0.392	Experiments
CCNE1	RBL1	0.00063	0	0	0	0	0.292	0.5	0	Experiments + Databases
CCNE1	PCNA	0.000651	0	0	0	0	0.651	0	0	Experiments
CCNE1	CKS2	0.000664	0	0	0	0	0.664	0	0	Experiments
CCNE1	CDK1	0.000738	0	0	0	0	0.507	0	0.49	Experiments
CCNE1	CCNA2	0.000759	0	0	0	0	0	0.4	0.616	Databases
CCNE1	CKS1B	0.000804	0	0	0	0	0.625	0.5	0	Experiments + Databases
CCNE1	CCNE2	0.000946	0	0	0	0	0	0.9	0.485	Databases
CBFA2T2	TCF3	0.000436	0	0	0	0	0	0	0.436	Text-mining
CDKN2C	CDKN2B	0.000454	0	0	0	0	0.454	0	0	Experiments
CDKN2C	CDKN2A	0.000492	0	0	0	0	0.329	0	0.275	Experiments
TCF3	DNMT1	0.000405	0	0	0	0	0	0	0.405	Text-mining
TCF3	SOX2	0.000457	0	0	0	0	0.457	0	0	Experiments
TCF3	EBF1	0.000647	0	0	0	0	0	0	0.647	Text-mining
TCF3	MESP2	0.000652	0	0	0	0	0.652	0	0.043	Experiments
TCF3	TAL2	0.000684	0	0	0	0	0.451	0	0.449	Experiments
KIF18A	KIF21B	0.00054	0	0	0	0	0	0.54	0	Databases
KIF18A	KIF5A	0.00054	0	0	0	0	0	0.54	0	Databases
KIF18A	KIF20A	0.00054	0	0	0	0	0	0.54	0	Databases
KIF18A	KIFC2	0.00054	0	0	0	0	0	0.54	0	Databases
KIF18A	KIF18B	0.00054	0	0	0	0	0	0.54	0	Databases
KIF18A	KIF15	0.00054	0	0	0	0	0	0.54	0	Databases
KIF18A	KLC2	0.00054	0	0	0	0	0	0.54	0	Databases
KIF18A	KIFC1	0.00061	0	0	0	0	0	0.54	0.188	Databases
KIF18A	KIF14	0.000633	0	0	0	0	0	0.54	0.235	Databases
KIF18A	CENPE	0.000821	0	0	0	0	0	0.8	0.142	Databases
KIF18A	KIF2C	0.000847	0	0	0	0	0	0.8	0.268	Databases
LIG1	RFC3	0.000499	0	0	0	0	0	0.5	0	Databases
LIG1	POLD1	0.000554	0	0	0	0	0	0.5	0.145	Databases
LIG1	EHMT2	0.000674	0	0	0	0	0.457	0	0.425	Experiments
LIG1	RFC4	0.000685	0	0	0	0	0	0.5	0.396	Databases
LIG1	UHRF1	0.00096	0	0	0	0	0.96	0	0	Experiments
LIG1	FEN1	0.000969	0	0	0	0	0.92	0	0.633	Experiments
LIG1	PCNA	0.000995	0	0	0	0	0.99	0.5	0	Experiments + Databases
NOX4	DUOX2	0.000899	0	0	0	0	0	0.54	0.791	Databases
NOX4	DUOX1	0.00099	0	0	0	0	0	0.54	0.98	Databases
ASF1B	MCM7	0.000433	0	0	0	0	0.433	0	0	Experiments
ASF1B	H3C2	0.000558	0	0	0	0	0.512	0	0.131	Experiments
ASF1B	H3C10	0.000595	0	0	0	0	0.553	0	0.131	Experiments
ASF1B	MMS22L	0.000602	0	0	0	0	0.602	0	0	Experiments
ASF1B	MCM6	0.000627	0	0	0	0	0.627	0	0	Experiments
ASF1B	CHAF1A	0.000667	0	0	0	0	0.667	0	0	Experiments
ASF1B	TONSL	0.000743	0	0	0	0	0.575	0	0.421	Experiments
ASF1B	CHAF1B	0.000848	0	0	0	0	0.791	0	0.304	Experiments
ASF1B	H4C5	0.000921	0	0	0	0	0.921	0	0	Experiments
ASF1B	H4C8	0.000921	0	0	0	0	0.921	0	0	Experiments
ASF1B	H4C12	0.000921	0	0	0	0	0.921	0	0	Experiments
ASF1B	H4C14	0.000967	0	0	0	0	0.967	0	0	Experiments
ASF1B	MCM2	0.00097	0	0	0	0	0.96	0	0.289	Experiments
NOTCH3	DNM3	0.000403	0	0	0	0	0	0	0.403	Text-mining
NOTCH3	EGF	0.000516	0	0	0	0	0	0.5	0.071	Databases
NOTCH3	DLK1	0.000606	0	0	0	0	0	0	0.606	Text-mining
NOTCH3	TACC3	9e-04	0	0	0	0	0	0.9	0	Databases
NOTCH3	JAG2	0.000998	0	0	0	0	0.297	0.9	0.983	Experiments + Databases
ARID3A	SOX2	0.00042	0	0	0	0	0.421	0	0	Experiments
ARID3A	E2F1	0.000518	0	0	0	0	0.292	0	0.348	Experiments
LHX4	SSX1	0.000473	0	0	0	0	0.23	0	0.344	Experiments
LHX4	LHX3	0.000767	0	0	0	0	0.292	0.5	0.396	Experiments + Databases
LHX4	ISL2	0.000878	0	0	0	0	0.681	0	0.635	Experiments
SGO1	BUB1B	0.00044	0	0	0	0	0.292	0	0.242	Experiments
SGO1	AURKB	0.00049	0	0	0	0	0.292	0	0.31	Experiments
SGO1	CDCA8	0.000933	0	0	0	0	0.292	0	0.91	Experiments
WDR76	CCT3	0.000457	0	0	0	0	0.457	0	0	Experiments
WDR76	EPPK1	0.000457	0	0	0	0	0.457	0	0	Experiments
WDR76	DBN1	0.000457	0	0	0	0	0.457	0	0	Experiments
WDR76	HELLS	0.000817	0	0	0	0	0.457	0	0.678	Experiments
MCAM	RHOF	0.000557	0	0	0	0	0.152	0.5	0	Experiments + Databases
TUBB4A	H3C2	0.000424	0	0	0	0	0	0	0.424	Text-mining
TUBB4A	H3C10	0.000424	0	0	0	0	0	0	0.424	Text-mining
TUBB4A	H3C6	0.000424	0	0	0	0	0	0	0.424	Text-mining
TUBB4A	TUBA3C	0.000496	0	0	0	0	0.142	0.4	0.101	Experiments + Databases
TUBB4A	PFDN6	0.000499	0	0	0	0	0	0.5	0	Databases
TUBB4A	CCT3	0.000529	0	0	0	0	0.098	0.5	0	Experiments + Databases
TUBB4A	DYNC1I1	0.000743	0	0	0	0	0.115	0.65	0.238	Experiments + Databases
MCM6	H2AX	0.00042	0	0	0	0	0.421	0	0	Experiments
MCM6	CDC20	0.000446	0	0	0	0	0	0	0.446	Text-mining
MCM6	TONSL	0.000457	0	0	0	0	0.457	0	0	Experiments
MCM6	RECQL4	0.000457	0	0	0	0	0.457	0	0	Experiments
MCM6	PLK1	0.000457	0	0	0	0	0.457	0	0	Experiments
MCM6	CDKN2A	0.000497	0	0	0	0	0.292	0	0.32	Experiments
MCM6	MMS22L	0.000597	0	0	0	0	0.457	0	0.29	Experiments
MCM6	CDC7	0.000839	0	0	0	0	0.656	0.5	0.14	Experiments + Databases
MCM6	WDHD1	0.000889	0	0	0	0	0.889	0	0	Experiments
MCM6	CLSPN	0.000895	0	0	0	0	0.8	0.5	0	Experiments + Databases
MCM6	ORC1	0.00091	0	0	0	0	0.755	0.65	0	Experiments + Databases
MCM6	MCM10	0.000944	0	0	0	0	0.753	0.5	0.586	Experiments + Databases
MCM6	GINS4	0.00098	0	0	0	0	0.959	0.54	0	Experiments + Databases
MCM6	MCM8	0.000981	0	0	0	0	0.292	0.9	0.754	Experiments + Databases
MCM6	GINS3	0.000989	0	0	0	0	0.954	0.54	0.525	Experiments + Databases
MCM6	CDC45	0.000996	0	0	0	0	0.981	0.54	0.622	Experiments + Databases
MCM6	MCM7	0.000999	0	0	0	0	0.982	0.9	0.987	Experiments + Databases
MCM6	MCM3	0.000999	0	0	0	0	0.983	0.9	0.987	Experiments + Databases
MCM6	CDT1	0.000999	0	0	0	0	0.973	0.5	0.954	Experiments + Databases
MCM6	MCM2	0.000999	0	0	0	0	0.991	0.9	0.351	Experiments + Databases
POLQ	POLD1	0.000448	0	0	0	0	0	0	0.448	Text-mining
POLQ	FEN1	0.000499	0	0	0	0	0	0.5	0	Databases
ADAM23	LGI3	0.000814	0	0	0	0	0	0.5	0.644	Databases
UBE2S	PLK1	0.000499	0	0	0	0	0	0.5	0	Databases
UBE2S	AURKB	0.000499	0	0	0	0	0	0.5	0	Databases
UBE2S	CDK1	0.000499	0	0	0	0	0	0.5	0	Databases
UBE2S	EHMT2	0.000499	0	0	0	0	0	0.5	0	Databases
UBE2S	PTTG1	0.000499	0	0	0	0	0	0.5	0	Databases
UBE2S	CCNA2	0.000499	0	0	0	0	0	0.5	0	Databases
UBE2S	NEK2	0.000499	0	0	0	0	0	0.5	0	Databases
UBE2S	MAD2L1	0.000499	0	0	0	0	0	0.5	0	Databases
UBE2S	CDC20B	0.00054	0	0	0	0	0	0.54	0	Databases
UBE2S	BRCA2	0.00072	0	0	0	0	0	0.72	0	Databases
UBE2S	RAD51	0.00072	0	0	0	0	0	0.72	0	Databases
UBE2S	BUB1B	0.00076	0	0	0	0	0	0.72	0.18	Databases
UBE2S	CBX8	9e-04	0	0	0	0	0	0.9	0	Databases
UBE2S	CBX2	9e-04	0	0	0	0	0	0.9	0	Databases
UBE2S	CUL7	9e-04	0	0	0	0	0	0.9	0	Databases
UBE2S	CDC20	0.000919	0	0	0	0	0.734	0.54	0.392	Experiments + Databases
UBE2S	UBE2C	0.000967	0	0	0	0	0.292	0.9	0.579	Experiments + Databases
NEIL3	H2BC17	0.000499	0	0	0	0	0	0.5	0	Databases
NEIL3	H2BC9	0.000499	0	0	0	0	0	0.5	0	Databases
NEIL3	H2AZ1	0.000499	0	0	0	0	0	0.5	0	Databases
NEIL3	H2AX	0.000499	0	0	0	0	0	0.5	0	Databases
NEIL3	H2BC15	0.000499	0	0	0	0	0	0.5	0	Databases
NEIL3	H2BC11	0.000499	0	0	0	0	0	0.5	0	Databases
DNMT3A	FEN1	0.00044	0	0	0	0	0	0	0.44	Text-mining
DNMT3A	H2BC17	0.000499	0	0	0	0	0	0.5	0	Databases
DNMT3A	H2BC11	0.000499	0	0	0	0	0	0.5	0	Databases
DNMT3A	H2BC15	0.000499	0	0	0	0	0	0.5	0	Databases
DNMT3A	H2BC9	0.000499	0	0	0	0	0	0.5	0	Databases
DNMT3A	H2AX	0.00063	0	0	0	0	0.292	0.5	0	Experiments + Databases
DNMT3A	H2AZ1	0.00063	0	0	0	0	0.292	0.5	0	Experiments + Databases
DNMT3A	HELLS	0.000641	0	0	0	0	0	0	0.641	Text-mining
DNMT3A	NR6A1	0.000672	0	0	0	0	0	0	0.672	Text-mining
DNMT3A	UHRF1	0.000757	0	0	0	0	0.483	0	0.551	Experiments
DNMT3A	H3C2	0.000902	0	0	0	0	0.9	0	0.065	Experiments
DNMT3A	H3C6	0.000902	0	0	0	0	0.9	0	0.065	Experiments
DNMT3A	H3C10	0.000902	0	0	0	0	0.9	0	0.065	Experiments
DNMT3A	EHMT2	0.000981	0	0	0	0	0.292	0	0.975	Experiments
DNMT3A	DNMT1	0.000989	0	0	0	0	0.457	0.9	0.819	Experiments + Databases
DNMT3A	EZH2	0.000994	0	0	0	0	0.457	0.5	0.982	Experiments + Databases
DNMT3A	DNMT3B	0.000994	0	0	0	0	0.691	0.9	0.85	Experiments + Databases
SLC9A3	MAST2	0.000472	0	0	0	0	0.292	0	0.285	Experiments
MCM2	MCMDC2	0.000436	0	0	0	0	0.338	0	0.184	Experiments
MCM2	FANCD2	0.000457	0	0	0	0	0.457	0	0	Experiments
MCM2	L3MBTL1	0.000457	0	0	0	0	0.457	0	0	Experiments
MCM2	RECQL4	0.000578	0	0	0	0	0.457	0	0.256	Experiments
MCM2	CCNB2	0.00062	0	0	0	0	0.62	0	0	Experiments
MCM2	MMS22L	0.000631	0	0	0	0	0.631	0	0	Experiments
MCM2	CDKN2A	0.000721	0	0	0	0	0.721	0	0	Experiments
MCM2	WDHD1	0.000887	0	0	0	0	0.887	0	0	Experiments
MCM2	H4C14	9e-04	0	0	0	0	0.9	0	0	Experiments
MCM2	H4C8	9e-04	0	0	0	0	0.9	0	0	Experiments
MCM2	H4C5	9e-04	0	0	0	0	0.9	0	0	Experiments
MCM2	H3C6	9e-04	0	0	0	0	0.9	0	0.045	Experiments
MCM2	CDC7	0.000917	0	0	0	0	0.841	0.5	0	Experiments + Databases
MCM2	MCM10	0.000917	0	0	0	0	0.791	0.5	0.272	Experiments + Databases
MCM2	TONSL	0.000918	0	0	0	0	0.918	0	0	Experiments
MCM2	H4C12	0.00092	0	0	0	0	0.92	0	0	Experiments
MCM2	H3C2	0.000928	0	0	0	0	0.928	0	0.045	Experiments
MCM2	ORC1	0.000939	0	0	0	0	0.755	0.65	0.353	Experiments + Databases
MCM2	H3C10	0.000941	0	0	0	0	0.941	0	0.045	Experiments
MCM2	MCM8	0.000941	0	0	0	0	0.338	0.9	0.184	Experiments + Databases
MCM2	CLSPN	0.000954	0	0	0	0	0.913	0.5	0	Experiments + Databases
MCM2	CDT1	0.000955	0	0	0	0	0.695	0.5	0.733	Experiments + Databases
MCM2	GINS3	0.000991	0	0	0	0	0.98	0.54	0.18	Experiments + Databases
MCM2	GINS4	0.000993	0	0	0	0	0.975	0.54	0.464	Experiments + Databases
MCM2	CDC45	0.000995	0	0	0	0	0.985	0.54	0.353	Experiments + Databases
MCM2	MCM3	0.000998	0	0	0	0	0.983	0.9	0.349	Experiments + Databases
MCM2	MCM7	0.000999	0	0	0	0	0.984	0.9	0.55	Experiments + Databases
RASGRF2	ACTN2	4e-04	0	0	0	0	0	0.4	0	Databases
RASGRF2	GRIN2A	0.000662	0	0	0	0	0	0	0.662	Text-mining
RASGRF2	RASGRF1	0.000922	0	0	0	0	0	0.9	0.261	Databases
CENPE	KIF20A	0.000413	0	0	0	0	0.292	0	0.206	Experiments
CENPE	ZWINT	0.000453	0	0	0	0	0	0	0.453	Text-mining
CENPE	CENPI	0.000502	0	0	0	0	0	0	0.502	Text-mining
CENPE	CCNB2	0.00056	0	0	0	0	0	0	0.56	Text-mining
CENPE	CENPA	0.000655	0	0	0	0	0	0	0.655	Text-mining
CENPE	PRC1	0.000662	0	0	0	0	0.457	0	0.404	Experiments
CENPE	AURKB	0.000674	0	0	0	0	0	0	0.674	Text-mining
CENPE	NUF2	0.000712	0	0	0	0	0.457	0	0.491	Experiments
CENPE	BIRC5	0.000721	0	0	0	0	0	0	0.721	Text-mining
CENPE	BUB1	0.000781	0	0	0	0	0.226	0	0.728	Experiments
CENPE	CENPF	0.000881	0	0	0	0	0.23	0	0.852	Experiments
CENPE	KIF2C	0.00089	0	0	0	0	0	0.8	0.475	Databases
CENPE	BUB1B	0.000989	0	0	0	0	0.457	0	0.98	Experiments
LEF1	MSX1	0.000434	0	0	0	0	0	0	0.434	Text-mining
LEF1	TERT	0.000499	0	0	0	0	0	0.5	0	Databases
LEF1	E2F1	0.000565	0	0	0	0	0.292	0	0.412	Experiments
LEF1	TEAD2	8e-04	0	0	0	0	0	0.8	0	Databases
LEF1	PYGO2	0.000834	0	0	0	0	0	0.54	0.654	Databases
EGF	WNT3A	0.000528	0	0	0	0	0	0	0.528	Text-mining
EGF	NRG2	0.000553	0	0	0	0	0	0.4	0.287	Databases
EGF	FGF13	0.000805	0	0	0	0	0	0	0.805	Text-mining
EGF	PDGFA	9e-04	0	0	0	0	0	0.9	0	Databases
SPDL1	PLK1	0.00072	0	0	0	0	0	0.72	0	Databases
SPDL1	SKA3	9e-04	0	0	0	0	0	0.9	0	Databases
SPDL1	BUB1B	9e-04	0	0	0	0	0	0.9	0	Databases
SPDL1	SKA1	9e-04	0	0	0	0	0	0.9	0	Databases
SPDL1	CENPF	9e-04	0	0	0	0	0	0.9	0	Databases
POLA2	DNA2	0.000499	0	0	0	0	0	0.5	0	Databases
POLA2	RFC4	0.000504	0	0	0	0	0.049	0.5	0	Experiments + Databases
POLA2	RFC3	0.000584	0	0	0	0	0.204	0.5	0	Experiments + Databases
POLA2	MCM3	0.00072	0	0	0	0	0	0.72	0	Databases
POLA2	PCNA	0.00072	0	0	0	0	0	0.72	0	Databases
POLA2	POLG2	9e-04	0	0	0	0	0	0.9	0	Databases
POLA2	POLD1	0.000956	0	0	0	0	0.377	0.9	0.352	Experiments + Databases
POLA2	PRIM1	0.000999	0	0	0	0	0.966	0.9	0.914	Experiments + Databases
POLA2	PRIM2	0.000999	0	0	0	0	0.991	0.9	0.907	Experiments + Databases
ANLN	DBN1	0.00042	0	0	0	0	0.421	0	0	Experiments
ANLN	TPM2	0.00042	0	0	0	0	0.42	0	0	Experiments
ANLN	IQGAP3	0.000457	0	0	0	0	0.457	0	0	Experiments
ANLN	ECT2	0.000831	0	0	0	0	0.292	0	0.772	Experiments
ANLN	DIAPH3	0.000911	0	0	0	0	0	0	0.911	Text-mining
ANLN	RACGAP1	0.000941	0	0	0	0	0.292	0	0.92	Experiments
ANKRD52	FOXK1	0.000402	0	0	0	0	0.402	0	0	Experiments
RHOF	BAIAP2L2	0.000501	0	0	0	0	0.044	0.5	0	Experiments + Databases
RHOF	ARHGAP39	0.00055	0	0	0	0	0.138	0.5	0	Experiments + Databases
RHOF	DIAPH3	0.00056	0	0	0	0	0.155	0.5	0.043	Experiments + Databases
TICRR	CDC45	0.000525	0	0	0	0	0	0	0.525	Text-mining
TICRR	MCM10	0.00079	0	0	0	0	0	0	0.79	Text-mining
TICRR	RECQL4	0.000858	0	0	0	0	0	0	0.858	Text-mining
TICRR	MTBP	0.000932	0	0	0	0	0.457	0	0.88	Experiments
MFGE8	BTNL8	0.000475	0	0	0	0	0	0	0.475	Text-mining
NKD1	PPP4R3C	0.00054	0	0	0	0	0	0.54	0	Databases
NKD1	PPP2R2C	0.00054	0	0	0	0	0	0.54	0	Databases
NKD1	PPP2R3B	0.00072	0	0	0	0	0	0.72	0	Databases
CDH13	CDH24	0.00054	0	0	0	0	0	0.54	0	Databases
CDH13	APC2	0.00054	0	0	0	0	0	0.54	0	Databases
CDH13	CTNNA2	0.000547	0	0	0	0	0	0.54	0.057	Databases
CDH13	CDH8	0.000625	0	0	0	0	0	0.54	0.219	Databases
CPNE7	EBF3	0.000533	0	0	0	0	0.533	0	0	Experiments
CBX8	H2BC15	0.000499	0	0	0	0	0	0.5	0	Databases
CBX8	H2AZ1	0.000499	0	0	0	0	0	0.5	0	Databases
CBX8	H2BC9	0.000499	0	0	0	0	0	0.5	0	Databases
CBX8	H2AX	0.000499	0	0	0	0	0	0.5	0	Databases
CBX8	H2BC17	0.000499	0	0	0	0	0	0.5	0	Databases
CBX8	H2BC11	0.000499	0	0	0	0	0	0.5	0	Databases
CBX8	CDC20B	0.00054	0	0	0	0	0	0.54	0	Databases
CBX8	CDC20	0.00054	0	0	0	0	0	0.54	0	Databases
CBX8	RAD51	0.00072	0	0	0	0	0	0.72	0	Databases
CBX8	BUB1B	0.00072	0	0	0	0	0	0.72	0	Databases
CBX8	BRCA2	0.00072	0	0	0	0	0	0.72	0	Databases
CBX8	EZH2	9e-04	0	0	0	0	0	0.9	0	Databases
CBX8	UBE2C	9e-04	0	0	0	0	0	0.9	0	Databases
CBX8	CUL7	9e-04	0	0	0	0	0	0.9	0	Databases
CBX8	CBX2	0.000997	0	0	0	0	0.316	0.9	0.97	Experiments + Databases
CEP131	CEP152	0.00042	0	0	0	0	0.42	0	0	Experiments
SMG9	DHX34	0.00045	0	0	0	0	0	0	0.45	Text-mining
PLK4	RACGAP1	0.000445	0	0	0	0	0	0	0.445	Text-mining
PLK4	BUB1B	0.000447	0	0	0	0	0	0	0.447	Text-mining
PLK4	PLK1	0.000496	0	0	0	0	0.166	0	0.421	Experiments
PLK4	CDK1	0.000582	0	0	0	0	0	0	0.582	Text-mining
PLK4	PFN4	0.000623	0	0	0	0	0	0	0.623	Text-mining
PLK4	ECT2	0.000658	0	0	0	0	0.292	0	0.538	Experiments
PLK4	SASS6	0.000813	0	0	0	0	0.42	0.54	0.357	Experiments + Databases
PLK4	STIL	0.000994	0	0	0	0	0.955	0.54	0.731	Experiments + Databases
PLK4	CEP152	0.000997	0	0	0	0	0.96	0.54	0.864	Experiments + Databases
NUF2	SLCO6A1	0.000422	0	0	0	0	0	0	0.423	Text-mining
NUF2	CENPA	0.000474	0	0	0	0	0	0	0.474	Text-mining
NUF2	AURKB	0.000581	0	0	0	0	0.292	0	0.433	Experiments
NUF2	BUB1	0.000725	0	0	0	0	0.725	0	0	Experiments
NUF2	DSN1	0.000834	0	0	0	0	0.655	0.54	0	Experiments + Databases
NUF2	ZWINT	0.000868	0	0	0	0	0.725	0.54	0	Experiments + Databases
NUF2	CENPH	0.000872	0	0	0	0	0.23	0	0.841	Experiments
NUF2	SPC25	0.000987	0	0	0	0	0.815	0.9	0.353	Experiments + Databases
NUF2	SPC24	0.000999	0	0	0	0	0.715	0.9	0.982	Experiments + Databases
SF3B4	SCNM1	8e-04	0	0	0	0	0.8	0	0	Experiments
SF3B4	SNRPE	0.000991	0	0	0	0	0.913	0.9	0	Experiments + Databases
SF3B4	SNRPB	0.000992	0	0	0	0	0.927	0.9	0	Experiments + Databases
C1orf35	FAM133A	0.000432	0	0	0	0	0.432	0	0	Experiments
ATP6V1C2	ATP6V0D2	0.000757	0	0	0	0	0.378	0.54	0.218	Experiments + Databases
ATP6V1C2	ATP6V1C1	0.000962	0	0	0	0	0.64	0.9	0	Experiments + Databases
MMS22L	ESCO2	0.000696	0	0	0	0	0.292	0	0.589	Experiments
MMS22L	TONSL	0.00099	0	0	0	0	0.457	0	0.982	Experiments
CDCA5	CDCA8	0.000448	0	0	0	0	0	0	0.448	Text-mining
CDCA5	BIRC5	0.000566	0	0	0	0	0	0	0.566	Text-mining
CDCA5	CCNB2	0.000568	0	0	0	0	0	0	0.568	Text-mining
CDCA5	AURKB	0.000787	0	0	0	0	0	0	0.787	Text-mining
CDCA5	CDK1	0.000826	0	0	0	0	0.292	0	0.765	Experiments
GINS4	POLD1	0.000452	0	0	0	0	0.447	0	0.05	Experiments
GINS4	RECQL4	0.000531	0	0	0	0	0.457	0	0.173	Experiments
GINS4	MCM10	0.000569	0	0	0	0	0.17	0	0.502	Experiments
GINS4	CLSPN	8e-04	0	0	0	0	0.8	0	0	Experiments
GINS4	WDHD1	0.000976	0	0	0	0	0.976	0	0	Experiments
GINS4	MCM3	0.000986	0	0	0	0	0.969	0.54	0.128	Experiments + Databases
GINS4	MCM7	0.000991	0	0	0	0	0.981	0.54	0	Experiments + Databases
GINS4	CDC45	0.000999	0	0	0	0	0.974	0.54	0.978	Experiments + Databases
GINS4	GINS3	0.000999	0	0	0	0	0.991	0.8	0.982	Experiments + Databases
CDKN2B	CDKN2A	0.000941	0	0	0	0	0.44	0.9	0	Experiments + Databases
SLC7A11	SLC7A6	0.000699	0	0	0	0	0	0.5	0.423	Databases
MYCN	E2F1	0.000629	0	0	0	0	0	0	0.629	Text-mining
MYCN	EZH2	0.000843	0	0	0	0	0.457	0	0.723	Experiments
CENPU	HJURP	0.000499	0	0	0	0	0	0.5	0	Databases
CENPU	H2BC6	8e-04	0	0	0	0	0.8	0	0	Experiments
CENPU	H4C14	8e-04	0	0	0	0	0.8	0	0	Experiments
CENPU	H4C12	8e-04	0	0	0	0	0.8	0	0	Experiments
CENPU	H4C8	8e-04	0	0	0	0	0.8	0	0	Experiments
CENPU	H4C5	8e-04	0	0	0	0	0.8	0	0	Experiments
CENPU	H2BC8	8e-04	0	0	0	0	0.8	0	0	Experiments
CENPU	CENPA	0.000962	0	0	0	0	0.886	0.5	0.398	Experiments + Databases
CENPU	PLK1	0.000962	0	0	0	0	0.618	0	0.905	Experiments
CENPU	CENPL	0.000987	0	0	0	0	0.894	0.8	0.441	Experiments + Databases
CENPU	CENPW	0.000987	0	0	0	0	0.8	0.8	0.709	Experiments + Databases
CENPU	CENPK	0.000994	0	0	0	0	0.92	0.8	0.662	Experiments + Databases
CENPU	CENPO	0.000997	0	0	0	0	0.932	0.8	0.861	Experiments + Databases
CENPU	CENPH	0.000997	0	0	0	0	0.917	0.8	0.849	Experiments + Databases
CENPU	CENPI	0.000998	0	0	0	0	0.927	0.8	0.914	Experiments + Databases
TNFSF4	TNFRSF18	0.000405	0	0	0	0	0	0	0.405	Text-mining
TNFSF4	TNFRSF4	0.000999	0	0	0	0	0.96	0.7	0.982	Experiments + Databases
SPC25	BUB1	0.000725	0	0	0	0	0.725	0	0	Experiments
SPC25	DSN1	0.000842	0	0	0	0	0.671	0.54	0	Experiments + Databases
SPC25	ZWINT	0.000868	0	0	0	0	0.725	0.54	0	Experiments + Databases
SPC25	SPC24	0.000982	0	0	0	0	0.814	0.9	0.135	Experiments + Databases
CCNO	CKS2	0.000504	0	0	0	0	0.493	0	0.061	Experiments
CCNO	CKS1B	0.000507	0	0	0	0	0.497	0	0.061	Experiments
CCNO	CDK1	0.000546	0	0	0	0	0.515	0	0.102	Experiments
CCNO	CCNA2	0.000559	0	0	0	0	0	0.54	0.081	Databases
CCNO	PCNA	0.000605	0	0	0	0	0.605	0	0	Experiments
CENPH	HJURP	0.00068	0	0	0	0	0	0.5	0.387	Databases
CENPH	H2BC8	8e-04	0	0	0	0	0.8	0	0	Experiments
CENPH	H4C5	8e-04	0	0	0	0	0.8	0	0	Experiments
CENPH	H4C8	8e-04	0	0	0	0	0.8	0	0	Experiments
CENPH	H4C14	8e-04	0	0	0	0	0.8	0	0	Experiments
CENPH	H4C12	8e-04	0	0	0	0	0.8	0	0	Experiments
CENPH	H2BC6	8e-04	0	0	0	0	0.8	0	0	Experiments
CENPH	CENPA	0.000984	0	0	0	0	0.886	0.5	0.745	Experiments + Databases
CENPH	CENPW	0.000989	0	0	0	0	0.8	0.8	0.754	Experiments + Databases
CENPH	CENPL	0.000992	0	0	0	0	0.838	0.8	0.799	Experiments + Databases
CENPH	CENPO	0.000996	0	0	0	0	0.933	0.8	0.741	Experiments + Databases
CENPH	CENPI	0.000999	0	0	0	0	0.957	0.8	0.98	Experiments + Databases
CENPH	CENPK	0.000999	0	0	0	0	0.957	0.8	0.98	Experiments + Databases
LPCAT1	PAFAH1B3	9e-04	0	0	0	0	0	0.9	0	Databases
GDPD1	GDPD3	9e-04	0	0	0	0	0	0.9	0	Databases
UCHL1	USP21	0.000438	0	0	0	0	0.438	0	0	Experiments
UCHL1	CDK1	0.000467	0	0	0	0	0.292	0	0.279	Experiments
UCHL1	CDKN2A	0.000721	0	0	0	0	0.292	0	0.623	Experiments
WNT3A	SFRP4	0.000528	0	0	0	0	0.053	0	0.522	Experiments
WNT3A	DLX5	0.00057	0	0	0	0	0	0	0.57	Text-mining
WNT3A	PTK7	0.000779	0	0	0	0	0.043	0	0.778	Experiments
WNT3A	GPC3	0.000805	0	0	0	0	0	0	0.805	Text-mining
SKA1	PPP2R2C	0.000539	0	0	0	0	0.539	0	0	Experiments
SKA1	PLK1	0.00072	0	0	0	0	0	0.72	0	Databases
SKA1	BUB1B	9e-04	0	0	0	0	0	0.9	0	Databases
SKA1	CENPF	9e-04	0	0	0	0	0	0.9	0	Databases
SKA1	SKA3	0.000999	0	0	0	0	0.965	0.9	0.977	Experiments + Databases
RAB6B	DYNC1I1	0.000499	0	0	0	0	0	0.5	0	Databases
RAB6B	BICD1	0.000499	0	0	0	0	0	0.5	0	Databases
RAB6B	CHML	0.000583	0	0	0	0	0.202	0.5	0	Experiments + Databases
RAB6B	KIF20A	0.000592	0	0	0	0	0.396	0	0.353	Experiments
ATP6V0D2	ATP6V1C1	0.000869	0	0	0	0	0.378	0.72	0.31	Experiments + Databases
NAA11	NAA10	0.000934	0	0	0	0	0.369	0.9	0	Experiments + Databases
CD109	PKM	0.000404	0	0	0	0	0	0	0.404	Text-mining
ATAD2	PSMD4	0.000402	0	0	0	0	0.313	0	0.166	Experiments
ATAD2	H4C12	9e-04	0	0	0	0	0.9	0	0	Experiments
ATAD2	H4C5	9e-04	0	0	0	0	0.9	0	0	Experiments
ATAD2	H4C8	9e-04	0	0	0	0	0.9	0	0	Experiments
ATAD2	H4C14	0.000926	0	0	0	0	0.926	0	0	Experiments
NSMCE2	SMC1B	0.000421	0	0	0	0	0.299	0	0.208	Experiments
SASS6	CEP152	0.000598	0	0	0	0	0.162	0.54	0	Experiments + Databases
SASS6	STIL	0.000962	0	0	0	0	0.537	0.54	0.839	Experiments + Databases
BUB1B	PTTG1	0.000423	0	0	0	0	0.336	0	0.167	Experiments
BUB1B	ECT2	0.000426	0	0	0	0	0	0	0.427	Text-mining
BUB1B	DSN1	0.000428	0	0	0	0	0.164	0	0.344	Experiments
BUB1B	CDCA2	0.000439	0	0	0	0	0	0	0.439	Text-mining
BUB1B	CENPA	0.000535	0	0	0	0	0	0	0.535	Text-mining
BUB1B	KIF2C	0.000575	0	0	0	0	0	0	0.575	Text-mining
BUB1B	CDCA8	0.000576	0	0	0	0	0	0	0.576	Text-mining
BUB1B	BIRC5	0.000592	0	0	0	0	0	0	0.592	Text-mining
BUB1B	CDC20B	0.000716	0	0	0	0	0.303	0.54	0.187	Experiments + Databases
BUB1B	CCNB2	0.00072	0	0	0	0	0	0	0.72	Text-mining
BUB1B	RAD51	0.00072	0	0	0	0	0	0.72	0	Databases
BUB1B	CBX2	0.00072	0	0	0	0	0	0.72	0	Databases
BUB1B	CUL7	0.00072	0	0	0	0	0	0.72	0	Databases
BUB1B	CCNA2	0.000824	0	0	0	0	0.292	0.5	0.543	Experiments + Databases
BUB1B	UBE2C	0.000826	0	0	0	0	0.287	0.72	0.199	Experiments + Databases
BUB1B	BRCA2	0.000841	0	0	0	0	0.457	0.72	0	Experiments + Databases
BUB1B	NEK2	0.000861	0	0	0	0	0.734	0.5	0	Experiments + Databases
BUB1B	ZWINT	0.000863	0	0	0	0	0.725	0	0.525	Experiments
BUB1B	SKA3	9e-04	0	0	0	0	0	0.9	0	Databases
BUB1B	PLK1	0.000947	0	0	0	0	0.457	0.72	0.683	Experiments + Databases
BUB1B	AURKB	0.000953	0	0	0	0	0.292	0	0.937	Experiments
BUB1B	CENPF	0.000972	0	0	0	0	0	0.9	0.734	Databases
BUB1B	CDK1	0.000979	0	0	0	0	0	0.5	0.96	Databases
BUB1B	BUB1	0.000994	0	0	0	0	0.725	0	0.981	Experiments
BUB1B	MAD2L1	0.000999	0	0	0	0	0.983	0.8	0.87	Experiments + Databases
BUB1B	CDC20	0.000999	0	0	0	0	0.979	0.8	0.984	Experiments + Databases
FANCD2	CHEK1	0.000457	0	0	0	0	0.457	0	0	Experiments
FANCD2	BLM	0.000457	0	0	0	0	0.457	0	0	Experiments
FANCD2	MCM3	0.000457	0	0	0	0	0.457	0	0	Experiments
FANCD2	PCNA	0.000457	0	0	0	0	0.457	0	0	Experiments
FANCD2	H2AX	0.000475	0	0	0	0	0.426	0	0.123	Experiments
FANCD2	EME1	0.000499	0	0	0	0	0	0.5	0	Databases
FANCD2	EME2	0.000499	0	0	0	0	0	0.5	0	Databases
FANCD2	FAAP24	0.000499	0	0	0	0	0	0.5	0	Databases
FANCD2	MCM7	5e-04	0	0	0	0	0.292	0	0.323	Experiments
FANCD2	POLD1	0.00054	0	0	0	0	0	0.54	0	Databases
FANCD2	XRCC3	0.000553	0	0	0	0	0	0	0.553	Text-mining
FANCD2	UHRF1	0.000567	0	0	0	0	0.301	0	0.406	Experiments
FANCD2	POLN	0.000748	0	0	0	0	0.457	0.5	0.147	Experiments + Databases
FANCD2	FANCB	0.000895	0	0	0	0	0.8	0.5	0	Experiments + Databases
FANCD2	UBE2T	0.000925	0	0	0	0	0.852	0.5	0.068	Experiments + Databases
FANCD2	RAD51	0.00095	0	0	0	0	0.457	0	0.913	Experiments
FANCD2	FANCA	0.000969	0	0	0	0	0.897	0.5	0.46	Experiments + Databases
FANCD2	FANCG	0.000985	0	0	0	0	0.854	0.5	0.819	Experiments + Databases
FANCD2	BRCA2	0.000995	0	0	0	0	0.457	0.54	0.982	Experiments + Databases
FANCD2	FANCI	0.000999	0	0	0	0	0.973	0.9	0.982	Experiments + Databases
CCNB2	E2F1	0.000427	0	0	0	0	0	0	0.427	Text-mining
CCNB2	CENPA	0.000477	0	0	0	0	0	0	0.477	Text-mining
CCNB2	ZWINT	0.000512	0	0	0	0	0	0	0.512	Text-mining
CCNB2	PLK1	0.000542	0	0	0	0	0	0	0.542	Text-mining
CCNB2	RRM2	0.000555	0	0	0	0	0	0	0.555	Text-mining
CCNB2	MELK	0.000587	0	0	0	0	0	0	0.587	Text-mining
CCNB2	CCNA2	0.000596	0	0	0	0	0	0	0.596	Text-mining
CCNB2	CDCA8	0.000602	0	0	0	0	0	0	0.602	Text-mining
CCNB2	DIAPH3	0.000622	0	0	0	0	0.622	0	0	Experiments
CCNB2	CKS1B	0.000649	0	0	0	0	0.642	0	0.061	Experiments
CCNB2	CKS2	0.000693	0	0	0	0	0.632	0	0.2	Experiments
CCNB2	BIRC5	0.000698	0	0	0	0	0	0	0.698	Text-mining
CCNB2	CCNE2	0.000723	0	0	0	0	0.616	0	0.31	Experiments
CCNB2	AURKB	0.000726	0	0	0	0	0	0	0.726	Text-mining
CCNB2	BUB1	0.000831	0	0	0	0	0	0	0.831	Text-mining
CCNB2	CDK1	0.000999	0	0	0	0	0.66	0.9	0.978	Experiments + Databases
ERC2	PPFIA4	0.000402	0	0	0	0	0.301	0	0.179	Experiments
ERC2	UNC13A	0.000597	0	0	0	0	0.292	0	0.454	Experiments
ERC2	CALML6	0.000847	0	0	0	0	0	0	0.847	Text-mining
IGF2BP1	IGF2BP2	0.000505	0	0	0	0	0.457	0	0.127	Experiments
IGF2BP1	IGF2	0.000967	0	0	0	0	0	0	0.967	Text-mining
RFX5	RFXANK	0.000999	0	0	0	0	0.96	0.9	0.982	Experiments + Databases
ISL2	LHX3	0.000878	0	0	0	0	0.691	0	0.622	Experiments
HSF2BP	BRCA2	0.000912	0	0	0	0	0.912	0	0	Experiments
PKN3	PKN1	9e-04	0	0	0	0	0	0.9	0	Databases
S100A1	CACYBP	0.00043	0	0	0	0	0.048	0	0.426	Experiments
S100A1	S100P	0.000637	0	0	0	0	0.637	0	0	Experiments
S100A1	S100A3	0.000638	0	0	0	0	0.547	0	0.234	Experiments
S100A1	ANXA2	0.000888	0	0	0	0	0	0	0.888	Text-mining
GPC2	GPC3	0.000596	0	0	0	0	0	0	0.596	Text-mining
GPC2	MDK	0.000702	0	0	0	0	0	0	0.702	Text-mining
GRIN2C	ACTN2	0.000499	0	0	0	0	0	0.5	0	Databases
GRIN2C	GRIK4	0.000552	0	0	0	0	0	0.54	0.068	Databases
GRIN2C	CNIH2	0.00072	0	0	0	0	0	0.72	0	Databases
GRIN2C	GRIN2A	0.000998	0	0	0	0	0	0.9	0.982	Databases
SPINDOC	H3C2	8e-04	0	0	0	0	0.8	0	0	Experiments
SPINDOC	H3C6	8e-04	0	0	0	0	0.8	0	0	Experiments
SPINDOC	H3C10	8e-04	0	0	0	0	0.8	0	0	Experiments
PDZK1IP1	KPNA2	0.00041	0	0	0	0	0	0	0.41	Text-mining
PDZK1IP1	DMBT1	0.00042	0	0	0	0	0	0	0.421	Text-mining
CCT3	SOX2	0.000457	0	0	0	0	0.457	0	0	Experiments
CCT3	CCNE2	0.000499	0	0	0	0	0	0.5	0	Databases
CCT3	TUBA3C	0.000499	0	0	0	0	0	0.5	0	Databases
CCT3	FBXW10	0.000499	0	0	0	0	0	0.5	0	Databases
CCT3	TTLL3	0.000532	0	0	0	0	0.532	0	0	Experiments
CCT3	CDC20	0.000734	0	0	0	0	0.734	0	0	Experiments
CCT3	PPP2R2C	0.000734	0	0	0	0	0.734	0	0	Experiments
CCT3	PFDN6	0.000904	0	0	0	0	0.8	0.54	0	Experiments + Databases
SSR2	RHBDF2	0.000881	0	0	0	0	0	0	0.881	Text-mining
HDAC11	CDT1	0.000501	0	0	0	0	0.457	0	0.119	Experiments
HDAC11	H2BC17	0.00065	0	0	0	0	0	0.65	0	Databases
HDAC11	H2AC13	0.00065	0	0	0	0	0	0.65	0	Databases
HDAC11	H2BC11	0.00065	0	0	0	0	0	0.65	0	Databases
HDAC11	H2AX	0.00065	0	0	0	0	0	0.65	0	Databases
HDAC11	H2BC15	0.00065	0	0	0	0	0	0.65	0	Databases
HDAC11	H2BC18	0.00065	0	0	0	0	0	0.65	0	Databases
HDAC11	H2AZ1	0.00065	0	0	0	0	0	0.65	0	Databases
HDAC11	H2BC9	0.00065	0	0	0	0	0	0.65	0	Databases
TRIM54	FLNC	0.000457	0	0	0	0	0.457	0	0	Experiments
RHO	GNG4	0.000499	0	0	0	0	0	0.5	0	Databases
RHO	CALML6	0.000819	0	0	0	0	0	0	0.819	Text-mining
H2AZ1	EHMT2	0.000402	0	0	0	0	0.402	0	0	Experiments
H2AZ1	NCAPG2	0.000499	0	0	0	0	0	0.5	0	Databases
H2AZ1	EZH2	0.000499	0	0	0	0	0	0.5	0	Databases
H2AZ1	PLK1	0.000499	0	0	0	0	0	0.5	0	Databases
H2AZ1	PHF19	0.000499	0	0	0	0	0	0.5	0	Databases
H2AZ1	DNMT3B	0.000499	0	0	0	0	0	0.5	0	Databases
H2AZ1	DNMT1	0.000499	0	0	0	0	0	0.5	0	Databases
H2AZ1	PKN1	0.000499	0	0	0	0	0	0.5	0	Databases
H2AZ1	H2BC6	0.000538	0	0	0	0	0.538	0	0	Experiments
H2AZ1	H2BC8	0.000547	0	0	0	0	0.547	0	0	Experiments
H2AZ1	ORC1	0.000568	0	0	0	0	0	0.5	0.173	Databases
H2AZ1	UHRF1	0.000579	0	0	0	0	0.193	0.5	0	Experiments + Databases
H2AZ1	CBX2	0.000581	0	0	0	0	0.197	0.5	0	Experiments + Databases
H2AZ1	H2AX	0.000581	0	0	0	0	0.33	0.4	0	Experiments + Databases
H2AZ1	H2BC18	0.000591	0	0	0	0	0.288	0	0.449	Experiments
H2AZ1	CENPA	0.000701	0	0	0	0	0.428	0.5	0	Experiments + Databases
H2AZ1	H2BC15	0.000706	0	0	0	0	0.184	0.4	0.449	Experiments + Databases
H2AZ1	H2BC9	0.000744	0	0	0	0	0.288	0.4	0.449	Experiments + Databases
H2AZ1	H2BC17	0.000767	0	0	0	0	0.354	0.4	0.448	Experiments + Databases
H2AZ1	H4C14	0.000837	0	0	0	0	0.837	0	0	Experiments
H2AZ1	H4C8	0.000879	0	0	0	0	0.879	0	0	Experiments
H2AZ1	H4C5	0.000879	0	0	0	0	0.879	0	0	Experiments
H2AZ1	H4C12	0.000879	0	0	0	0	0.879	0	0	Experiments
H2AZ1	H2BC11	0.000969	0	0	0	0	0.914	0.4	0.449	Experiments + Databases
H2AZ1	VPS72	0.000983	0	0	0	0	0.956	0	0.637	Experiments
MAD2L1	RACGAP1	0.000445	0	0	0	0	0	0	0.445	Text-mining
MAD2L1	SGO2	0.000456	0	0	0	0	0.456	0	0	Experiments
MAD2L1	UBD	0.000457	0	0	0	0	0.457	0	0	Experiments
MAD2L1	TTK	0.000485	0	0	0	0	0.245	0	0.347	Experiments
MAD2L1	CDC20B	0.000502	0	0	0	0	0.362	0	0.252	Experiments
MAD2L1	CCNA2	0.000601	0	0	0	0	0	0.5	0.235	Databases
MAD2L1	KIF20A	0.000615	0	0	0	0	0.615	0	0	Experiments
MAD2L1	UBE2C	0.000628	0	0	0	0	0.287	0.5	0	Experiments + Databases
MAD2L1	CDK1	0.000691	0	0	0	0	0	0.5	0.408	Databases
MAD2L1	BUB1	0.000804	0	0	0	0	0.576	0	0.556	Experiments
MAD2L1	NEK2	0.000861	0	0	0	0	0.734	0.5	0	Experiments + Databases
MAD2L1	CDC20	0.000999	0	0	0	0	0.981	0.9	0.794	Experiments + Databases
ITGA2	COL2A1	0.000465	0	0	0	0	0	0	0.466	Text-mining
ITGA2	LAMA3	0.000499	0	0	0	0	0	0.5	0	Databases
ITGA2	COL9A1	0.000595	0	0	0	0	0	0.5	0.225	Databases
ITGA2	FLNC	0.00065	0	0	0	0	0	0.65	0	Databases
ITGA2	ITGA6	0.000818	0	0	0	0	0	0.54	0.621	Databases
RGS20	OTX1	0.000451	0	0	0	0	0.451	0	0	Experiments
RGS20	GNAZ	0.000746	0	0	0	0	0.486	0.5	0.091	Experiments + Databases
DCAF13	DCAF4L2	0.00054	0	0	0	0	0	0.54	0	Databases
DCAF13	DCAF8L2	0.00054	0	0	0	0	0	0.54	0	Databases
DCAF13	DCAF4L1	0.00054	0	0	0	0	0	0.54	0	Databases
DCAF13	DCAF8L1	0.00054	0	0	0	0	0	0.54	0	Databases
DCAF13	DET1	9e-04	0	0	0	0	0	0.9	0	Databases
DCAF13	DTL	9e-04	0	0	0	0	0	0.9	0	Databases
MELK	BIRC5	0.000436	0	0	0	0	0	0	0.436	Text-mining
MELK	FOXM1	0.000705	0	0	0	0	0	0	0.705	Text-mining
RPL10L	CUL7	0.000403	0	0	0	0	0.314	0	0.166	Experiments
RPL10L	RPL36A	0.000867	0	0	0	0	0.867	0	0	Experiments
RPL10L	RPS10	0.000896	0	0	0	0	0.896	0	0	Experiments
RPL10L	RPL30	0.000926	0	0	0	0	0.915	0	0.162	Experiments
CKB	ALDOA	0.00042	0	0	0	0	0.421	0	0	Experiments
PCLAF	UHRF1	0.000487	0	0	0	0	0.488	0	0	Experiments
PCLAF	PCNA	0.000966	0	0	0	0	0.966	0	0	Experiments
PLK1	BIRC5	0.000406	0	0	0	0	0	0	0.406	Text-mining
PLK1	G6PD	0.000414	0	0	0	0	0	0	0.414	Text-mining
PLK1	ECT2	0.000418	0	0	0	0	0	0	0.419	Text-mining
PLK1	CDK1	0.000428	0	0	0	0	0	0	0.428	Text-mining
PLK1	RACGAP1	0.000457	0	0	0	0	0.457	0	0	Experiments
PLK1	RAD51	0.000457	0	0	0	0	0.457	0	0	Experiments
PLK1	CLSPN	0.000457	0	0	0	0	0.457	0	0	Experiments
PLK1	FBXO43	0.000471	0	0	0	0	0.471	0	0	Experiments
PLK1	KIF2C	0.000486	0	0	0	0	0.292	0	0.304	Experiments
PLK1	H2BC9	0.000499	0	0	0	0	0	0.5	0	Databases
PLK1	H2BC11	0.000499	0	0	0	0	0	0.5	0	Databases
PLK1	H2BC17	0.000499	0	0	0	0	0	0.5	0	Databases
PLK1	H2AX	0.000499	0	0	0	0	0	0.5	0	Databases
PLK1	H2BC15	0.000499	0	0	0	0	0	0.5	0	Databases
PLK1	RRM2	0.000522	0	0	0	0	0.329	0	0.318	Experiments
PLK1	MCM3	0.00054	0	0	0	0	0.292	0	0.378	Experiments
PLK1	KIF20A	0.000563	0	0	0	0	0	0	0.563	Text-mining
PLK1	UBE2C	0.00057	0	0	0	0	0	0.4	0.313	Databases
PLK1	TOP2A	0.000578	0	0	0	0	0.292	0	0.429	Experiments
PLK1	PRC1	0.00063	0	0	0	0	0.457	0	0.346	Experiments
PLK1	SPAG5	0.000649	0	0	0	0	0.428	0	0.412	Experiments
PLK1	BUB1	0.000728	0	0	0	0	0.292	0	0.632	Experiments
PLK1	CDC20	0.000785	0	0	0	0	0.734	0	0.227	Experiments
PLK1	SKA3	0.000793	0	0	0	0	0.292	0.72	0	Experiments + Databases
PLK1	CENPF	0.000812	0	0	0	0	0	0.72	0.358	Databases
PLK1	NCAPG2	0.000843	0	0	0	0	0.292	0.5	0.593	Experiments + Databases
PLK1	CDC25C	0.000894	0	0	0	0	0.618	0	0.734	Experiments
PLK1	GTSE1	0.000926	0	0	0	0	0.292	0.9	0	Experiments + Databases
PLK1	FOXM1	0.000944	0	0	0	0	0.292	0.9	0.279	Experiments + Databases
PLK1	ERCC6L	0.00095	0	0	0	0	0.725	0	0.826	Experiments
PLK1	BRCA2	0.000979	0	0	0	0	0.96	0	0.515	Experiments
TPX2	RRM2	0.000438	0	0	0	0	0	0	0.438	Text-mining
TPX2	AURKB	0.000506	0	0	0	0	0.292	0	0.331	Experiments
TPX2	MKI67	0.000599	0	0	0	0	0.292	0	0.457	Experiments
TPX2	HMMR	0.000761	0	0	0	0	0.292	0	0.677	Experiments
CDT1	MCMDC2	0.000505	0	0	0	0	0.367	0	0.251	Experiments
CDT1	CCNA2	0.000655	0	0	0	0	0.655	0	0	Experiments
CDT1	DTL	0.000659	0	0	0	0	0.457	0	0.398	Experiments
CDT1	CDK1	0.000665	0	0	0	0	0.665	0	0	Experiments
CDT1	CKS1B	0.000671	0	0	0	0	0.671	0	0	Experiments
CDT1	CKS2	0.000671	0	0	0	0	0.671	0	0	Experiments
CDT1	CDC45	0.000767	0	0	0	0	0	0	0.767	Text-mining
CDT1	MCM8	0.000805	0	0	0	0	0.367	0.5	0.433	Experiments + Databases
CDT1	MCM10	9e-04	0	0	0	0	0.045	0.5	0.807	Experiments + Databases
CDT1	ORC1	0.000938	0	0	0	0	0.826	0.5	0.353	Experiments + Databases
CDT1	MCM3	0.000944	0	0	0	0	0.523	0.5	0.786	Experiments + Databases
CDT1	PCNA	0.00096	0	0	0	0	0.96	0	0	Experiments
CDT1	MCM7	0.000982	0	0	0	0	0.669	0.5	0.905	Experiments + Databases
LIN37	FOXM1	0.000565	0	0	0	0	0.167	0.5	0	Experiments + Databases
LIN37	MYBL1	0.000685	0	0	0	0	0.685	0	0	Experiments
LIN37	RBL1	0.000688	0	0	0	0	0.671	0	0.091	Experiments
LIN37	E2F5	0.000831	0	0	0	0	0.586	0.5	0.252	Experiments + Databases
LIN37	LIN9	0.000999	0	0	0	0	0.965	0.9	0.982	Experiments + Databases
CHAF1A	H3C2	0.00042	0	0	0	0	0.421	0	0	Experiments
CHAF1A	PCNA	0.000457	0	0	0	0	0.457	0	0	Experiments
CHAF1A	CHAF1B	0.000998	0	0	0	0	0.672	0.9	0.96	Experiments + Databases
KIFC2	KIF5A	0.00054	0	0	0	0	0	0.54	0	Databases
KIFC2	KIF21B	0.00054	0	0	0	0	0	0.54	0	Databases
KIFC2	KIF20A	0.00054	0	0	0	0	0	0.54	0	Databases
KIFC2	KIFC1	0.00054	0	0	0	0	0	0.54	0	Databases
KIFC2	KIF2C	0.00054	0	0	0	0	0	0.54	0	Databases
KIFC2	KIF18B	0.00054	0	0	0	0	0	0.54	0	Databases
KIFC2	KIF14	0.00054	0	0	0	0	0	0.54	0	Databases
KIFC2	KIF15	0.00054	0	0	0	0	0	0.54	0	Databases
KIFC2	KLC2	0.000564	0	0	0	0	0	0.54	0.092	Databases
BIRC5	H2AX	0.000457	0	0	0	0	0.457	0	0	Experiments
BIRC5	UBE2C	0.000483	0	0	0	0	0	0	0.484	Text-mining
BIRC5	TOP2A	0.000507	0	0	0	0	0	0	0.507	Text-mining
BIRC5	FOXM1	0.00051	0	0	0	0	0	0	0.51	Text-mining
BIRC5	CENPF	0.00055	0	0	0	0	0	0	0.55	Text-mining
BIRC5	KIF2C	0.000599	0	0	0	0	0	0	0.599	Text-mining
BIRC5	BUB1	0.000638	0	0	0	0	0	0	0.638	Text-mining
BIRC5	CDK1	0.00079	0	0	0	0	0.457	0	0.63	Experiments
BIRC5	AURKB	0.000998	0	0	0	0	0.5	0.8	0.983	Experiments + Databases
BIRC5	CDCA8	0.000999	0	0	0	0	0.773	0.8	0.984	Experiments + Databases
BIRC5	INCENP	0.000999	0	0	0	0	0.756	0.8	0.983	Experiments + Databases
BUB1	CDC20B	0.000409	0	0	0	0	0.303	0	0.187	Experiments
BUB1	RFC4	0.000476	0	0	0	0	0	0	0.476	Text-mining
BUB1	CCNA2	0.000503	0	0	0	0	0	0	0.503	Text-mining
BUB1	TTK	0.000544	0	0	0	0	0.066	0	0.532	Experiments
BUB1	CENPF	0.000657	0	0	0	0	0	0	0.657	Text-mining
BUB1	KIF2C	0.000668	0	0	0	0	0	0	0.668	Text-mining
BUB1	DSN1	0.000725	0	0	0	0	0.725	0	0	Experiments
BUB1	SPC24	0.000725	0	0	0	0	0.725	0	0	Experiments
BUB1	AURKB	0.000762	0	0	0	0	0	0	0.762	Text-mining
BUB1	CDK1	0.000901	0	0	0	0	0.292	0	0.865	Experiments
BUB1	ZWINT	0.000926	0	0	0	0	0.725	0	0.742	Experiments
BUB1	CDC20	0.000983	0	0	0	0	0.806	0	0.919	Experiments
COL22A1	COL7A1	4e-04	0	0	0	0	0	0.4	0	Databases
COL22A1	COL15A1	4e-04	0	0	0	0	0	0.4	0	Databases
COL22A1	COL9A1	4e-04	0	0	0	0	0	0.4	0	Databases
COL22A1	SERPINH1	0.000499	0	0	0	0	0	0.5	0	Databases
CDC25A	SFN	0.000409	0	0	0	0	0.079	0	0.385	Experiments
CDC25A	CDK1	0.000494	0	0	0	0	0.095	0	0.464	Experiments
CDC25A	NAA10	0.000534	0	0	0	0	0.534	0	0	Experiments
CDC25A	CHEK1	0.000608	0	0	0	0	0.457	0	0.309	Experiments
CDC25A	CDC25C	9e-04	0	0	0	0	0	0.9	0.05	Databases
RAB24	CHML	0.000564	0	0	0	0	0.165	0.5	0	Experiments + Databases
KREMEN2	DKK1	0.000993	0	0	0	0	0.439	0.5	0.978	Experiments + Databases
CALML6	CNR1	0.000404	0	0	0	0	0	0	0.404	Text-mining
CALML6	TRPC6	0.000575	0	0	0	0	0.048	0	0.572	Experiments
CALML6	DAPK2	0.000576	0	0	0	0	0	0	0.576	Text-mining
CALML6	KCNQ3	0.000582	0	0	0	0	0	0	0.582	Text-mining
CALML6	MYO1A	0.000613	0	0	0	0	0	0	0.613	Text-mining
CALML6	STRA6	0.000674	0	0	0	0	0	0	0.674	Text-mining
CALML6	PLA2G6	0.00069	0	0	0	0	0	0	0.69	Text-mining
CALML6	SCN4A	0.000695	0	0	0	0	0.048	0	0.693	Experiments
CALML6	BEX2	0.000716	0	0	0	0	0	0	0.716	Text-mining
CALML6	UNC13A	0.000848	0	0	0	0	0	0	0.848	Text-mining
BFSP2	EPHB2	0.000671	0	0	0	0	0	0	0.671	Text-mining
BFSP2	BFSP1	0.000852	0	0	0	0	0.352	0	0.782	Experiments
FEN1	BLM	5e-04	0	0	0	0	0.457	0	0.118	Experiments
FEN1	RFC3	0.000543	0	0	0	0	0	0.5	0.125	Databases
FEN1	DDX11	0.000617	0	0	0	0	0.292	0	0.481	Experiments
FEN1	DNA2	0.000649	0	0	0	0	0.321	0	0.504	Experiments
FEN1	RFC4	0.000655	0	0	0	0	0	0.5	0.338	Databases
FEN1	RECQL4	0.000759	0	0	0	0	0	0	0.759	Text-mining
FEN1	POLD1	0.000883	0	0	0	0	0.735	0.5	0.192	Experiments + Databases
FEN1	PCNA	0.000992	0	0	0	0	0.977	0.5	0.351	Experiments + Databases
SHCBP1	CENPA	6e-04	0	0	0	0	0.287	0	0.463	Experiments
SHCBP1	RACGAP1	0.000673	0	0	0	0	0.673	0	0	Experiments
CDCA7	SFN	0.000601	0	0	0	0	0.601	0	0	Experiments
YEATS2	VPS72	0.000639	0	0	0	0	0	0.54	0.249	Databases
ESCO2	PCNA	0.000481	0	0	0	0	0.359	0	0.224	Experiments
MCM7	L3MBTL1	0.000406	0	0	0	0	0.406	0	0	Experiments
MCM7	KIF14	0.000444	0	0	0	0	0.292	0	0.248	Experiments
MCM7	RECQL4	0.000457	0	0	0	0	0.457	0	0	Experiments
MCM7	MCMDC2	0.000476	0	0	0	0	0.369	0	0.204	Experiments
MCM7	PCNA	0.000682	0	0	0	0	0.682	0	0	Experiments
MCM7	WDHD1	0.000872	0	0	0	0	0.872	0	0	Experiments
MCM7	CLSPN	0.000895	0	0	0	0	0.8	0.5	0	Experiments + Databases
MCM7	CDC7	0.000896	0	0	0	0	0.801	0.5	0	Experiments + Databases
MCM7	MCM10	0.000911	0	0	0	0	0.733	0.5	0.388	Experiments + Databases
MCM7	ORC1	0.000936	0	0	0	0	0.784	0.65	0.228	Experiments + Databases
MCM7	MCM8	0.000984	0	0	0	0	0.534	0.9	0.691	Experiments + Databases
MCM7	GINS3	0.000993	0	0	0	0	0.979	0.54	0.408	Experiments + Databases
MCM7	CDC45	0.000997	0	0	0	0	0.981	0.54	0.763	Experiments + Databases
MCM7	MCM3	0.000999	0	0	0	0	0.99	0.9	0.986	Experiments + Databases
CBX2	TTK	0.000459	0	0	0	0	0	0	0.459	Text-mining
CBX2	H2BC11	0.000499	0	0	0	0	0	0.5	0	Databases
CBX2	H2BC15	0.000499	0	0	0	0	0	0.5	0	Databases
CBX2	H2BC9	0.000499	0	0	0	0	0	0.5	0	Databases
CBX2	H2BC17	0.000499	0	0	0	0	0	0.5	0	Databases
CBX2	CDC20B	0.00054	0	0	0	0	0	0.54	0	Databases
CBX2	CDC20	0.00054	0	0	0	0	0	0.54	0	Databases
CBX2	H2AX	0.000596	0	0	0	0	0.226	0.5	0	Experiments + Databases
CBX2	RAD51	0.00072	0	0	0	0	0	0.72	0	Databases
CBX2	BRCA2	0.00072	0	0	0	0	0	0.72	0	Databases
CBX2	H3C10	9e-04	0	0	0	0	0.9	0	0	Experiments
CBX2	UBE2C	9e-04	0	0	0	0	0	0.9	0	Databases
CBX2	CUL7	9e-04	0	0	0	0	0	0.9	0	Databases
CBX2	H3C6	9e-04	0	0	0	0	0.9	0	0	Experiments
CBX2	EZH2	9e-04	0	0	0	0	0	0.9	0	Databases
CBX2	H3C2	9e-04	0	0	0	0	0.9	0	0	Experiments
TERT	SNRPE	0.00072	0	0	0	0	0	0.72	0	Databases
TERT	SNRPB	0.00072	0	0	0	0	0	0.72	0	Databases
TERT	SMG5	0.000731	0	0	0	0	0.335	0.54	0.191	Experiments + Databases
TERT	H2BC6	8e-04	0	0	0	0	0.8	0	0	Experiments
TERT	H2AC13	8e-04	0	0	0	0	0.8	0	0	Experiments
TERT	H2BC11	8e-04	0	0	0	0	0.8	0	0	Experiments
TERT	H2BC18	8e-04	0	0	0	0	0.8	0	0	Experiments
TERT	H2AC11	8e-04	0	0	0	0	0.8	0	0	Experiments
TERT	H2BC8	8e-04	0	0	0	0	0.8	0	0	Experiments
SH3PXD2B	ADAM15	0.000416	0	0	0	0	0	0	0.417	Text-mining
CNIH2	COL7A1	0.000499	0	0	0	0	0	0.5	0	Databases
CNIH2	GRIK4	0.00054	0	0	0	0	0	0.54	0	Databases
CNIH2	GRIN2A	0.00072	0	0	0	0	0	0.72	0	Databases
CD34	TOMM40L	0.00054	0	0	0	0	0	0.54	0	Databases
CD34	PODXL	0.00059	0	0	0	0	0	0	0.59	Text-mining
RMI2	RFC4	0.000499	0	0	0	0	0	0.5	0	Databases
RMI2	EXO1	0.000499	0	0	0	0	0	0.5	0	Databases
RMI2	BRCA2	0.000499	0	0	0	0	0	0.5	0	Databases
RMI2	RAD51	0.000499	0	0	0	0	0	0.5	0	Databases
RMI2	RFC3	0.000499	0	0	0	0	0	0.5	0	Databases
RMI2	XRCC3	0.000499	0	0	0	0	0	0.5	0	Databases
RMI2	XRCC2	0.000499	0	0	0	0	0	0.5	0	Databases
RMI2	RHNO1	0.000499	0	0	0	0	0	0.5	0	Databases
RMI2	DNA2	0.000499	0	0	0	0	0	0.5	0	Databases
RMI2	FANCA	0.000734	0	0	0	0	0.734	0	0	Experiments
RMI2	BLM	0.000941	0	0	0	0	0.457	0.8	0.506	Experiments + Databases
FANCI	SLCO6A1	0.000407	0	0	0	0	0	0	0.407	Text-mining
FANCI	ECT2	0.000482	0	0	0	0	0	0	0.482	Text-mining
FANCI	FAAP24	0.000499	0	0	0	0	0	0.5	0	Databases
FANCI	EME1	0.000499	0	0	0	0	0	0.5	0	Databases
FANCI	EME2	0.000499	0	0	0	0	0	0.5	0	Databases
FANCI	POLD1	0.00054	0	0	0	0	0	0.54	0	Databases
FANCI	POLN	0.00063	0	0	0	0	0.292	0.5	0	Experiments + Databases
FANCI	RAD51	0.000669	0	0	0	0	0.292	0	0.552	Experiments
FANCI	FANCA	0.000895	0	0	0	0	0.8	0.5	0	Experiments + Databases
FANCI	UBE2T	0.000895	0	0	0	0	0.8	0.5	0	Experiments + Databases
FANCI	FANCB	0.000895	0	0	0	0	0.8	0.5	0	Experiments + Databases
FANCI	FANCG	0.000934	0	0	0	0	0.8	0.5	0.402	Experiments + Databases
FANCI	BRCA2	0.000955	0	0	0	0	0.23	0.54	0.883	Experiments + Databases
CKS1B	PLEKHG2	0.00047	0	0	0	0	0.47	0	0	Experiments
CKS1B	CDC20	0.000563	0	0	0	0	0.563	0	0	Experiments
CKS1B	CCNE2	0.000826	0	0	0	0	0.667	0.5	0	Experiments + Databases
CKS1B	CKS2	0.000974	0	0	0	0	0.669	0.9	0.285	Experiments + Databases
CKS1B	CCNA2	0.000985	0	0	0	0	0.919	0.5	0.656	Experiments + Databases
CKS1B	CDK1	0.000998	0	0	0	0	0.972	0	0.959	Experiments
ADCY6	GNG4	0.000499	0	0	0	0	0	0.5	0	Databases
ADCY6	GNAZ	0.000526	0	0	0	0	0	0.5	0.091	Databases
ADCY6	GNAL	0.000651	0	0	0	0	0.332	0.5	0	Experiments + Databases
DNAH12	DNAH17	0.00054	0	0	0	0	0	0.54	0.042	Databases
CLSPN	PCNA	0.000457	0	0	0	0	0.457	0	0	Experiments
CLSPN	ORC1	0.000499	0	0	0	0	0	0.5	0	Databases
CLSPN	MCM8	0.000499	0	0	0	0	0	0.5	0	Databases
CLSPN	CDC7	0.00074	0	0	0	0	0.457	0.5	0.121	Experiments + Databases
CLSPN	RHNO1	8e-04	0	0	0	0	0	0.8	0	Databases
CLSPN	MCM10	0.000883	0	0	0	0	0	0.5	0.777	Databases
CLSPN	MCM3	0.000895	0	0	0	0	0.8	0.5	0	Experiments + Databases
CLSPN	GINS3	0.000931	0	0	0	0	0.931	0	0	Experiments
CLSPN	CDC45	0.000965	0	0	0	0	0.886	0.5	0.432	Experiments + Databases
CLSPN	WDHD1	0.000993	0	0	0	0	0.8	0	0.968	Experiments
CLSPN	CHEK1	0.000998	0	0	0	0	0.609	0.8	0.981	Experiments + Databases
ATAD5	PCNA	0.000597	0	0	0	0	0.597	0	0	Experiments
ATAD5	RFC3	0.000756	0	0	0	0	0.639	0	0.353	Experiments
ATAD5	RFC4	0.000984	0	0	0	0	0.773	0.9	0.353	Experiments + Databases
AURKB	UBE2C	0.000406	0	0	0	0	0	0.4	0.051	Databases
AURKB	SLCO6A1	0.000412	0	0	0	0	0	0	0.413	Text-mining
AURKB	KCNJ11	0.000435	0	0	0	0	0	0	0.435	Text-mining
AURKB	ECT2	0.00052	0	0	0	0	0.292	0	0.35	Experiments
AURKB	ASPM	0.000536	0	0	0	0	0	0	0.536	Text-mining
AURKB	BRCA2	0.000576	0	0	0	0	0.292	0	0.427	Experiments
AURKB	CENPF	0.000588	0	0	0	0	0	0	0.588	Text-mining
AURKB	ZWINT	0.000655	0	0	0	0	0	0	0.655	Text-mining
AURKB	CENPA	0.000694	0	0	0	0	0.457	0	0.461	Experiments
AURKB	KIF2C	0.000711	0	0	0	0	0.292	0	0.609	Experiments
AURKB	KIF20A	0.000722	0	0	0	0	0.457	0	0.509	Experiments
AURKB	RACGAP1	0.000777	0	0	0	0	0.457	0	0.607	Experiments
AURKB	CDC20	0.00081	0	0	0	0	0.292	0	0.743	Experiments
AURKB	KCNJ6	0.000848	0	0	0	0	0	0	0.848	Text-mining
AURKB	CDK1	0.000851	0	0	0	0	0.292	0	0.798	Experiments
AURKB	CDCA8	0.000998	0	0	0	0	0.457	0.8	0.984	Experiments + Databases
AURKB	INCENP	0.000999	0	0	0	0	0.959	0.8	0.986	Experiments + Databases
RNF31	PDLIM7	0.000424	0	0	0	0	0.425	0	0	Experiments
TYMS	UBE2C	0.000409	0	0	0	0	0.324	0	0.162	Experiments
CHAF1B	H3C2	0.00042	0	0	0	0	0.42	0	0	Experiments
CHAF1B	PCNA	0.000521	0	0	0	0	0.521	0	0	Experiments
ANXA2R	ANXA2	0.000977	0	0	0	0	0	0	0.977	Text-mining
DCAF4L2	DET1	0.00054	0	0	0	0	0	0.54	0	Databases
DCAF4L2	DCAF8L2	0.00054	0	0	0	0	0	0.54	0	Databases
DCAF4L2	DCAF8L1	0.00054	0	0	0	0	0	0.54	0	Databases
DCAF4L2	DCAF4L1	0.00054	0	0	0	0	0	0.54	0	Databases
DCAF4L2	DTL	0.00054	0	0	0	0	0	0.54	0	Databases
MYEF2	SOX2	0.000457	0	0	0	0	0.457	0	0	Experiments
DUOX1	DUOX2	0.000957	0	0	0	0	0	0.9	0.595	Databases
CDK5R1	PLXNA3	0.000499	0	0	0	0	0	0.5	0	Databases
CDK5R1	PLXNA1	0.000499	0	0	0	0	0	0.5	0	Databases
CDK5R1	CDK5RAP3	0.000551	0	0	0	0	0.292	0	0.392	Experiments
FAM133A	H2BC15	0.000518	0	0	0	0	0.518	0	0	Experiments
SKA3	PPP2R2C	0.000422	0	0	0	0	0.423	0	0	Experiments
SKA3	CENPF	9e-04	0	0	0	0	0	0.9	0	Databases
SULT1C2	SULT4A1	0.000796	0	0	0	0	0.61	0.5	0	Experiments + Databases
NQO1	NME1	0.00048	0	0	0	0	0.48	0	0	Experiments
NQO1	TP73	0.00055	0	0	0	0	0.488	0	0.159	Experiments
DYNC1I1	BICD1	0.000684	0	0	0	0	0.395	0.5	0	Experiments + Databases
EZH2	HMGA1	0.000439	0	0	0	0	0.439	0	0	Experiments
EZH2	IGF2BP2	0.000444	0	0	0	0	0	0	0.444	Text-mining
EZH2	E2F1	0.000494	0	0	0	0	0.302	0	0.305	Experiments
EZH2	H2BC15	0.000502	0	0	0	0	0.046	0.5	0	Experiments + Databases
EZH2	H2BC17	0.000502	0	0	0	0	0.046	0.5	0	Experiments + Databases
EZH2	H2BC9	0.000502	0	0	0	0	0.046	0.5	0	Experiments + Databases
EZH2	H2BC18	0.000502	0	0	0	0	0.046	0.5	0	Experiments + Databases
EZH2	H2AX	0.000658	0	0	0	0	0.047	0.5	0.341	Experiments + Databases
EZH2	CDK1	0.000669	0	0	0	0	0.457	0	0.417	Experiments
EZH2	H2AC11	0.000801	0	0	0	0	0.801	0	0	Experiments
EZH2	H4C14	0.000802	0	0	0	0	0.802	0	0	Experiments
EZH2	H4C12	0.000802	0	0	0	0	0.802	0	0	Experiments
EZH2	H4C5	0.000802	0	0	0	0	0.802	0	0	Experiments
EZH2	H4C8	0.000802	0	0	0	0	0.802	0	0	Experiments
EZH2	H2BC11	0.000896	0	0	0	0	0.801	0.5	0	Experiments + Databases
EZH2	EHMT2	0.00092	0	0	0	0	0.201	0	0.904	Experiments
EZH2	H2AC13	0.000923	0	0	0	0	0.852	0.5	0	Experiments + Databases
EZH2	PHF19	0.000925	0	0	0	0	0.67	0.5	0.584	Experiments + Databases
EZH2	DNMT3B	0.000995	0	0	0	0	0.509	0.5	0.982	Experiments + Databases
EZH2	DNMT1	0.000995	0	0	0	0	0.457	0.5	0.983	Experiments + Databases
PKM	CUL7	5e-04	0	0	0	0	0.5	0	0	Experiments
PKM	NME1	9e-04	0	0	0	0	0	0.9	0	Databases
CDC25C	PCNA	0.000457	0	0	0	0	0.457	0	0	Experiments
CDC25C	CHEK1	0.000697	0	0	0	0	0.457	0	0.465	Experiments
CDC25C	CDK1	0.000911	0	0	0	0	0.47	0	0.839	Experiments
CDC25C	SFN	0.000912	0	0	0	0	0.292	0.5	0.773	Experiments + Databases
CDC25C	PKN1	0.000926	0	0	0	0	0.292	0.9	0	Experiments + Databases
PFN4	FHDC1	0.000474	0	0	0	0	0.254	0	0.323	Experiments
DSCC1	PCNA	0.000499	0	0	0	0	0	0.5	0	Databases
DSCC1	RFC4	0.000982	0	0	0	0	0.61	0.9	0.597	Experiments + Databases
DSCC1	RFC3	0.000991	0	0	0	0	0.677	0.9	0.744	Experiments + Databases
SOX11	H4C12	8e-04	0	0	0	0	0.8	0	0	Experiments
SOX11	H4C14	8e-04	0	0	0	0	0.8	0	0	Experiments
SOX11	H4C8	8e-04	0	0	0	0	0.8	0	0	Experiments
SOX11	H4C5	8e-04	0	0	0	0	0.8	0	0	Experiments
BCAT2	BCAT1	9e-04	0	0	0	0	0	0.9	0	Databases
E2F7	E2F1	0.000402	0	0	0	0	0.292	0	0.19	Experiments
SPAG5	TOP2A	0.000441	0	0	0	0	0	0	0.441	Text-mining
SPAG5	CDK1	0.000459	0	0	0	0	0.292	0	0.267	Experiments
SPAG5	SPAG4	0.000548	0	0	0	0	0	0	0.548	Text-mining
SOX2	KPNA2	0.000405	0	0	0	0	0.405	0	0	Experiments
SOX2	UHRF1	0.000431	0	0	0	0	0	0	0.431	Text-mining
SOX2	IGF2BP2	0.000506	0	0	0	0	0.292	0	0.332	Experiments
SOX2	CDX2	0.000541	0	0	0	0	0	0	0.541	Text-mining
SOX2	POU3F2	0.000609	0	0	0	0	0	0	0.609	Text-mining
SOX2	H4C14	8e-04	0	0	0	0	0.8	0	0	Experiments
SOX2	H4C12	8e-04	0	0	0	0	0.8	0	0	Experiments
SOX2	H4C5	8e-04	0	0	0	0	0.8	0	0	Experiments
SOX2	H3C10	8e-04	0	0	0	0	0.8	0	0	Experiments
SOX2	H3C2	8e-04	0	0	0	0	0.8	0	0	Experiments
SOX2	H2BC11	8e-04	0	0	0	0	0.8	0	0	Experiments
SOX2	H4C8	8e-04	0	0	0	0	0.8	0	0	Experiments
SOX2	H3C6	8e-04	0	0	0	0	0.8	0	0	Experiments
SOX2	PAX6	0.000813	0	0	0	0	0.292	0	0.747	Experiments
SOX2	CDK1	0.000924	0	0	0	0	0.457	0	0.867	Experiments
DBF4B	CDC7	0.000747	0	0	0	0	0.648	0	0.31	Experiments
KIF15	MKI67	0.000483	0	0	0	0	0.292	0	0.3	Experiments
KIF15	KIFC1	0.00054	0	0	0	0	0	0.54	0	Databases
KIF15	KIF21B	0.00054	0	0	0	0	0	0.54	0	Databases
KIF15	KIF5A	0.00054	0	0	0	0	0	0.54	0	Databases
KIF15	KIF18B	0.00054	0	0	0	0	0	0.54	0	Databases
KIF15	KIF2C	0.00054	0	0	0	0	0	0.54	0	Databases
KIF15	KIF14	0.00054	0	0	0	0	0	0.54	0	Databases
KIF15	KIF20A	0.00054	0	0	0	0	0	0.54	0	Databases
KIF15	KLC2	0.00072	0	0	0	0	0	0.72	0	Databases
LAMA3	LAMB4	0.00054	0	0	0	0	0	0.54	0	Databases
LAMA3	ITGA6	0.00065	0	0	0	0	0	0.65	0	Databases
NCAPD2	NCAPG2	0.00054	0	0	0	0	0	0.54	0	Databases
NCAPD2	SMC1B	0.000563	0	0	0	0	0.357	0	0.349	Experiments
KLK4	KPNA2	0.000431	0	0	0	0	0	0	0.431	Text-mining
TACC3	ENAH	0.000608	0	0	0	0	0.457	0	0.309	Experiments
TACC3	CEP55	0.000693	0	0	0	0	0.595	0	0.274	Experiments
FLNC	ACTN2	0.000618	0	0	0	0	0	0	0.618	Text-mining
FLNC	ITGA6	0.00065	0	0	0	0	0	0.65	0	Databases
FLNC	FBLIM1	0.000998	0	0	0	0	0.912	0.7	0.939	Experiments + Databases
BMP8A	BMP7	0.000875	0	0	0	0	0	0	0.875	Text-mining
TSEN54	RPP21	0.00054	0	0	0	0	0	0.54	0	Databases
DCAF4L1	DCAF8L1	0.00054	0	0	0	0	0	0.54	0	Databases
DCAF4L1	DET1	0.00054	0	0	0	0	0	0.54	0	Databases
DCAF4L1	DCAF8L2	0.00054	0	0	0	0	0	0.54	0	Databases
DCAF4L1	DTL	0.00054	0	0	0	0	0	0.54	0	Databases
JAG2	PYCR1	0.000744	0	0	0	0	0	0	0.744	Text-mining
PIF1	PCNA	0.000517	0	0	0	0	0.517	0	0	Experiments
TRAIP	H2AX	0.000412	0	0	0	0	0.412	0	0	Experiments
TRAIP	PCNA	0.000618	0	0	0	0	0.618	0	0	Experiments
CDCA2	KPNA2	0.000587	0	0	0	0	0.587	0	0	Experiments
KNTC1	ZWINT	0.000416	0	0	0	0	0	0	0.416	Text-mining
KNTC1	CDCA8	0.000506	0	0	0	0	0	0	0.506	Text-mining
DNMT3B	CDH8	0.000442	0	0	0	0	0	0	0.442	Text-mining
DNMT3B	NR6A1	0.000541	0	0	0	0	0	0	0.541	Text-mining
DNMT3B	H2BC15	0.000606	0	0	0	0	0.245	0.5	0	Experiments + Databases
DNMT3B	H2BC11	0.000651	0	0	0	0	0.332	0.5	0	Experiments + Databases
DNMT3B	H2BC9	0.000669	0	0	0	0	0.366	0.5	0	Experiments + Databases
DNMT3B	HELLS	0.000724	0	0	0	0	0.292	0	0.627	Experiments
DNMT3B	H2AX	0.000785	0	0	0	0	0.379	0.5	0.364	Experiments + Databases
DNMT3B	EHMT2	0.000827	0	0	0	0	0.292	0	0.766	Experiments
DNMT3B	H2BC17	0.000869	0	0	0	0	0.749	0.5	0	Experiments + Databases
DNMT3B	UHRF1	0.000892	0	0	0	0	0.483	0	0.801	Experiments
DNMT3B	H3C6	9e-04	0	0	0	0	0.9	0	0	Experiments
DNMT3B	H3C10	9e-04	0	0	0	0	0.9	0	0	Experiments
DNMT3B	H3C2	9e-04	0	0	0	0	0.9	0	0	Experiments
DNMT3B	MAFG	0.000934	0	0	0	0	0.292	0	0.911	Experiments
DNMT3B	DNMT1	0.000998	0	0	0	0	0.509	0.9	0.972	Experiments + Databases
FOXK1	RBL1	0.000402	0	0	0	0	0.402	0	0	Experiments
LIN9	E2F5	0.000628	0	0	0	0	0	0.5	0.286	Databases
LIN9	MYBL1	0.000699	0	0	0	0	0.671	0	0.124	Experiments
LIN9	RBL1	0.000739	0	0	0	0	0.64	0	0.305	Experiments
LIN9	FOXM1	0.000764	0	0	0	0	0.178	0.5	0.473	Experiments + Databases
MAPK8IP2	FGF13	0.000457	0	0	0	0	0.457	0	0	Experiments
MAPK8IP2	TTLL4	0.000463	0	0	0	0	0.464	0	0	Experiments
MAPK8IP2	KLC2	0.000715	0	0	0	0	0.046	0	0.713	Experiments
MAPK8IP2	FGF12	0.000869	0	0	0	0	0.457	0	0.77	Experiments
KPNA7	KPNA2	0.00054	0	0	0	0	0	0.54	0	Databases
BCAN	ACAN	0.000978	0	0	0	0	0	0	0.978	Text-mining
COL7A1	COL15A1	4e-04	0	0	0	0	0	0.4	0	Databases
COL7A1	COL9A1	4e-04	0	0	0	0	0	0.4	0	Databases
COL7A1	SERPINH1	0.000526	0	0	0	0	0	0.5	0.091	Databases
GRIN2A	ACTN2	0.000499	0	0	0	0	0	0.5	0	Databases
GRIN2A	GRIK4	0.000551	0	0	0	0	0	0.54	0.065	Databases
GRIN2A	MPP3	0.000712	0	0	0	0	0	0	0.712	Text-mining
OSBP2	BTNL8	0.000414	0	0	0	0	0.414	0	0	Experiments
UNC5A	ADGRL1	0.000749	0	0	0	0	0.749	0	0	Experiments
MAPK11	DUSP9	0.000454	0	0	0	0	0.452	0	0.044	Experiments
MAPK11	MAPT	0.000457	0	0	0	0	0.457	0	0	Experiments
MAPK11	CTNNA2	0.000499	0	0	0	0	0	0.5	0	Databases
GNAL	OR51E1	0.000503	0	0	0	0	0.047	0.5	0	Experiments + Databases
GNAL	OR51E2	0.000503	0	0	0	0	0.047	0.5	0	Experiments + Databases
GNAL	GNAZ	0.00054	0	0	0	0	0	0.54	0	Databases
GNAL	GNG4	0.000655	0	0	0	0	0.282	0.54	0	Experiments + Databases
ERCC6L	CENPI	0.000475	0	0	0	0	0.076	0	0.456	Experiments
ERCC6L	BLM	0.000725	0	0	0	0	0.725	0	0	Experiments
ERCC6L	BEND3	9e-04	0	0	0	0	0.9	0	0	Experiments
GLDN	NRCAM	0.00089	0	0	0	0	0	0	0.89	Text-mining
CDKN3	CDK1	0.000462	0	0	0	0	0.457	0	0.05	Experiments
RAD54B	RIBC2	0.000485	0	0	0	0	0.486	0	0	Experiments
RAD54B	RAD54L	0.000931	0	0	0	0	0	0.9	0.342	Databases
RAD54B	RAD51	0.000945	0	0	0	0	0.535	0	0.886	Experiments
CENPA	CENPF	0.000489	0	0	0	0	0	0	0.489	Text-mining
CENPA	KIF2C	0.000537	0	0	0	0	0	0	0.537	Text-mining
CENPA	DSN1	0.000643	0	0	0	0	0.161	0	0.592	Experiments
CENPA	H2AX	0.000678	0	0	0	0	0.359	0.5	0.076	Experiments + Databases
CENPA	H2BC18	0.000735	0	0	0	0	0.735	0	0	Experiments
CENPA	H3C10	8e-04	0	0	0	0	0.8	0	0	Experiments
CENPA	H3C2	8e-04	0	0	0	0	0.8	0	0	Experiments
CENPA	H2BC8	0.000807	0	0	0	0	0.807	0	0	Experiments
CENPA	H2BC6	0.000807	0	0	0	0	0.807	0	0	Experiments
CENPA	H3C6	0.000832	0	0	0	0	0.8	0	0.195	Experiments
CENPA	H2BC9	0.000861	0	0	0	0	0.735	0.5	0	Experiments + Databases
CENPA	H2BC15	0.000861	0	0	0	0	0.735	0.5	0	Experiments + Databases
CENPA	H2BC17	0.000869	0	0	0	0	0.749	0.5	0	Experiments + Databases
CENPA	CENPL	0.000899	0	0	0	0	0.8	0.5	0.08	Experiments + Databases
CENPA	H2AC11	0.000907	0	0	0	0	0.904	0	0.076	Experiments
CENPA	H2BC11	0.000907	0	0	0	0	0.807	0.54	0	Experiments + Databases
CENPA	H2AC13	0.000907	0	0	0	0	0.904	0	0.076	Experiments
CENPA	CENPO	0.000922	0	0	0	0	0.851	0.5	0	Experiments + Databases
CENPA	H4C5	0.000956	0	0	0	0	0.904	0.54	0.089	Experiments + Databases
CENPA	H4C14	0.000956	0	0	0	0	0.904	0.54	0.089	Experiments + Databases
CENPA	H4C12	0.000956	0	0	0	0	0.904	0.54	0.089	Experiments + Databases
CENPA	H4C8	0.000956	0	0	0	0	0.904	0.54	0.089	Experiments + Databases
CENPA	CENPW	0.000964	0	0	0	0	0.852	0.5	0.562	Experiments + Databases
CENPA	CENPK	0.000975	0	0	0	0	0.851	0.5	0.702	Experiments + Databases
CENPA	CENPI	0.000984	0	0	0	0	0.87	0.5	0.774	Experiments + Databases
CENPA	HJURP	0.000995	0	0	0	0	0.96	0.5	0.801	Experiments + Databases
CDCA4	PPP2R2C	0.000644	0	0	0	0	0.644	0	0	Experiments
PLCB1	GNG4	0.000567	0	0	0	0	0	0.5	0.17	Databases
THBS4	PDGFA	0.000499	0	0	0	0	0	0.5	0	Databases
MAPT	CDK1	0.000457	0	0	0	0	0.457	0	0	Experiments
MAPT	MAP2	0.000457	0	0	0	0	0.457	0	0	Experiments
MAPT	PACSIN1	0.000464	0	0	0	0	0.292	0	0.274	Experiments
MAPT	SFN	0.00057	0	0	0	0	0.57	0	0	Experiments
MAPT	ANXA2	0.000676	0	0	0	0	0.457	0	0.429	Experiments
TRPC6	RNF24	0.000681	0	0	0	0	0.292	0	0.568	Experiments
SFN	EXO1	0.000589	0	0	0	0	0.292	0	0.444	Experiments
SFN	CDK1	0.00063	0	0	0	0	0.292	0.5	0	Experiments + Databases
FOXM1	DEPDC1	0.000441	0	0	0	0	0.167	0	0.357	Experiments
FOXM1	TK1	0.000459	0	0	0	0	0	0	0.46	Text-mining
FOXM1	CCNA2	0.000766	0	0	0	0	0	0	0.766	Text-mining
FOXM1	CDK1	0.00085	0	0	0	0	0.457	0	0.736	Experiments
PKN1	H2BC11	0.000499	0	0	0	0	0	0.5	0	Databases
PKN1	H2BC17	0.000499	0	0	0	0	0	0.5	0	Databases
PKN1	H2AX	0.000499	0	0	0	0	0	0.5	0	Databases
PKN1	H2BC9	0.000499	0	0	0	0	0	0.5	0	Databases
PKN1	H2BC15	0.000499	0	0	0	0	0	0.5	0	Databases
E2F1	KPNA2	0.000453	0	0	0	0	0	0	0.453	Text-mining
E2F1	TP73	0.000457	0	0	0	0	0.457	0	0	Experiments
E2F1	CDC20	0.000457	0	0	0	0	0.457	0	0	Experiments
E2F1	E2F5	0.000535	0	0	0	0	0.329	0	0.336	Experiments
E2F1	RBL1	0.000685	0	0	0	0	0.639	0	0.163	Experiments
E2F1	CDKN2A	0.000742	0	0	0	0	0.457	0	0.546	Experiments
E2F1	DNMT1	0.000913	0	0	0	0	0.287	0	0.883	Experiments
E2F1	CCNA2	0.000987	0	0	0	0	0.457	0.5	0.959	Experiments + Databases
E2F1	E2F2	0.000989	0	0	0	0	0.55	0.9	0.779	Experiments + Databases
KCNJ11	INCENP	0.000631	0	0	0	0	0	0	0.631	Text-mining
KCNJ11	ABCB5	0.000772	0	0	0	0	0.076	0	0.764	Experiments
DUSP9	PPEF1	0.000418	0	0	0	0	0	0	0.419	Text-mining
ANXA2	PCNA	0.000605	0	0	0	0	0.605	0	0	Experiments
ANXA2	S100A10	0.000999	0	0	0	0	0.96	0.9	0.982	Experiments + Databases
RPL22L1	RPL30	0.000495	0	0	0	0	0.496	0	0	Experiments
VPS72	H2BC8	0.000438	0	0	0	0	0.438	0	0	Experiments
VPS72	H2BC11	9e-04	0	0	0	0	0.9	0	0	Experiments
PDGFA	COL9A1	0.000499	0	0	0	0	0	0.5	0	Databases
PDGFA	COL4A2	0.000499	0	0	0	0	0	0.5	0	Databases
PDGFA	COL4A1	0.000499	0	0	0	0	0	0.5	0	Databases
PDGFA	SPP1	0.000499	0	0	0	0	0	0.5	0	Databases
BLM	H2AX	0.000457	0	0	0	0	0.457	0	0	Experiments
BLM	RFC4	0.000499	0	0	0	0	0	0.5	0	Databases
BLM	XRCC3	0.000499	0	0	0	0	0	0.5	0	Databases
BLM	RHNO1	0.000499	0	0	0	0	0	0.5	0	Databases
BLM	RFC3	0.000499	0	0	0	0	0	0.5	0	Databases
BLM	MSH5	0.000581	0	0	0	0	0.044	0.5	0.194	Experiments + Databases
BLM	XRCC2	0.00063	0	0	0	0	0.292	0.5	0	Experiments + Databases
BLM	RAD51	0.000797	0	0	0	0	0.457	0.5	0.314	Experiments + Databases
BLM	BRCA2	8e-04	0	0	0	0	0	0.8	0	Databases
BLM	FANCG	0.000809	0	0	0	0	0.734	0	0.312	Experiments
BLM	FANCA	0.000815	0	0	0	0	0.734	0	0.336	Experiments
BLM	DNA2	0.000899	0	0	0	0	0.292	0.5	0.739	Experiments + Databases
BLM	EXO1	0.000951	0	0	0	0	0.457	0.7	0.728	Experiments + Databases
DNM3	AP1M2	0.000499	0	0	0	0	0	0.5	0	Databases
PDLIM7	TPM2	0.000455	0	0	0	0	0.386	0	0.149	Experiments
PDLIM7	ARTN	0.000499	0	0	0	0	0	0.5	0	Databases
PDLIM7	MYO1A	0.00054	0	0	0	0	0	0.54	0	Databases
PDLIM7	TBX4	0.000642	0	0	0	0	0	0	0.642	Text-mining
JPT1	STMN1	0.00042	0	0	0	0	0.42	0	0	Experiments
CENPL	HJURP	0.000499	0	0	0	0	0	0.5	0	Databases
CENPL	H2BC8	8e-04	0	0	0	0	0.8	0	0	Experiments
CENPL	H2BC6	8e-04	0	0	0	0	0.8	0	0	Experiments
CENPL	H4C12	8e-04	0	0	0	0	0.8	0	0	Experiments
CENPL	H4C14	8e-04	0	0	0	0	0.8	0	0	Experiments
CENPL	H4C8	8e-04	0	0	0	0	0.8	0	0	Experiments
CENPL	H4C5	8e-04	0	0	0	0	0.8	0	0	Experiments
CENPL	CENPW	0.000974	0	0	0	0	0.8	0.8	0.418	Experiments + Databases
CENPL	CENPI	0.000995	0	0	0	0	0.93	0.8	0.718	Experiments + Databases
CENPL	CENPK	0.000995	0	0	0	0	0.86	0.8	0.853	Experiments + Databases
CENPL	CENPO	0.000996	0	0	0	0	0.8	0.8	0.93	Experiments + Databases
PXDNL	CEL	0.000487	0	0	0	0	0	0	0.487	Text-mining
UBE2C	PTTG1	0.000422	0	0	0	0	0	0.4	0.077	Databases
UBE2C	TOP2A	0.00047	0	0	0	0	0	0	0.47	Text-mining
UBE2C	NEK2	0.000499	0	0	0	0	0	0.5	0	Databases
UBE2C	CCNA2	0.000499	0	0	0	0	0	0.5	0	Databases
UBE2C	EHMT2	0.000499	0	0	0	0	0	0.5	0	Databases
UBE2C	CDC20B	0.000545	0	0	0	0	0	0.54	0.052	Databases
UBE2C	CDK1	0.000659	0	0	0	0	0	0.5	0.346	Databases
UBE2C	RAD51	0.00072	0	0	0	0	0	0.72	0	Databases
UBE2C	BRCA2	0.00072	0	0	0	0	0	0.72	0	Databases
UBE2C	CUL7	9e-04	0	0	0	0	0	0.9	0	Databases
UBE2C	CDC20	0.00097	0	0	0	0	0.886	0.54	0.48	Experiments + Databases
MAGEA1	TRIM31	0.000807	0	0	0	0	0.484	0	0.642	Experiments
SCRIB	DLG5	0.00082	0	0	0	0	0	0.8	0.14	Databases
COL9A1	COL15A1	4e-04	0	0	0	0	0	0.4	0	Databases
COL9A1	SERPINH1	0.000505	0	0	0	0	0	0.5	0.052	Databases
COL9A1	COL2A1	0.000513	0	0	0	0	0.457	0	0.14	Experiments
INKA2	DNASE1L2	0.000671	0	0	0	0	0.671	0	0	Experiments
SMC1B	H2BC11	0.000499	0	0	0	0	0	0.5	0	Databases
SMC1B	H2BC15	0.000499	0	0	0	0	0	0.5	0	Databases
SMC1B	H2AX	0.000499	0	0	0	0	0	0.5	0	Databases
SMC1B	H2BC9	0.000499	0	0	0	0	0	0.5	0	Databases
SMC1B	H2BC17	0.000499	0	0	0	0	0	0.5	0	Databases
SMC1B	SGO2	9e-04	0	0	0	0	0	0.9	0	Databases
SGO2	KIF2C	0.000621	0	0	0	0	0.292	0	0.487	Experiments
SGO2	CDCA8	0.000867	0	0	0	0	0.292	0	0.821	Experiments
PRIM1	DNA2	0.000499	0	0	0	0	0	0.5	0	Databases
PRIM1	RFC3	0.000499	0	0	0	0	0	0.5	0	Databases
PRIM1	RFC4	0.000499	0	0	0	0	0	0.5	0	Databases
PRIM1	MCM3	0.00072	0	0	0	0	0	0.72	0	Databases
PRIM1	PCNA	0.00072	0	0	0	0	0	0.72	0	Databases
PRIM1	POLG2	9e-04	0	0	0	0	0	0.9	0	Databases
PRIM1	POLD1	0.000951	0	0	0	0	0.333	0.9	0.337	Experiments + Databases
PRIM1	PRIM2	0.000999	0	0	0	0	0.982	0.9	0.98	Experiments + Databases
DNA2	XRCC2	0.000499	0	0	0	0	0	0.5	0	Databases
DNA2	RHNO1	0.000499	0	0	0	0	0	0.5	0	Databases
DNA2	RFC3	0.000499	0	0	0	0	0	0.5	0	Databases
DNA2	PCNA	0.000499	0	0	0	0	0	0.5	0	Databases
DNA2	POLD1	0.000499	0	0	0	0	0	0.5	0	Databases
DNA2	PRIM2	0.000499	0	0	0	0	0	0.5	0	Databases
DNA2	XRCC3	0.000499	0	0	0	0	0	0.5	0	Databases
DNA2	RFC4	0.000499	0	0	0	0	0	0.5	0	Databases
DNA2	BRCA2	0.000499	0	0	0	0	0	0.5	0	Databases
DNA2	RAD51	0.000575	0	0	0	0	0.185	0.5	0	Experiments + Databases
DNA2	MCM10	0.000597	0	0	0	0	0	0	0.597	Text-mining
DNA2	EXO1	0.000855	0	0	0	0	0	0.5	0.723	Databases
DNA2	WDHD1	0.000879	0	0	0	0	0.702	0	0.61	Experiments
H2AC13	H2BC15	0.000492	0	0	0	0	0.072	0.4	0.161	Experiments + Databases
H2AC13	H2BC9	0.000494	0	0	0	0	0.164	0.4	0.074	Experiments + Databases
H2AC13	USP21	0.000499	0	0	0	0	0	0.5	0	Databases
H2AC13	H2BC17	0.000613	0	0	0	0	0.361	0.4	0.074	Experiments + Databases
H2AC13	H2BC6	0.000906	0	0	0	0	0.903	0	0.074	Experiments
H2AC13	H4C5	0.000907	0	0	0	0	0.903	0	0.081	Experiments
H2AC13	NSD2	0.000907	0	0	0	0	0.907	0	0	Experiments
H2AC13	H4C8	0.000907	0	0	0	0	0.903	0	0.081	Experiments
H2AC13	H4C14	0.000907	0	0	0	0	0.903	0	0.081	Experiments
H2AC13	H4C12	0.000907	0	0	0	0	0.903	0	0.081	Experiments
H2AC13	H2BC8	0.000936	0	0	0	0	0.903	0	0.371	Experiments
H2AC13	H2AC11	0.000939	0	0	0	0	0.9	0	0.421	Experiments
H2AC13	H2BC18	0.000942	0	0	0	0	0.904	0.4	0.074	Experiments + Databases
H2AC13	H2BC11	0.000967	0	0	0	0	0.91	0.4	0.438	Experiments + Databases
SYN3	PPFIA4	0.000499	0	0	0	0	0	0.5	0	Databases
NOL12	RPL30	0.000422	0	0	0	0	0.422	0	0	Experiments
H2AC11	H4C5	0.000907	0	0	0	0	0.903	0	0.081	Experiments
H2AC11	NSD2	0.000907	0	0	0	0	0.907	0	0	Experiments
H2AC11	H4C8	0.000907	0	0	0	0	0.903	0	0.081	Experiments
H2AC11	H2BC18	0.000907	0	0	0	0	0.904	0	0.074	Experiments
H2AC11	H4C14	0.000907	0	0	0	0	0.903	0	0.081	Experiments
H2AC11	H2BC6	0.000911	0	0	0	0	0.908	0	0.074	Experiments
H2AC11	H4C12	0.000916	0	0	0	0	0.912	0	0.081	Experiments
H2AC11	H2BC8	0.00094	0	0	0	0	0.909	0	0.372	Experiments
H2AC11	H2BC11	0.000947	0	0	0	0	0.91	0	0.438	Experiments
XRCC2	EXO1	0.000499	0	0	0	0	0	0.5	0	Databases
XRCC2	BRCA2	0.000885	0	0	0	0	0	0.5	0.78	Databases
XRCC2	RAD51	0.000938	0	0	0	0	0.457	0.5	0.791	Experiments + Databases
XRCC2	XRCC3	0.000984	0	0	0	0	0	0.9	0.847	Databases
DNMT1	HMGA2	0.000426	0	0	0	0	0	0	0.427	Text-mining
DNMT1	CHEK1	0.000457	0	0	0	0	0.457	0	0	Experiments
DNMT1	H2BC11	0.000499	0	0	0	0	0	0.5	0	Databases
DNMT1	H2BC17	0.000499	0	0	0	0	0	0.5	0	Databases
DNMT1	H2BC15	0.000499	0	0	0	0	0	0.5	0	Databases
DNMT1	H2BC9	0.000564	0	0	0	0	0.164	0.5	0	Experiments + Databases
DNMT1	PAX6	0.000678	0	0	0	0	0.292	0	0.564	Experiments
DNMT1	H2AX	0.000777	0	0	0	0	0.329	0.5	0.391	Experiments + Databases
DNMT1	H3C2	9e-04	0	0	0	0	0.9	0	0	Experiments
DNMT1	H3C10	9e-04	0	0	0	0	0.9	0	0	Experiments
DNMT1	H3C6	9e-04	0	0	0	0	0.9	0	0	Experiments
DNMT1	PCNA	0.000966	0	0	0	0	0.966	0	0	Experiments
DNMT1	EHMT2	0.00099	0	0	0	0	0.457	0	0.983	Experiments
DNMT1	UHRF1	0.000999	0	0	0	0	0.483	0.9	0.983	Experiments + Databases
CPLX2	VAMP1	0.00054	0	0	0	0	0	0.54	0	Databases
AKR1B10	AKR1B15	0.000478	0	0	0	0	0.478	0	0	Experiments
ZSWIM5	PRAME	0.00054	0	0	0	0	0	0.54	0	Databases
COL4A2	LOXL2	0.000405	0	0	0	0	0.405	0	0	Experiments
COL4A2	BMP7	0.000452	0	0	0	0	0	0	0.452	Text-mining
COL4A2	COL15A1	0.00054	0	0	0	0	0	0.54	0	Databases
COL4A2	SERPINH1	0.000603	0	0	0	0	0.077	0.5	0.21	Experiments + Databases
COL4A2	COL4A1	0.000999	0	0	0	0	0.948	0.9	0.956	Experiments + Databases
RRM2	CDK1	0.000661	0	0	0	0	0.292	0	0.542	Experiments
RRM2	CCNF	0.000685	0	0	0	0	0.457	0	0.444	Experiments
WDHD1	HJURP	0.000432	0	0	0	0	0	0	0.432	Text-mining
WDHD1	POLD1	0.000502	0	0	0	0	0.351	0	0.265	Experiments
WDHD1	DIAPH3	0.000569	0	0	0	0	0	0	0.569	Text-mining
WDHD1	DDX11	0.000607	0	0	0	0	0.135	0	0.565	Experiments
WDHD1	MCM3	0.000896	0	0	0	0	0.896	0	0	Experiments
WDHD1	GINS3	0.000958	0	0	0	0	0.958	0	0	Experiments
WDHD1	MCM10	0.000978	0	0	0	0	0.041	0	0.978	Experiments
WDHD1	CDC45	0.000995	0	0	0	0	0.968	0	0.867	Experiments
WHRN	GPSM2	0.00066	0	0	0	0	0.488	0	0.364	Experiments
NRG2	GABRQ	0.000499	0	0	0	0	0	0.5	0	Databases
NRG2	GABRG2	0.000499	0	0	0	0	0	0.5	0	Databases
E2F2	E2F5	0.000622	0	0	0	0	0.329	0	0.46	Experiments
E2F2	RBL1	0.000637	0	0	0	0	0.537	0	0.247	Experiments
SMG5	SNRPE	0.00054	0	0	0	0	0	0.54	0	Databases
SMG5	SNRPB	0.00054	0	0	0	0	0	0.54	0	Databases
EXO1	XRCC3	0.000499	0	0	0	0	0	0.5	0	Databases
EXO1	RHNO1	0.000499	0	0	0	0	0	0.5	0	Databases
EXO1	CDK1	0.000531	0	0	0	0	0.292	0	0.365	Experiments
EXO1	RAD51	0.000538	0	0	0	0	0	0.5	0.115	Databases
EXO1	RFC3	0.000543	0	0	0	0	0	0.5	0.125	Databases
EXO1	RFC4	0.000588	0	0	0	0	0	0.5	0.211	Databases
EXO1	BRCA2	0.000628	0	0	0	0	0	0.5	0.287	Databases
EXO1	PCNA	0.000848	0	0	0	0	0.632	0.5	0.24	Experiments + Databases
CHML	RAB3B	0.000528	0	0	0	0	0.095	0.5	0	Experiments + Databases
ACTN2	RASGRF1	4e-04	0	0	0	0	0	0.4	0	Databases
ACTN2	TOP2A	0.000414	0	0	0	0	0	0	0.415	Text-mining
ACTN2	CDK1	0.000416	0	0	0	0	0	0	0.416	Text-mining
ACTN2	TPM2	0.00044	0	0	0	0	0.44	0	0	Experiments
COA6	COX7B2	0.000501	0	0	0	0	0.253	0.36	0	Experiments + Databases
COA6	C1orf198	0.000514	0	0	0	0	0.352	0.282	0	Experiments + Databases
COA6	COX4I2	0.000684	0	0	0	0	0.347	0.52	0.074	Experiments + Databases
C1orf198	COX4I2	0.000623	0	0	0	0	0.368	0.362	0.142	Experiments + Databases
ENAH	ROBO1	0.000499	0	0	0	0	0	0.5	0	Databases
CENPF	MKI67	0.000448	0	0	0	0	0.292	0	0.253	Experiments
CENPF	KIF2C	0.00047	0	0	0	0	0	0	0.47	Text-mining
CENPF	FBF1	0.00054	0	0	0	0	0	0.54	0	Databases
CENPF	ZWINT	0.000584	0	0	0	0	0	0	0.584	Text-mining
DTL	CHEK1	0.000457	0	0	0	0	0.457	0	0	Experiments
DTL	RFC3	0.000499	0	0	0	0	0	0.5	0	Databases
DTL	POLD1	0.000499	0	0	0	0	0	0.5	0	Databases
DTL	RFC4	0.000499	0	0	0	0	0	0.5	0	Databases
DTL	DCAF8L2	0.00054	0	0	0	0	0	0.54	0	Databases
DTL	DCAF8L1	0.00054	0	0	0	0	0	0.54	0	Databases
DTL	DET1	9e-04	0	0	0	0	0	0.9	0	Databases
DTL	PCNA	0.000979	0	0	0	0	0.96	0.5	0	Experiments + Databases
NEK2	CDC20	0.000861	0	0	0	0	0.734	0.5	0	Experiments + Databases
KISS1	GRPR	0.000402	0	0	0	0	0	0	0.402	Text-mining
KIF14	HJURP	0.000405	0	0	0	0	0.292	0	0.195	Experiments
KIF14	KIF4A	0.000413	0	0	0	0	0.292	0	0.205	Experiments
KIF14	RACGAP1	0.000455	0	0	0	0	0.292	0	0.262	Experiments
KIF14	KLC2	0.00054	0	0	0	0	0	0.54	0	Databases
KIF14	KIF5A	0.00054	0	0	0	0	0	0.54	0	Databases
KIF14	KIF21B	0.00054	0	0	0	0	0	0.54	0	Databases
KIF14	KIF18B	0.00054	0	0	0	0	0	0.54	0	Databases
KIF14	KIFC1	0.00054	0	0	0	0	0	0.54	0	Databases
KIF14	KIF2C	0.00066	0	0	0	0	0.292	0.54	0	Experiments + Databases
KIF14	KIF20A	0.000756	0	0	0	0	0.292	0.54	0.311	Experiments + Databases
KIF14	PRC1	0.000902	0	0	0	0	0.292	0.8	0.366	Experiments + Databases
ASPM	TOP2A	0.000477	0	0	0	0	0	0	0.477	Text-mining
ASPM	WDR62	0.000798	0	0	0	0	0.292	0	0.727	Experiments
CACNA1E	CATSPER2	0.00054	0	0	0	0	0	0.54	0	Databases
CACNA1E	CACNB4	0.000592	0	0	0	0	0.151	0.54	0	Experiments + Databases
CACYBP	APC2	0.00054	0	0	0	0	0	0.54	0	Databases
USP21	BEND3	0.00042	0	0	0	0	0.42	0	0	Experiments
BGLAP	GPR158	0.000607	0	0	0	0	0	0	0.607	Text-mining
BGLAP	SPP1	0.000913	0	0	0	0	0	0	0.913	Text-mining
CENPW	HJURP	0.000499	0	0	0	0	0	0.5	0	Databases
CENPW	H4C5	8e-04	0	0	0	0	0.8	0	0	Experiments
CENPW	H4C8	8e-04	0	0	0	0	0.8	0	0	Experiments
CENPW	H4C12	8e-04	0	0	0	0	0.8	0	0	Experiments
CENPW	H4C14	8e-04	0	0	0	0	0.8	0	0	Experiments
CENPW	H2BC6	8e-04	0	0	0	0	0.8	0	0	Experiments
CENPW	H2BC8	8e-04	0	0	0	0	0.8	0	0	Experiments
CENPW	CENPO	0.000972	0	0	0	0	0.8	0.8	0.379	Experiments + Databases
CENPW	CENPK	0.000979	0	0	0	0	0.8	0.8	0.537	Experiments + Databases
CENPW	CENPI	0.000985	0	0	0	0	0.9	0.8	0.312	Experiments + Databases
EFNA3	EFNA4	4e-04	0	0	0	0	0	0.4	0	Databases
EFNA3	EPHB2	0.000562	0	0	0	0	0	0.5	0.161	Databases
EFNA3	EPHA10	0.000861	0	0	0	0	0	0.5	0.733	Databases
PYGO2	H3C2	0.000903	0	0	0	0	0.903	0	0	Experiments
PYGO2	H3C6	0.000903	0	0	0	0	0.903	0	0	Experiments
PYGO2	H3C10	0.000903	0	0	0	0	0.903	0	0	Experiments
EBF3	EBF2	0.000459	0	0	0	0	0.46	0	0	Experiments
MKI67	TOP2A	0.000474	0	0	0	0	0	0	0.474	Text-mining
S100A10	HTR1D	0.000435	0	0	0	0	0	0	0.435	Text-mining
PSMD4	NUPR1	0.000457	0	0	0	0	0.457	0	0	Experiments
PSMD4	UBD	0.000825	0	0	0	0	0.442	0.5	0.423	Experiments + Databases
SCNM1	SNRPE	8e-04	0	0	0	0	0.8	0	0	Experiments
SCNM1	SNRPB	8e-04	0	0	0	0	0.8	0	0	Experiments
DMBT1	PACC1	0.000418	0	0	0	0	0	0	0.419	Text-mining
SEMA6C	PLXNA3	0.000469	0	0	0	0	0.082	0	0.446	Experiments
SEMA6C	PLXNA1	0.000835	0	0	0	0	0.082	0	0.828	Experiments
H3C10	H2BC8	0.000807	0	0	0	0	0.807	0	0	Experiments
H3C10	H2BC6	0.000807	0	0	0	0	0.807	0	0	Experiments
H3C10	H3C6	9e-04	0	0	0	0	0.9	0	0	Experiments
H3C10	UHRF1	9e-04	0	0	0	0	0.9	0	0	Experiments
H3C10	H2BC11	0.000903	0	0	0	0	0.903	0	0	Experiments
H3C10	H2AX	0.000906	0	0	0	0	0.903	0	0.076	Experiments
H3C10	EHMT2	0.000913	0	0	0	0	0.913	0	0	Experiments
H3C10	H3C2	0.000921	0	0	0	0	0.9	0	0.246	Experiments
H3C10	H4C8	0.000942	0	0	0	0	0.904	0	0.427	Experiments
H3C10	H4C5	0.000942	0	0	0	0	0.904	0	0.427	Experiments
H3C10	H4C12	0.000942	0	0	0	0	0.904	0	0.427	Experiments
H3C10	H4C14	0.000965	0	0	0	0	0.941	0	0.427	Experiments
GJA10	GJC1	0.000401	0	0	0	0	0	0.36	0.103	Databases
PLXNA3	SEMA5B	0.000413	0	0	0	0	0.082	0	0.386	Experiments
PLXNA3	PLXNA1	0.000578	0	0	0	0	0	0.54	0.122	Databases
IRAK1	SPP1	0.000408	0	0	0	0	0	0	0.408	Text-mining
GABRA3	GABRE	0.00054	0	0	0	0	0	0.54	0	Databases
GABRA3	GABRR3	0.000543	0	0	0	0	0	0.54	0.048	Databases
GABRA3	GABRQ	0.000577	0	0	0	0	0.072	0.54	0.09	Experiments + Databases
GABRA3	GABRD	0.000577	0	0	0	0	0.072	0.54	0.09	Experiments + Databases
GABRA3	GABRG2	0.000637	0	0	0	0	0.245	0.54	0	Experiments + Databases
GABRE	GABRG2	0.00054	0	0	0	0	0	0.54	0	Databases
GABRE	GABRR3	0.000541	0	0	0	0	0	0.54	0.044	Databases
GABRE	GABRD	0.000577	0	0	0	0	0.072	0.54	0.09	Experiments + Databases
GABRE	GABRQ	0.000577	0	0	0	0	0.072	0.54	0.09	Experiments + Databases
FATE1	RNF183	0.000477	0	0	0	0	0.182	0	0.388	Experiments
COL24A1	SERPINH1	0.000525	0	0	0	0	0	0.5	0.089	Databases
LRRC1	RECQL4	0.000457	0	0	0	0	0.457	0	0	Experiments
CEP55	CDC45	0.000405	0	0	0	0	0.397	0	0.054	Experiments
CEP55	RACGAP1	0.000526	0	0	0	0	0	0	0.526	Text-mining
ORC1	H4C14	0.000429	0	0	0	0	0.366	0	0.137	Experiments
ORC1	MCM10	0.000516	0	0	0	0	0.073	0.5	0	Experiments + Databases
ORC1	CCNA2	0.000524	0	0	0	0	0.524	0	0	Experiments
ORC1	H2AX	0.000526	0	0	0	0	0.091	0.5	0	Experiments + Databases
ORC1	H2BC11	0.000547	0	0	0	0	0.132	0.5	0	Experiments + Databases
ORC1	H2BC17	0.000547	0	0	0	0	0.132	0.5	0	Experiments + Databases
ORC1	H2BC15	0.000547	0	0	0	0	0.132	0.5	0	Experiments + Databases
ORC1	H2BC9	0.000547	0	0	0	0	0.132	0.5	0	Experiments + Databases
ORC1	MCM8	0.00063	0	0	0	0	0.292	0.5	0	Experiments + Databases
ORC1	CDK1	0.000668	0	0	0	0	0.363	0.5	0	Experiments + Databases
ORC1	MCM3	0.000775	0	0	0	0	0.386	0.65	0	Experiments + Databases
ORC1	CDC7	0.000799	0	0	0	0	0.616	0.5	0	Experiments + Databases
ORC1	CDC45	8e-04	0	0	0	0	0.617	0.5	0	Experiments + Databases
STIL	CEP152	0.000576	0	0	0	0	0.118	0.54	0	Experiments + Databases
RAD54L	CDK1	0.000408	0	0	0	0	0	0	0.408	Text-mining
RAD54L	RAD51	0.000732	0	0	0	0	0.34	0	0.61	Experiments
KIF2C	CDCA8	0.000415	0	0	0	0	0.164	0	0.33	Experiments
KIF2C	KLC2	0.00054	0	0	0	0	0	0.54	0	Databases
KIF2C	KIF21B	0.00054	0	0	0	0	0	0.54	0	Databases
KIF2C	KIF5A	0.00054	0	0	0	0	0	0.54	0	Databases
KIF2C	KIFC1	0.000548	0	0	0	0	0	0.54	0.058	Databases
KIF2C	KIF20A	0.000549	0	0	0	0	0	0.54	0.06	Databases
KIF2C	KIF18B	0.000926	0	0	0	0	0.312	0.54	0.785	Experiments + Databases
CDC20	TK1	0.00041	0	0	0	0	0.292	0	0.201	Experiments
CDC20	KIF20A	0.000463	0	0	0	0	0	0	0.464	Text-mining
CDC20	SPATC1	0.000497	0	0	0	0	0.292	0	0.32	Experiments
CDC20	RAD51	0.00054	0	0	0	0	0	0.54	0	Databases
CDC20	CDC20B	0.00054	0	0	0	0	0	0.54	0	Databases
CDC20	BRCA2	0.00054	0	0	0	0	0	0.54	0	Databases
CDC20	CUL7	0.00054	0	0	0	0	0	0.54	0	Databases
CDC20	PCNA	0.000651	0	0	0	0	0.651	0	0	Experiments
CDC20	CKS2	0.00067	0	0	0	0	0.422	0	0.453	Experiments
CDC20	PTTG1	0.000834	0	0	0	0	0.457	0.5	0.439	Experiments + Databases
CDC20	CDK1	0.000972	0	0	0	0	0.563	0.5	0.885	Experiments + Databases
CDC20	CCNA2	0.000997	0	0	0	0	0.972	0.5	0.864	Experiments + Databases
CENPI	CDCA8	0.000431	0	0	0	0	0	0	0.431	Text-mining
CENPI	HJURP	0.000499	0	0	0	0	0	0.5	0	Databases
CENPI	H4C5	8e-04	0	0	0	0	0.8	0	0	Experiments
CENPI	H4C8	8e-04	0	0	0	0	0.8	0	0	Experiments
CENPI	H4C14	8e-04	0	0	0	0	0.8	0	0	Experiments
CENPI	H4C12	8e-04	0	0	0	0	0.8	0	0	Experiments
CENPI	H2BC6	0.000801	0	0	0	0	0.8	0	0.047	Experiments
CENPI	H2BC8	0.000801	0	0	0	0	0.8	0	0.047	Experiments
CENPI	CENPO	0.000998	0	0	0	0	0.965	0.8	0.835	Experiments + Databases
CENPI	CENPK	0.000999	0	0	0	0	0.96	0.8	0.976	Experiments + Databases
LCN2	LOXL2	0.000412	0	0	0	0	0	0	0.413	Text-mining
EPHA10	EPHB2	0.000499	0	0	0	0	0	0.5	0	Databases
EPHA10	EFNA4	0.00086	0	0	0	0	0	0.5	0.732	Databases
CDCA8	CDK1	0.00041	0	0	0	0	0	0	0.41	Text-mining
CDCA8	KIF20A	0.000434	0	0	0	0	0.434	0	0	Experiments
CDCA8	KCNJ6	0.00088	0	0	0	0	0	0	0.88	Text-mining
CDCA8	INCENP	0.000998	0	0	0	0	0.667	0.8	0.985	Experiments + Databases
GLP1R	GNG4	0.000506	0	0	0	0	0.054	0.5	0	Experiments + Databases
RBL1	CCNE2	0.000499	0	0	0	0	0	0.5	0	Databases
RBL1	CCNA2	0.00078	0	0	0	0	0.579	0.5	0	Experiments + Databases
RBL1	E2F5	0.000989	0	0	0	0	0.931	0.8	0.279	Experiments + Databases
ZWINT	BFSP1	0.000598	0	0	0	0	0.598	0	0	Experiments
ZWINT	SPC24	0.000868	0	0	0	0	0.725	0.54	0	Experiments + Databases
ZWINT	DSN1	0.000868	0	0	0	0	0.725	0.54	0	Experiments + Databases
TNFSF15	TNFRSF25	0.000999	0	0	0	0	0.549	0.9	0.982	Experiments + Databases
KIF4A	BRCA2	0.000534	0	0	0	0	0.292	0	0.369	Experiments
KIF4A	PRC1	0.000634	0	0	0	0	0.457	0	0.355	Experiments
KIF4A	KIF20A	0.00076	0	0	0	0	0	0	0.76	Text-mining
COL15A1	COL4A1	0.00054	0	0	0	0	0	0.54	0	Databases
COL15A1	SERPINH1	0.000582	0	0	0	0	0	0.5	0.199	Databases
ACTL8	ACTG2	0.00054	0	0	0	0	0	0.54	0	Databases
NEU1	NMB	0.000412	0	0	0	0	0	0	0.413	Text-mining
MSH5	HJURP	0.000405	0	0	0	0	0	0	0.405	Text-mining
MSH5	BRCA2	0.000499	0	0	0	0	0	0.5	0	Databases
CKS2	PLEKHG2	0.00047	0	0	0	0	0.47	0	0	Experiments
CKS2	CCNA2	0.000894	0	0	0	0	0.607	0	0.742	Experiments
CKS2	CDK1	0.000998	0	0	0	0	0.972	0	0.939	Experiments
COL4A1	SERPINH1	0.000526	0	0	0	0	0	0.5	0.091	Databases
SHC3	ARTN	4e-04	0	0	0	0	0	0.4	0	Databases
COX4I2	COX7B2	0.000689	0	0	0	0	0.352	0.54	0	Experiments + Databases
ARHGAP39	ROBO1	0.000548	0	0	0	0	0	0.5	0.134	Databases
SLC22A12	NDUFA13	0.000629	0	0	0	0	0.629	0	0	Experiments
TP73	E2F5	4e-04	0	0	0	0	0	0	0.401	Text-mining
TP73	DSN1	0.000435	0	0	0	0	0.388	0	0.115	Experiments
GABRD	GABRQ	0.00054	0	0	0	0	0	0.54	0	Databases
GABRD	GABRR3	0.00054	0	0	0	0	0	0.54	0.042	Databases
GABRD	GABRG2	0.000577	0	0	0	0	0.072	0.54	0.09	Experiments + Databases
FANCG	EME1	0.000499	0	0	0	0	0	0.5	0	Databases
FANCG	EME2	0.000499	0	0	0	0	0	0.5	0	Databases
FANCG	POLN	0.00063	0	0	0	0	0.292	0.5	0	Experiments + Databases
FANCG	XRCC3	0.000827	0	0	0	0	0.457	0	0.695	Experiments
FANCG	BRCA2	0.00096	0	0	0	0	0.457	0	0.929	Experiments
FANCG	UBE2T	0.00098	0	0	0	0	0.852	0.8	0.398	Experiments + Databases
FANCG	FAAP24	0.000991	0	0	0	0	0.734	0.9	0.697	Experiments + Databases
FANCG	FANCB	0.000999	0	0	0	0	0.944	0.9	0.982	Experiments + Databases
FANCG	FANCA	0.000999	0	0	0	0	0.944	0.9	0.984	Experiments + Databases
MCM8	CDK1	0.000499	0	0	0	0	0	0.5	0	Databases
MCM8	GINS3	5e-04	0	0	0	0	0.361	0	0.25	Experiments
MCM8	CDC7	0.000638	0	0	0	0	0.306	0.5	0	Experiments + Databases
MCM8	MCM10	0.000646	0	0	0	0	0.104	0.5	0.274	Experiments + Databases
MCM8	CDC45	0.000709	0	0	0	0	0.369	0.5	0.152	Experiments + Databases
MCM8	MCM3	0.000948	0	0	0	0	0.368	0.9	0.25	Experiments + Databases
NR0B1	RPL36A	0.00072	0	0	0	0	0	0.72	0	Databases
NR0B1	RPL30	0.00072	0	0	0	0	0	0.72	0	Databases
NRCAM	SCN4A	0.000499	0	0	0	0	0	0.5	0	Databases
NRCAM	KCNQ3	0.000499	0	0	0	0	0	0.5	0	Databases
NRCAM	PLXNA1	0.000547	0	0	0	0	0	0	0.547	Text-mining
NRCAM	CNTNAP4	0.00079	0	0	0	0	0	0	0.79	Text-mining
PCNA	CDC45	0.000451	0	0	0	0	0.451	0	0	Experiments
PCNA	CCNA2	0.000528	0	0	0	0	0.528	0	0	Experiments
PCNA	PSMC3IP	0.00054	0	0	0	0	0	0.54	0	Databases
PCNA	RAD51	0.000565	0	0	0	0	0.457	0	0.233	Experiments
PCNA	POLN	0.000592	0	0	0	0	0.457	0	0.281	Experiments
PCNA	CCNE2	0.00067	0	0	0	0	0.67	0	0	Experiments
PCNA	CDK1	0.000677	0	0	0	0	0.584	0	0.256	Experiments
PCNA	MCM3	0.00072	0	0	0	0	0	0.72	0	Databases
PCNA	PRIM2	0.00072	0	0	0	0	0	0.72	0	Databases
PCNA	POLD1	0.000983	0	0	0	0	0.916	0.72	0.35	Experiments + Databases
PCNA	RFC3	0.00099	0	0	0	0	0.973	0.5	0.35	Experiments + Databases
PCNA	RFC4	0.000993	0	0	0	0	0.98	0.5	0.351	Experiments + Databases
RFC3	RHNO1	0.000499	0	0	0	0	0	0.5	0	Databases
RFC3	PRIM2	0.000499	0	0	0	0	0	0.5	0	Databases
RFC3	POLD1	0.000499	0	0	0	0	0	0.5	0	Databases
RFC3	RFC4	0.000999	0	0	0	0	0.991	0.9	0.987	Experiments + Databases
BRCA2	DSN1	0.000457	0	0	0	0	0.457	0	0	Experiments
BRCA2	H2BC15	0.000499	0	0	0	0	0	0.5	0	Databases
BRCA2	H2BC9	0.000499	0	0	0	0	0	0.5	0	Databases
BRCA2	H2BC11	0.000499	0	0	0	0	0	0.5	0	Databases
BRCA2	H2BC17	0.000499	0	0	0	0	0	0.5	0	Databases
BRCA2	CDC45	0.000527	0	0	0	0	0.292	0	0.36	Experiments
BRCA2	CDC20B	0.00054	0	0	0	0	0	0.54	0	Databases
BRCA2	FANCA	0.000637	0	0	0	0	0	0	0.637	Text-mining
BRCA2	POLD1	0.000664	0	0	0	0	0	0.54	0.301	Databases
BRCA2	CUL7	0.00072	0	0	0	0	0	0.72	0	Databases
BRCA2	CCNA2	0.000728	0	0	0	0	0.292	0	0.632	Experiments
BRCA2	HMMR	0.000815	0	0	0	0	0	0	0.815	Text-mining
BRCA2	H2AX	0.000894	0	0	0	0	0.457	0.5	0.641	Experiments + Databases
BRCA2	XRCC3	0.000977	0	0	0	0	0.624	0.5	0.89	Experiments + Databases
BRCA2	RAD51	0.000999	0	0	0	0	0.796	0.9	0.984	Experiments + Databases
GRPR	NMB	0.000726	0	0	0	0	0	0.5	0.476	Databases
COL2A1	SERPINH1	0.000608	0	0	0	0	0	0.5	0.249	Databases
CENPO	HJURP	0.000499	0	0	0	0	0	0.5	0	Databases
CENPO	H4C8	8e-04	0	0	0	0	0.8	0	0	Experiments
CENPO	H4C5	8e-04	0	0	0	0	0.8	0	0	Experiments
CENPO	H2BC6	8e-04	0	0	0	0	0.8	0	0	Experiments
CENPO	H4C14	8e-04	0	0	0	0	0.8	0	0	Experiments
CENPO	H4C12	8e-04	0	0	0	0	0.8	0	0	Experiments
CENPO	H2BC8	8e-04	0	0	0	0	0.8	0	0	Experiments
CENPO	CENPK	0.000999	0	0	0	0	0.941	0.8	0.939	Experiments + Databases
CDX2	PAX6	0.000473	0	0	0	0	0.292	0	0.287	Experiments
CDC20B	RAD51	0.00054	0	0	0	0	0	0.54	0	Databases
CDC20B	CUL7	0.00054	0	0	0	0	0	0.54	0	Databases
ESM1	IGF2BP2	0.000412	0	0	0	0	0	0	0.413	Text-mining
LZTS1	CDK1	0.000549	0	0	0	0	0.292	0	0.389	Experiments
BAIAP2L2	AP1M2	0.00054	0	0	0	0	0	0.54	0	Databases
CATSPER2	CACNB4	0.000749	0	0	0	0	0.143	0.72	0	Experiments + Databases
FBXL18	FBXL16	0.000459	0	0	0	0	0.459	0	0	Experiments
PPP2R2C	PPP4R3C	0.00054	0	0	0	0	0	0.54	0	Databases
PPP2R2C	PPP2R3B	0.000634	0	0	0	0	0	0.54	0.238	Databases
MSX1	OSR2	0.000403	0	0	0	0	0	0	0.403	Text-mining
MSX1	EHMT2	0.000459	0	0	0	0	0	0	0.459	Text-mining
NSD2	H2BC9	0.000502	0	0	0	0	0.046	0.5	0	Experiments + Databases
NSD2	H2BC17	0.000502	0	0	0	0	0.046	0.5	0	Experiments + Databases
NSD2	H2BC15	0.000502	0	0	0	0	0.046	0.5	0	Experiments + Databases
NSD2	H2AX	0.000523	0	0	0	0	0.087	0.5	0	Experiments + Databases
NSD2	H4C8	0.000802	0	0	0	0	0.802	0	0	Experiments
NSD2	H4C5	0.000802	0	0	0	0	0.802	0	0	Experiments
NSD2	H4C12	0.000802	0	0	0	0	0.802	0	0	Experiments
NSD2	H4C14	0.000802	0	0	0	0	0.802	0	0	Experiments
NSD2	H2BC11	0.000896	0	0	0	0	0.801	0.5	0	Experiments + Databases
CSPG5	COLEC12	0.000433	0	0	0	0	0.433	0	0	Experiments
LAMB4	ITGA6	0.00065	0	0	0	0	0	0.65	0	Databases
FAM83H	MROH1	0.00042	0	0	0	0	0	0	0.421	Text-mining
FANCA	CDK1	0.000457	0	0	0	0	0.457	0	0	Experiments
FANCA	EME2	0.000499	0	0	0	0	0	0.5	0	Databases
FANCA	EME1	0.000499	0	0	0	0	0	0.5	0	Databases
FANCA	POLN	0.00063	0	0	0	0	0.292	0.5	0	Experiments + Databases
FANCA	UBE2T	0.000989	0	0	0	0	0.852	0.8	0.663	Experiments + Databases
FANCA	FANCB	0.000999	0	0	0	0	0.944	0.9	0.983	Experiments + Databases
FANCA	FAAP24	0.000999	0	0	0	0	0.734	0.9	0.986	Experiments + Databases
PPP2R3B	PPP4R3C	0.00054	0	0	0	0	0	0.54	0	Databases
CCL25	CXCL17	0.000734	0	0	0	0	0.734	0	0	Experiments
RFC4	PRIM2	0.000499	0	0	0	0	0	0.5	0	Databases
RFC4	POLD1	0.000499	0	0	0	0	0	0.5	0	Databases
RFC4	RHNO1	0.000499	0	0	0	0	0	0.5	0	Databases
ECT2	CDK1	0.000503	0	0	0	0	0	0	0.503	Text-mining
ECT2	RACGAP1	0.000998	0	0	0	0	0.603	0.9	0.965	Experiments + Databases
EME1	FANCB	0.000499	0	0	0	0	0	0.5	0	Databases
EME1	FAAP24	0.000499	0	0	0	0	0	0.5	0	Databases
EME1	EME2	0.00098	0	0	0	0	0	0.9	0.813	Databases
PLXNA1	SEMA5B	0.000617	0	0	0	0	0.082	0	0.6	Experiments
HMMR	FAM83D	0.000764	0	0	0	0	0.666	0	0.323	Experiments
USP49	H2BC11	0.000499	0	0	0	0	0	0.5	0	Databases
USP49	H2BC18	0.000499	0	0	0	0	0	0.5	0	Databases
USP49	H2BC9	0.000499	0	0	0	0	0	0.5	0	Databases
USP49	H2BC17	0.000499	0	0	0	0	0	0.5	0	Databases
USP49	H2BC15	0.000499	0	0	0	0	0	0.5	0	Databases
GPC3	IGF2	0.000762	0	0	0	0	0	0	0.762	Text-mining
INCENP	KIF20A	0.000967	0	0	0	0	0.292	0	0.956	Experiments
INCENP	KCNJ6	0.00098	0	0	0	0	0	0	0.98	Text-mining
KIF20A	KIF5A	0.00054	0	0	0	0	0	0.54	0	Databases
KIF20A	KIF21B	0.00054	0	0	0	0	0	0.54	0	Databases
KIF20A	KLC2	0.00054	0	0	0	0	0	0.54	0	Databases
KIF20A	KIF18B	0.00054	0	0	0	0	0	0.54	0	Databases
KIF20A	KIFC1	0.000572	0	0	0	0	0	0.54	0.109	Databases
KIF20A	RACGAP1	0.000931	0	0	0	0	0.545	0.8	0.306	Experiments + Databases
CCL26	CXCL17	0.000734	0	0	0	0	0.734	0	0	Experiments
SPP1	MDK	0.000503	0	0	0	0	0	0	0.503	Text-mining
SPP1	IGF2	0.000739	0	0	0	0	0	0	0.739	Text-mining
PFDN6	KIF21B	0.000418	0	0	0	0	0.419	0	0	Experiments
PFDN6	TUBA3C	0.000499	0	0	0	0	0	0.5	0	Databases
CDK1	HMGA1	0.000457	0	0	0	0	0.457	0	0	Experiments
CDK1	FAM83D	0.000469	0	0	0	0	0	0	0.469	Text-mining
CDK1	PLEKHG2	0.00047	0	0	0	0	0.47	0	0	Experiments
CDK1	H2AX	0.000475	0	0	0	0	0	0	0.475	Text-mining
CDK1	TK1	0.000485	0	0	0	0	0	0	0.485	Text-mining
CDK1	CDKN2A	0.000524	0	0	0	0	0	0	0.524	Text-mining
CDK1	RACGAP1	0.000533	0	0	0	0	0.292	0	0.368	Experiments
CDK1	PBK	0.000537	0	0	0	0	0.292	0	0.373	Experiments
CDK1	CCNE2	0.000696	0	0	0	0	0.643	0	0.183	Experiments
CDK1	CCNF	0.000707	0	0	0	0	0.457	0	0.482	Experiments
CDK1	TOP2A	0.000822	0	0	0	0	0	0	0.822	Text-mining
CDK1	CCNA2	0.000999	0	0	0	0	0.592	0.9	0.984	Experiments + Databases
EHMT2	BANF2	0.000408	0	0	0	0	0	0	0.408	Text-mining
EHMT2	H3C6	0.000903	0	0	0	0	0.903	0	0	Experiments
EHMT2	H3C2	0.000913	0	0	0	0	0.913	0	0	Experiments
EHMT2	UHRF1	0.000986	0	0	0	0	0.457	0	0.976	Experiments
BMP7	KCP	0.000404	0	0	0	0	0	0	0.404	Text-mining
CCHCR1	IQCC	0.00067	0	0	0	0	0.67	0	0	Experiments
CENPK	HJURP	0.000686	0	0	0	0	0	0.5	0.399	Databases
CENPK	H4C14	8e-04	0	0	0	0	0.8	0	0	Experiments
CENPK	H4C5	8e-04	0	0	0	0	0.8	0	0	Experiments
CENPK	H4C12	8e-04	0	0	0	0	0.8	0	0	Experiments
CENPK	H2BC6	8e-04	0	0	0	0	0.8	0	0	Experiments
CENPK	H2BC8	8e-04	0	0	0	0	0.8	0	0	Experiments
CENPK	H4C8	8e-04	0	0	0	0	0.8	0	0	Experiments
CDH24	CDH8	0.00054	0	0	0	0	0	0.54	0	Databases
CDH24	APC2	0.00054	0	0	0	0	0	0.54	0	Databases
CDH24	CTNNA2	0.000552	0	0	0	0	0	0.54	0.067	Databases
CFAP53	RIBC2	0.000802	0	0	0	0	0.802	0	0	Experiments
KCNU1	KCNN1	9e-04	0	0	0	0	0	0.9	0	Databases
KCNU1	KCNN3	9e-04	0	0	0	0	0	0.9	0	Databases
EPHB2	SPSB2	0.000465	0	0	0	0	0.465	0	0	Experiments
EPHB2	CACNB4	0.000626	0	0	0	0	0	0	0.626	Text-mining
EPHB2	EFNA4	0.000757	0	0	0	0	0	0.5	0.534	Databases
CTNNA2	APC2	0.00054	0	0	0	0	0	0.54	0	Databases
CTNNA2	SAPCD1	0.00057	0	0	0	0	0.57	0	0	Experiments
CTNNA2	CDH8	0.000802	0	0	0	0	0.534	0.54	0.149	Experiments + Databases
BLVRA	DNASE1L2	0.000578	0	0	0	0	0.578	0	0	Experiments
ADRA2C	GNAZ	0.000499	0	0	0	0	0	0.5	0	Databases
ADRA2C	GNG4	0.00052	0	0	0	0	0.08	0.5	0	Experiments + Databases
TONSL	H2AX	0.00042	0	0	0	0	0.42	0	0	Experiments
TONSL	H4C8	9e-04	0	0	0	0	0.9	0	0	Experiments
TONSL	H4C5	9e-04	0	0	0	0	0.9	0	0	Experiments
TONSL	H4C14	9e-04	0	0	0	0	0.9	0	0	Experiments
TONSL	H4C12	0.000912	0	0	0	0	0.912	0	0	Experiments
SAPCD2	GPSM1	4e-04	0	0	0	0	0.401	0	0	Experiments
ACTG2	TPM2	0.000557	0	0	0	0	0.081	0.5	0.115	Experiments + Databases
NCAPG2	H2BC11	0.000499	0	0	0	0	0	0.5	0	Databases
NCAPG2	H2BC17	0.000499	0	0	0	0	0	0.5	0	Databases
NCAPG2	H2BC9	0.000499	0	0	0	0	0	0.5	0	Databases
NCAPG2	H2AX	0.000499	0	0	0	0	0	0.5	0	Databases
NCAPG2	H2BC15	0.000499	0	0	0	0	0	0.5	0	Databases
SLC12A5	NETO2	0.000621	0	0	0	0	0	0	0.621	Text-mining
DSN1	SPC24	0.000845	0	0	0	0	0.647	0.54	0.127	Experiments + Databases
CHEK1	CCNE2	0.000441	0	0	0	0	0	0	0.441	Text-mining
CHEK1	MCM3	0.000547	0	0	0	0	0.292	0	0.387	Experiments
CHEK1	RHNO1	8e-04	0	0	0	0	0	0.8	0	Databases
CHEK1	RAD51	0.000903	0	0	0	0	0.457	0	0.829	Experiments
IGF2	IGF2BP2	0.000972	0	0	0	0	0	0	0.972	Text-mining
PLEKHG2	CCNA2	0.000568	0	0	0	0	0.568	0	0	Experiments
CDC7	CDKN2A	0.000824	0	0	0	0	0.728	0	0.38	Experiments
CDC7	CDC45	0.000872	0	0	0	0	0	0.5	0.756	Databases
CDC7	MCM10	0.000896	0	0	0	0	0.735	0.5	0.284	Experiments + Databases
CDC7	MCM3	0.000908	0	0	0	0	0.814	0.5	0.089	Experiments + Databases
KIFC1	KPNA2	0.000461	0	0	0	0	0.461	0	0	Experiments
KIFC1	KIF21B	0.00054	0	0	0	0	0	0.54	0	Databases
KIFC1	KIF5A	0.00054	0	0	0	0	0	0.54	0	Databases
KIFC1	KIF18B	0.00054	0	0	0	0	0	0.54	0	Databases
KIFC1	KLC2	0.000564	0	0	0	0	0	0.54	0.092	Databases
FGF13	FGF12	0.000463	0	0	0	0	0	0	0.464	Text-mining
SCN4A	GRIK4	0.00054	0	0	0	0	0	0.54	0	Databases
E2F5	CCNE2	0.000499	0	0	0	0	0	0.5	0	Databases
E2F5	CCNA2	0.000499	0	0	0	0	0	0.5	0	Databases
GNG4	KCNJ5	0.000532	0	0	0	0	0.103	0.5	0	Experiments + Databases
GNG4	KCNJ6	0.000568	0	0	0	0	0.172	0.5	0	Experiments + Databases
GNG4	GNAZ	0.000656	0	0	0	0	0.252	0.54	0.082	Experiments + Databases
KLC2	KIF18B	0.00054	0	0	0	0	0	0.54	0	Databases
KLC2	KIF21B	0.00054	0	0	0	0	0	0.54	0	Databases
KLC2	KIF5A	0.000995	0	0	0	0	0.681	0.9	0.867	Experiments + Databases
HMGA1	CUL7	0.000457	0	0	0	0	0.457	0	0	Experiments
HMGA1	HMGA2	0.000846	0	0	0	0	0	0.8	0.266	Databases
SNRPE	DDX39B	0.00072	0	0	0	0	0	0.72	0	Databases
SNRPE	SNRPB	0.000999	0	0	0	0	0.954	0.9	0.975	Experiments + Databases
GINS3	RECQL4	0.000457	0	0	0	0	0.457	0	0	Experiments
GINS3	MCMDC2	5e-04	0	0	0	0	0.361	0	0.25	Experiments
GINS3	MCM3	0.000989	0	0	0	0	0.973	0.54	0.225	Experiments + Databases
GINS3	CDC45	0.000999	0	0	0	0	0.976	0.54	0.967	Experiments + Databases
L3MBTL1	H4C12	9e-04	0	0	0	0	0.9	0	0	Experiments
L3MBTL1	H4C8	9e-04	0	0	0	0	0.9	0	0	Experiments
L3MBTL1	H4C5	9e-04	0	0	0	0	0.9	0	0	Experiments
L3MBTL1	H4C14	0.000946	0	0	0	0	0.946	0	0	Experiments
RPL36A	RECQL4	0.000457	0	0	0	0	0.457	0	0	Experiments
RPL36A	RPS10	0.000867	0	0	0	0	0.867	0	0	Experiments
RPL36A	RPL30	0.000987	0	0	0	0	0.875	0.9	0	Experiments + Databases
DCAF8L1	DCAF8L2	0.00054	0	0	0	0	0	0.54	0	Databases
DCAF8L1	DET1	0.00054	0	0	0	0	0	0.54	0	Databases
CDC45	MCMDC2	0.000442	0	0	0	0	0.369	0	0.152	Experiments
CDC45	POLD1	0.000625	0	0	0	0	0.447	0	0.349	Experiments
CDC45	CDKN2A	0.000731	0	0	0	0	0.731	0	0	Experiments
CDC45	RECQL4	0.000869	0	0	0	0	0.457	0	0.77	Experiments
CDC45	MCM10	0.000998	0	0	0	0	0.822	0.5	0.982	Experiments + Databases
CDC45	MCM3	0.000998	0	0	0	0	0.981	0.54	0.868	Experiments + Databases
KIF5A	KIF21B	0.00054	0	0	0	0	0	0.54	0	Databases
KIF5A	KIF18B	0.00054	0	0	0	0	0	0.54	0	Databases
IGF2BP2	HMGA2	0.000978	0	0	0	0	0	0	0.978	Text-mining
STMN1	TPM2	0.000414	0	0	0	0	0.415	0	0	Experiments
GABRG2	GABRR3	0.000543	0	0	0	0	0	0.54	0.048	Databases
GABRG2	GABRQ	0.000578	0	0	0	0	0.072	0.54	0.092	Experiments + Databases
FIGNL1	RAD51	0.000457	0	0	0	0	0.457	0	0	Experiments
TOP2A	FBXO32	0.000405	0	0	0	0	0.292	0	0.195	Experiments
TOP2A	H2BC9	0.000417	0	0	0	0	0.164	0	0.332	Experiments
TOP2A	CCNA2	0.000654	0	0	0	0	0	0	0.654	Text-mining
GPR35	CXCL17	0.000897	0	0	0	0	0	0	0.897	Text-mining
KIF21B	KIF18B	0.00054	0	0	0	0	0	0.54	0	Databases
SNRPB	DDX39B	0.000756	0	0	0	0	0.166	0.72	0	Experiments + Databases
MCMDC2	MCM3	0.000505	0	0	0	0	0.368	0	0.25	Experiments
HJURP	H4C14	9e-04	0	0	0	0	0.9	0	0	Experiments
HJURP	H4C8	9e-04	0	0	0	0	0.9	0	0	Experiments
HJURP	H4C5	9e-04	0	0	0	0	0.9	0	0	Experiments
HJURP	H4C12	0.000912	0	0	0	0	0.912	0	0	Experiments
MCM10	CDKN2A	0.000707	0	0	0	0	0.689	0	0.097	Experiments
MCM10	RECQL4	0.000951	0	0	0	0	0.457	0	0.913	Experiments
MCM10	MCM3	0.000972	0	0	0	0	0.807	0.5	0.741	Experiments + Databases
CDKN2A	CDK5RAP3	0.000457	0	0	0	0	0.457	0	0	Experiments
RPL30	CUL7	0.000402	0	0	0	0	0.402	0	0	Experiments
RPL30	RECQL4	0.000457	0	0	0	0	0.457	0	0	Experiments
RPL30	BOP1	0.000615	0	0	0	0	0.615	0	0	Experiments
RPL30	RPS10	0.000936	0	0	0	0	0.936	0	0	Experiments
CLVS1	AP1M2	0.000499	0	0	0	0	0	0.5	0	Databases
DLX6	DLX5	8e-04	0	0	0	0	0	0.8	0	Databases
PBK	H2AX	0.000408	0	0	0	0	0.292	0	0.199	Experiments
CCNE2	CCNA2	0.000661	0	0	0	0	0	0.4	0.458	Databases
EBF2	SIX1	0.000418	0	0	0	0	0	0	0.418	Text-mining
MUC15	MUC13	0.000405	0	0	0	0	0	0	0.405	Text-mining
KCNJ5	KCNJ6	0.00092	0	0	0	0	0	0.4	0.873	Databases
H2AX	H2BC15	0.000439	0	0	0	0	0.072	0.4	0.074	Experiments + Databases
H2AX	RPS10	0.000441	0	0	0	0	0.441	0	0	Experiments
H2AX	PHF19	0.000499	0	0	0	0	0	0.5	0	Databases
H2AX	H2BC9	0.000559	0	0	0	0	0.271	0.4	0.074	Experiments + Databases
H2AX	H2BC17	0.000589	0	0	0	0	0.32	0.4	0.074	Experiments + Databases
H2AX	UHRF1	0.00063	0	0	0	0	0.292	0.5	0	Experiments + Databases
H2AX	RAD51	0.000799	0	0	0	0	0.457	0.5	0.321	Experiments + Databases
H2AX	H3C6	0.000906	0	0	0	0	0.903	0	0.076	Experiments
H2AX	H4C12	0.000907	0	0	0	0	0.903	0	0.081	Experiments
H2AX	H4C8	0.000907	0	0	0	0	0.903	0	0.081	Experiments
H2AX	H4C5	0.000907	0	0	0	0	0.903	0	0.081	Experiments
H2AX	H4C14	0.000925	0	0	0	0	0.921	0	0.081	Experiments
H2AX	H3C2	0.000931	0	0	0	0	0.928	0	0.076	Experiments
H2AX	H2BC11	0.000952	0	0	0	0	0.921	0.4	0.074	Experiments + Databases
POLN	FANCB	0.000499	0	0	0	0	0	0.5	0	Databases
POLN	FAAP24	0.000499	0	0	0	0	0	0.5	0	Databases
CUL7	RPS10	0.000529	0	0	0	0	0.529	0	0	Experiments
CUL7	RAD51	0.00072	0	0	0	0	0	0.72	0	Databases
POLG2	MCM3	0.00072	0	0	0	0	0	0.72	0	Databases
POLG2	POLD1	9e-04	0	0	0	0	0	0.9	0	Databases
POLG2	PRIM2	9e-04	0	0	0	0	0	0.9	0	Databases
APC2	CDH8	0.000555	0	0	0	0	0	0.54	0.074	Databases
H2BC8	H2BC15	8e-04	0	0	0	0	0.8	0	0	Experiments
H2BC8	H3C2	0.000807	0	0	0	0	0.807	0	0	Experiments
H2BC8	H3C6	0.000807	0	0	0	0	0.807	0	0	Experiments
H2BC8	H2BC18	0.000812	0	0	0	0	0.812	0	0	Experiments
H2BC8	H2BC9	0.000819	0	0	0	0	0.819	0	0	Experiments
H2BC8	H2BC17	0.00083	0	0	0	0	0.829	0	0	Experiments
H2BC8	H2BC6	9e-04	0	0	0	0	0.9	0	0	Experiments
H2BC8	H4C12	0.000908	0	0	0	0	0.904	0	0.086	Experiments
H2BC8	H4C14	0.000908	0	0	0	0	0.904	0	0.086	Experiments
H2BC8	H4C5	0.000908	0	0	0	0	0.904	0	0.086	Experiments
H2BC8	H4C8	0.000908	0	0	0	0	0.904	0	0.086	Experiments
H2BC18	DET1	0.000622	0	0	0	0	0	0	0.622	Text-mining
H2BC18	H2BC6	8e-04	0	0	0	0	0.8	0	0	Experiments
H2BC18	H2BC17	8e-04	0	0	0	0	0.8	0	0	Experiments
H2BC18	H2BC15	8e-04	0	0	0	0	0.8	0	0	Experiments
H2BC18	H2BC9	8e-04	0	0	0	0	0.8	0	0	Experiments
H2BC18	H4C14	0.000817	0	0	0	0	0.808	0	0.086	Experiments
H2BC18	H4C12	0.000817	0	0	0	0	0.808	0	0.086	Experiments
H2BC18	H4C5	0.000817	0	0	0	0	0.808	0	0.086	Experiments
H2BC18	H4C8	0.000817	0	0	0	0	0.808	0	0.086	Experiments
XRCC3	RAD51	0.000969	0	0	0	0	0.505	0.5	0.886	Experiments + Databases
DET1	DCAF8L2	0.00054	0	0	0	0	0	0.54	0	Databases
DET1	H2BC15	0.000622	0	0	0	0	0	0	0.622	Text-mining
DET1	H2BC17	0.000622	0	0	0	0	0	0	0.622	Text-mining
DET1	H2BC9	0.000622	0	0	0	0	0	0	0.622	Text-mining
DET1	H2BC11	0.000622	0	0	0	0	0	0	0.622	Text-mining
EME2	FANCB	0.000499	0	0	0	0	0	0.5	0	Databases
EME2	FAAP24	0.00063	0	0	0	0	0.292	0.5	0	Experiments + Databases
H4C14	H2BC9	0.000817	0	0	0	0	0.808	0	0.086	Experiments
H4C14	H2BC15	0.000817	0	0	0	0	0.808	0	0.086	Experiments
H4C14	H2BC6	0.000908	0	0	0	0	0.904	0	0.086	Experiments
H4C14	H2BC17	0.000908	0	0	0	0	0.904	0	0.086	Experiments
H4C14	H3C6	0.000942	0	0	0	0	0.904	0	0.426	Experiments
H4C14	H4C8	0.000952	0	0	0	0	0.9	0.54	0	Experiments + Databases
H4C14	H4C5	0.000952	0	0	0	0	0.9	0.54	0	Experiments + Databases
H4C14	H4C12	0.000952	0	0	0	0	0.9	0.54	0	Experiments + Databases
H4C14	H2BC11	0.000956	0	0	0	0	0.904	0.54	0.086	Experiments + Databases
H4C14	H3C2	0.000964	0	0	0	0	0.93	0	0.519	Experiments
AP1M2	AP5Z1	0.00054	0	0	0	0	0	0.54	0	Databases
FAAP24	UBE2T	0.000877	0	0	0	0	0	0.8	0.412	Databases
FAAP24	FANCB	0.000998	0	0	0	0	0.734	0.9	0.963	Experiments + Databases
TNNT1	NEB	0.000499	0	0	0	0	0	0.5	0	Databases
TNNT1	TPM2	0.000546	0	0	0	0	0.13	0.5	0	Experiments + Databases
GJC1	GJA5	0.00099	0	0	0	0	0	0.54	0.98	Databases
GABRQ	GABRR3	0.00054	0	0	0	0	0	0.54	0.042	Databases
POLD1	MCM3	0.00087	0	0	0	0	0.556	0.72	0	Experiments + Databases
POLD1	PRIM2	0.000957	0	0	0	0	0.371	0.9	0.383	Experiments + Databases
MAGEA3	MAGEA6	0.000424	0	0	0	0	0.424	0	0	Experiments
H2BC11	H2BC15	4e-04	0	0	0	0	0	0.4	0	Databases
H2BC11	H2BC9	0.000481	0	0	0	0	0.172	0.4	0	Experiments + Databases
H2BC11	UHRF1	0.000499	0	0	0	0	0	0.5	0	Databases
H2BC11	PHF19	0.000499	0	0	0	0	0	0.5	0	Databases
H2BC11	RAD51	0.000499	0	0	0	0	0	0.5	0	Databases
H2BC11	H2BC17	0.00051	0	0	0	0	0.218	0.4	0	Experiments + Databases
H2BC11	H3C6	0.000903	0	0	0	0	0.903	0	0	Experiments
H2BC11	H3C2	0.000903	0	0	0	0	0.903	0	0	Experiments
H2BC11	H4C5	0.000956	0	0	0	0	0.904	0.54	0.086	Experiments + Databases
H2BC11	H4C8	0.000956	0	0	0	0	0.904	0.54	0.086	Experiments + Databases
H2BC11	H4C12	0.000956	0	0	0	0	0.904	0.54	0.086	Experiments + Databases
KCNN1	KCNN3	9e-04	0	0	0	0	0	0.9	0	Databases
H2BC17	UHRF1	0.000499	0	0	0	0	0	0.5	0	Databases
H2BC17	RAD51	0.000499	0	0	0	0	0	0.5	0	Databases
H2BC17	PHF19	0.000499	0	0	0	0	0	0.5	0	Databases
H2BC17	H2BC6	0.000819	0	0	0	0	0.819	0	0	Experiments
H2BC17	H2BC9	0.000874	0	0	0	0	0.8	0.4	0	Experiments + Databases
H2BC17	H2BC15	0.000887	0	0	0	0	0.819	0.4	0	Experiments + Databases
H2BC17	H4C5	0.000908	0	0	0	0	0.904	0	0.086	Experiments
H2BC17	H4C8	0.000908	0	0	0	0	0.904	0	0.086	Experiments
H2BC17	H4C12	0.000908	0	0	0	0	0.904	0	0.086	Experiments
H2BC9	UHRF1	0.000499	0	0	0	0	0	0.5	0	Databases
H2BC9	PHF19	0.000499	0	0	0	0	0	0.5	0	Databases
H2BC9	RAD51	0.000499	0	0	0	0	0	0.5	0	Databases
H2BC9	H4C8	0.000817	0	0	0	0	0.808	0	0.086	Experiments
H2BC9	H4C5	0.000817	0	0	0	0	0.808	0	0.086	Experiments
H2BC9	H4C12	0.000817	0	0	0	0	0.808	0	0.086	Experiments
H2BC9	H2BC6	0.000819	0	0	0	0	0.819	0	0	Experiments
H2BC9	H2BC15	0.000887	0	0	0	0	0.819	0.4	0	Experiments + Databases
UHRF1	H2BC15	0.000499	0	0	0	0	0	0.5	0	Databases
UHRF1	H3C2	9e-04	0	0	0	0	0.9	0	0	Experiments
UHRF1	H3C6	9e-04	0	0	0	0	0.9	0	0	Experiments
H4C12	H2BC15	0.000817	0	0	0	0	0.808	0	0.086	Experiments
H4C12	H2BC6	0.000908	0	0	0	0	0.904	0	0.086	Experiments
H4C12	H3C6	0.000942	0	0	0	0	0.904	0	0.427	Experiments
H4C12	H3C2	0.000951	0	0	0	0	0.904	0	0.519	Experiments
H4C12	H4C8	0.000952	0	0	0	0	0.9	0.54	0	Experiments + Databases
H4C12	H4C5	0.000952	0	0	0	0	0.9	0.54	0	Experiments + Databases
MCM3	RECQL4	0.000457	0	0	0	0	0.457	0	0	Experiments
MCM3	PRIM2	0.00072	0	0	0	0	0	0.72	0	Databases
RECQL4	RAD51	0.00041	0	0	0	0	0.166	0	0.322	Experiments
H2BC15	RAD51	0.000499	0	0	0	0	0	0.5	0	Databases
H2BC15	PHF19	0.000499	0	0	0	0	0	0.5	0	Databases
H2BC15	H2BC6	8e-04	0	0	0	0	0.8	0	0	Experiments
H2BC15	H4C5	0.000817	0	0	0	0	0.808	0	0.086	Experiments
H2BC15	H4C8	0.000817	0	0	0	0	0.808	0	0.086	Experiments
NEB	TPM2	0.000639	0	0	0	0	0.292	0.5	0.064	Experiments + Databases
H4C5	H2BC6	0.000908	0	0	0	0	0.904	0	0.086	Experiments
H4C5	H3C6	0.000942	0	0	0	0	0.904	0	0.427	Experiments
H4C5	H3C2	0.000951	0	0	0	0	0.904	0	0.518	Experiments
H4C5	H4C8	0.000952	0	0	0	0	0.9	0.54	0	Experiments + Databases
H3C2	H2BC6	0.000807	0	0	0	0	0.807	0	0	Experiments
H3C2	H3C6	0.000921	0	0	0	0	0.9	0	0.246	Experiments
H3C2	H4C8	0.000951	0	0	0	0	0.904	0	0.519	Experiments
H4C8	H2BC6	0.000908	0	0	0	0	0.904	0	0.086	Experiments
H4C8	H3C6	0.000942	0	0	0	0	0.904	0	0.427	Experiments
H3C6	H2BC6	0.000807	0	0	0	0	0.807	0	0	Experiments
UBE2T	FANCB	0.000988	0	0	0	0	0.886	0.8	0.551	Experiments + Databases
USH1C	PDZD7	0.000853	0	0	0	0	0	0.54	0.693	Databases
USH1C	MYO7B	0.000958	0	0	0	0	0.926	0	0.456	Experiments
USH1C	USH1G	0.000999	0	0	0	0	0.963	0.8	0.911	Experiments + Databases
SNAI2	SOX9	0.00042	0	0	0	0	0	0	0.42	Text-mining
CDH17	CDH12	0.00054	0	0	0	0	0	0.54	0	Databases
CDH17	CDH22	0.00054	0	0	0	0	0	0.54	0	Databases
CDH17	CDH11	0.00054	0	0	0	0	0	0.54	0	Databases
CDH17	GRIA2	0.000679	0	0	0	0	0	0	0.679	Text-mining
CDH17	OLFM4	0.000775	0	0	0	0	0	0	0.775	Text-mining
CDH17	CTNND2	0.000968	0	0	0	0	0.042	0	0.968	Experiments
ACTL6B	BCL11A	0.000843	0	0	0	0	0	0.72	0.463	Databases
ACTL6B	SMARCD3	0.000882	0	0	0	0	0.291	0.8	0.238	Experiments + Databases
CLIC5	FSCN2	8e-04	0	0	0	0	0	0.8	0	Databases
ITGB4	LAMB3	0.000558	0	0	0	0	0	0.5	0.153	Databases
ITGB4	NECTIN4	0.000585	0	0	0	0	0	0	0.585	Text-mining
ITGB4	MUC5AC	0.000703	0	0	0	0	0.292	0	0.598	Experiments
ITGB4	ITGA11	0.000734	0	0	0	0	0	0.72	0.09	Databases
ITGB4	ITGA3	0.000877	0	0	0	0	0.292	0.72	0.43	Experiments + Databases
KRT23	KRT12	4e-04	0	0	0	0	0	0.4	0	Databases
KRT23	KRT17	4e-04	0	0	0	0	0	0.4	0	Databases
KRT23	KRT39	4e-04	0	0	0	0	0	0.4	0	Databases
MAPK13	SQSTM1	0.000477	0	0	0	0	0.292	0	0.292	Experiments
FGF22	FGF17	4e-04	0	0	0	0	0	0.4	0	Databases
FGF22	FLRT1	0.000499	0	0	0	0	0	0.5	0	Databases
RSPO4	RNF43	0.000643	0	0	0	0	0.054	0.5	0.306	Experiments + Databases
RSPO4	LGR5	0.00072	0	0	0	0	0	0.5	0.463	Databases
RHOV	PAK6	0.00073	0	0	0	0	0.424	0.5	0.139	Experiments + Databases
CEACAM5	PFKP	0.000414	0	0	0	0	0	0	0.414	Text-mining
RAB3D	RIMS2	0.000446	0	0	0	0	0.182	0	0.351	Experiments
GCK	HK2	0.00091	0	0	0	0	0	0.9	0.146	Databases
GCK	HKDC1	0.000912	0	0	0	0	0	0.9	0.157	Databases
CCL13	CCR8	0.000651	0	0	0	0	0	0.65	0.045	Databases
CCL13	CCR10	0.000651	0	0	0	0	0	0.65	0.045	Databases
CCL13	CCR3	0.000994	0	0	0	0	0	0.7	0.982	Databases
COL1A1	MMP9	0.000527	0	0	0	0	0	0	0.527	Text-mining
COL1A1	COLGALT2	0.000581	0	0	0	0	0.197	0.5	0	Experiments + Databases
COL1A1	COL4A5	0.000584	0	0	0	0	0	0	0.584	Text-mining
COL1A1	COL5A3	0.00072	0	0	0	0	0	0.72	0	Databases
COL1A1	COL11A1	0.000948	0	0	0	0	0	0.72	0.823	Databases
COL1A1	COL1A2	0.000998	0	0	0	0	0.492	0.9	0.98	Experiments + Databases
CACNG1	CACNA2D3	0.000698	0	0	0	0	0.365	0.54	0.05	Experiments + Databases
CACNG1	CATSPERB	0.00072	0	0	0	0	0	0.72	0	Databases
CACNG1	CACNG8	0.00072	0	0	0	0	0	0.72	0	Databases
CACNG1	CACNB1	0.000731	0	0	0	0	0.44	0.54	0	Experiments + Databases
CACNG1	CACNA1G	0.000742	0	0	0	0	0	0.54	0.463	Databases
CACNG1	CACNB3	0.000808	0	0	0	0	0.344	0.72	0	Experiments + Databases
CACNG1	CACNA1C	0.000817	0	0	0	0	0.375	0.72	0	Experiments + Databases
CACNG1	CACNA1S	0.000946	0	0	0	0	0.717	0.72	0.378	Experiments + Databases
MYH1	MYH3	0.00073	0	0	0	0	0	0.72	0.077	Databases
MYH1	MYH13	0.000908	0	0	0	0	0	0.9	0.122	Databases
GLI1	KIF7	0.000984	0	0	0	0	0.167	0.9	0.825	Experiments + Databases
ULBP1	ULBP2	9e-04	0	0	0	0	0	0.9	0	Databases
PCDHB6	PCDHB8	0.000412	0	0	0	0	0	0	0.412	Text-mining
PCDHB6	PCDHB16	0.000607	0	0	0	0	0.607	0	0	Experiments
GNAT1	PDE6A	0.000678	0	0	0	0	0.332	0.5	0.116	Experiments + Databases
GNAT1	GNGT1	0.000913	0	0	0	0	0.13	0.9	0.082	Experiments + Databases
WNT6	FZD2	0.000668	0	0	0	0	0.078	0.5	0.338	Experiments + Databases
WNT6	FZD9	0.000745	0	0	0	0	0.078	0.5	0.492	Experiments + Databases
KISS1R	TAC3	0.000491	0	0	0	0	0	0	0.491	Text-mining
GRIN3B	SHISA6	0.00054	0	0	0	0	0	0.54	0	Databases
GRIN3B	HTR3B	0.00054	0	0	0	0	0	0.54	0	Databases
GRIN3B	GRIK2	0.000551	0	0	0	0	0	0.54	0.065	Databases
GRIN3B	GRIA2	0.00072	0	0	0	0	0	0.72	0	Databases
GRIN3B	CACNG8	0.00072	0	0	0	0	0	0.72	0	Databases
GRIN3B	HTR3A	0.00072	0	0	0	0	0	0.72	0	Databases
GRIN3B	GRIN2D	0.000994	0	0	0	0	0	0.72	0.982	Databases
GRIN3B	GRIN1	0.000999	0	0	0	0	0.638	0.9	0.985	Experiments + Databases
HOXB7	HOXC4	8e-04	0	0	0	0	0.8	0	0	Experiments
PI3	EVPL	0.000734	0	0	0	0	0	0.5	0.491	Databases
COL21A1	COL10A1	4e-04	0	0	0	0	0	0.4	0	Databases
COL21A1	COL9A2	4e-04	0	0	0	0	0	0.4	0	Databases
COL21A1	COLGALT2	0.000727	0	0	0	0	0.478	0.5	0	Experiments + Databases
BMP4	MMP3	0.000422	0	0	0	0	0.422	0	0	Experiments
SOX9	WT1	0.000557	0	0	0	0	0	0	0.557	Text-mining
SOX9	NR5A1	0.000926	0	0	0	0	0.292	0.9	0	Experiments + Databases
TNFSF9	TNFRSF9	0.000999	0	0	0	0	0.943	0.7	0.982	Experiments + Databases
FLRT1	FGF17	0.000499	0	0	0	0	0	0.5	0	Databases
PYCARD	SQSTM1	0.000457	0	0	0	0	0.457	0	0	Experiments
TAS2R4	TAS2R5	4e-04	0	0	0	0	0	0.4	0	Databases
SYNGR3	SLC6A3	0.000911	0	0	0	0	0.292	0	0.88	Experiments
GNGT1	KCNJ4	0.000499	0	0	0	0	0	0.5	0	Databases
GNGT1	FZD2	0.000499	0	0	0	0	0	0.5	0	Databases
GNGT1	ADRA1D	0.000499	0	0	0	0	0	0.5	0	Databases
GNGT1	AVPR2	0.000499	0	0	0	0	0	0.5	0	Databases
MCHR1	BDKRB2	4e-04	0	0	0	0	0	0.4	0	Databases
MCHR1	LPAR3	4e-04	0	0	0	0	0	0.4	0	Databases
MCHR1	SSTR3	0.000504	0	0	0	0	0	0	0.504	Text-mining
MCHR1	BBS1	0.00052	0	0	0	0	0	0.5	0.081	Databases
GALR3	GALR2	0.000908	0	0	0	0	0	0.9	0.121	Databases
GALR3	GAL	0.00099	0	0	0	0	0	0.5	0.982	Databases
EGLN3	MAGEA11	0.000489	0	0	0	0	0.292	0	0.309	Experiments
KRT12	KRT17	4e-04	0	0	0	0	0	0.4	0	Databases
KRT12	KRT39	4e-04	0	0	0	0	0	0.4	0	Databases
KRT6C	KRT81	4e-04	0	0	0	0	0	0.4	0	Databases
KRT6C	KRT85	4e-04	0	0	0	0	0	0.4	0	Databases
KRT6C	KRT86	4e-04	0	0	0	0	0	0.4	0	Databases
RAMP1	CALCA	0.000843	0	0	0	0	0.691	0.4	0.224	Experiments + Databases
RAMP1	CALCB	0.000946	0	0	0	0	0.9	0.4	0.176	Experiments + Databases
RAMP1	CALCR	0.000999	0	0	0	0	0.9	0.9	0.984	Experiments + Databases
SNAP25	CACNA1C	0.000441	0	0	0	0	0	0	0.441	Text-mining
SNAP25	SCGN	0.000483	0	0	0	0	0.483	0	0	Experiments
SNAP25	SYN2	0.000637	0	0	0	0	0	0.5	0.305	Databases
SNAP25	SYT5	0.000804	0	0	0	0	0	0.8	0.064	Databases
SNAP25	CPLX1	0.000991	0	0	0	0	0.92	0.8	0.526	Experiments + Databases
RNF17	UBE2U	0.000426	0	0	0	0	0.08	0	0.402	Experiments
NTS	GRP	0.000472	0	0	0	0	0	0	0.472	Text-mining
CATSPERB	CACNA1I	0.000494	0	0	0	0	0.243	0.36	0	Experiments + Databases
CATSPERB	CACNB1	0.00054	0	0	0	0	0	0.54	0	Databases
CATSPERB	CACNA2D3	0.00054	0	0	0	0	0	0.54	0	Databases
CATSPERB	CACNA1G	0.000636	0	0	0	0	0.243	0.54	0	Experiments + Databases
CATSPERB	CACNB3	0.00072	0	0	0	0	0	0.72	0	Databases
CATSPERB	CACNG8	0.00072	0	0	0	0	0	0.72	0	Databases
CATSPERB	CACNA1S	0.000721	0	0	0	0	0.047	0.72	0	Experiments + Databases
CATSPERB	CACNA1C	0.000721	0	0	0	0	0.047	0.72	0	Experiments + Databases
KRT85	KRT81	4e-04	0	0	0	0	0	0.4	0	Databases
KRT85	KRT86	4e-04	0	0	0	0	0	0.4	0	Databases
CIB2	TMIE	0.00088	0	0	0	0	0	0.8	0.429	Databases
CIB2	TMC1	0.000915	0	0	0	0	0.472	0.5	0.704	Experiments + Databases
CCN3	POSTN	0.000403	0	0	0	0	0	0	0.403	Text-mining
CCN3	FBLN1	0.00052	0	0	0	0	0.292	0	0.351	Experiments
GCM1	HTRA4	0.00057	0	0	0	0	0.57	0	0	Experiments
GTF2H4	RTEL1	0.000483	0	0	0	0	0.349	0	0.239	Experiments
GTF2H4	CHD1L	0.000499	0	0	0	0	0	0.5	0	Databases
GTF2H4	H4C9	0.000808	0	0	0	0	0.808	0	0	Experiments
GTF2H4	H4C4	0.000808	0	0	0	0	0.808	0	0	Experiments
HTR3B	GRIN2D	0.00054	0	0	0	0	0	0.54	0	Databases
HTR3B	CACNG8	0.00054	0	0	0	0	0	0.54	0	Databases
HTR3B	SHISA6	0.00054	0	0	0	0	0	0.54	0	Databases
HTR3B	GRIK2	0.00054	0	0	0	0	0	0.54	0	Databases
HTR3B	GRIA2	0.000544	0	0	0	0	0	0.54	0.051	Databases
HTR3B	GRIN1	0.000552	0	0	0	0	0	0.54	0.067	Databases
HTR3B	HTR3A	0.000998	0	0	0	0	0.606	0.9	0.976	Experiments + Databases
MMP7	MMP3	0.000579	0	0	0	0	0	0	0.579	Text-mining
MMP7	MMP10	0.000626	0	0	0	0	0	0	0.626	Text-mining
MMP7	MMP1	0.000703	0	0	0	0	0	0	0.703	Text-mining
MMP7	MMP9	0.000746	0	0	0	0	0	0	0.746	Text-mining
CHRNA1	CHRNA5	0.000622	0	0	0	0	0.186	0.54	0.073	Experiments + Databases
CHRNA1	CHRNB2	0.000649	0	0	0	0	0.248	0.54	0.068	Experiments + Databases
CHRNA1	CHRNA3	0.00074	0	0	0	0	0.248	0.54	0.309	Experiments + Databases
LYZ	CRYAB	0.000487	0	0	0	0	0.488	0	0	Experiments
DNAH3	DNAH8	9e-04	0	0	0	0	0	0.9	0.042	Databases
CASQ2	CASQ1	9e-04	0	0	0	0	0	0.9	0	Databases
CASQ2	RYR2	0.000954	0	0	0	0	0	0.9	0.561	Databases
SPECC1	SMTNL2	0.00054	0	0	0	0	0	0.54	0	Databases
MEOX2	MEOX1	0.000671	0	0	0	0	0.671	0	0	Experiments
SMARCD3	BCL11A	9e-04	0	0	0	0	0	0.9	0	Databases
GLIS2	BBS1	0.000614	0	0	0	0	0.292	0	0.477	Experiments
RPL8	RPL39L	0.000499	0	0	0	0	0.5	0	0	Experiments
GRIN2D	NEFL	4e-04	0	0	0	0	0	0.4	0	Databases
GRIN2D	CAMK2A	4e-04	0	0	0	0	0	0.4	0	Databases
GRIN2D	LRFN2	0.000499	0	0	0	0	0	0.5	0	Databases
GRIN2D	BEGAIN	0.000499	0	0	0	0	0	0.5	0	Databases
GRIN2D	SHISA6	0.00054	0	0	0	0	0	0.54	0	Databases
GRIN2D	GRIK2	0.000551	0	0	0	0	0	0.54	0.065	Databases
GRIN2D	GRIA2	0.00072	0	0	0	0	0	0.72	0	Databases
GRIN2D	CACNG8	0.00072	0	0	0	0	0	0.72	0	Databases
GRIN2D	HTR3A	0.00072	0	0	0	0	0	0.72	0	Databases
GRIN2D	GRIN1	0.000999	0	0	0	0	0.951	0.9	0.984	Experiments + Databases
PAX8	RXRG	9e-04	0	0	0	0	0	0.9	0	Databases
EPCAM	TSPAN8	0.000599	0	0	0	0	0	0	0.599	Text-mining
CAPG	TREX2	0.000457	0	0	0	0	0.458	0	0	Experiments
COL5A3	COLGALT2	0.000499	0	0	0	0	0	0.5	0	Databases
COL5A3	COL1A2	9e-04	0	0	0	0	0	0.9	0	Databases
COL5A3	COL11A1	9e-04	0	0	0	0	0	0.9	0	Databases
VCAN	MMP9	0.000515	0	0	0	0	0.422	0	0.196	Experiments
VCAN	FBLN1	0.000667	0	0	0	0	0	0	0.667	Text-mining
ABCB6	ABCC8	0.00054	0	0	0	0	0	0.54	0	Databases
ABCB6	FXYD2	0.00054	0	0	0	0	0	0.54	0	Databases
ABCB6	ATP1A2	0.00072	0	0	0	0	0	0.72	0	Databases
SEMA3A	SLC2A1	0.000414	0	0	0	0	0	0	0.415	Text-mining
SEMA3A	DPYSL4	0.000499	0	0	0	0	0	0.5	0	Databases
SEMA3A	PAK3	0.000499	0	0	0	0	0	0.5	0	Databases
NPTX2	NLGN1	0.000687	0	0	0	0	0	0	0.687	Text-mining
GAL	GALR2	0.000999	0	0	0	0	0.972	0.5	0.98	Experiments + Databases
ADAM22	CACNG8	0.000499	0	0	0	0	0	0.5	0	Databases
ADAM22	LGI2	7e-04	0	0	0	0	0	0.7	0	Databases
CACNA1C	KCNIP3	0.000404	0	0	0	0	0.043	0	0.403	Experiments
CACNA1C	CACNA1I	0.000418	0	0	0	0	0.08	0.36	0.091	Experiments + Databases
CACNA1C	CACNA1G	0.000607	0	0	0	0	0.08	0.54	0.146	Experiments + Databases
CACNA1C	CACNA2D3	0.000621	0	0	0	0	0.131	0.54	0.13	Experiments + Databases
CACNA1C	CACNB1	0.000855	0	0	0	0	0.541	0.54	0.368	Experiments + Databases
CACNA1C	RYR2	0.00088	0	0	0	0	0.292	0	0.838	Experiments
CACNA1C	CACNG8	9e-04	0	0	0	0	0	0.9	0	Databases
CACNA1C	CACNB3	0.000977	0	0	0	0	0.746	0.9	0.176	Experiments + Databases
CACNA1C	CACNA1S	0.000981	0	0	0	0	0	0.9	0.819	Databases
LGR5	WNT4	0.000443	0	0	0	0	0	0	0.443	Text-mining
LGR5	KITLG	0.000491	0	0	0	0	0	0	0.491	Text-mining
LGR5	TNFRSF19	0.000618	0	0	0	0	0	0	0.618	Text-mining
LGR5	RNF43	0.000991	0	0	0	0	0.9	0.5	0.839	Experiments + Databases
DISP2	IHH	0.000722	0	0	0	0	0.356	0.5	0.207	Experiments + Databases
CDH11	CDH22	0.00054	0	0	0	0	0	0.54	0	Databases
CDH11	CDH12	0.00054	0	0	0	0	0	0.54	0	Databases
NTN5	DCC	0.000432	0	0	0	0	0.317	0	0.203	Experiments
CACNG8	CACNA2D3	0.00054	0	0	0	0	0	0.54	0	Databases
CACNG8	SHISA6	0.00054	0	0	0	0	0	0.54	0	Databases
CACNG8	GRIK2	0.00054	0	0	0	0	0	0.54	0	Databases
CACNG8	CACNB1	0.00054	0	0	0	0	0	0.54	0	Databases
CACNG8	CACNA1G	0.00054	0	0	0	0	0	0.54	0	Databases
CACNG8	GRIN1	0.00072	0	0	0	0	0	0.72	0	Databases
CACNG8	HTR3A	0.00072	0	0	0	0	0	0.72	0	Databases
CACNG8	CACNA1S	9e-04	0	0	0	0	0	0.9	0	Databases
CACNG8	CACNB3	9e-04	0	0	0	0	0	0.9	0	Databases
CACNG8	GRIA2	0.000938	0	0	0	0	0.532	0.72	0.567	Experiments + Databases
PRDM16	RCOR2	0.000422	0	0	0	0	0.422	0	0	Experiments
PRDM16	SPDEF	0.000465	0	0	0	0	0.465	0	0	Experiments
LTO1	BEND6	0.00061	0	0	0	0	0.61	0	0	Experiments
MMP10	MMP3	0.00085	0	0	0	0	0.671	0	0.564	Experiments
RAB3C	RIMS2	0.000446	0	0	0	0	0.182	0	0.351	Experiments
PTPRR	PTPN5	9e-04	0	0	0	0	0	0.9	0	Databases
LY96	IKBKE	0.000499	0	0	0	0	0	0.5	0	Databases
DKK2	TGIF2LX	0.000428	0	0	0	0	0.428	0	0	Experiments
LRGUK	SPAG17	0.000478	0	0	0	0	0.478	0	0	Experiments
WIF1	WNT4	0.000708	0	0	0	0	0	0.5	0.44	Databases
WNT4	VANGL2	0.000643	0	0	0	0	0	0	0.643	Text-mining
WNT4	FZD9	0.000837	0	0	0	0	0.078	0.5	0.675	Experiments + Databases
WNT4	FZD2	0.000887	0	0	0	0	0.078	0.5	0.775	Experiments + Databases
ACTC1	SCIN	0.000433	0	0	0	0	0.387	0	0.113	Experiments
ACTC1	TNNT2	0.000908	0	0	0	0	0.9	0	0.12	Experiments
ACTC1	ACTA1	0.000935	0	0	0	0	0.8	0.54	0.359	Experiments + Databases
ACTC1	TNNI3	0.000945	0	0	0	0	0	0.9	0.479	Databases
SIM2	ARNT2	0.00059	0	0	0	0	0.519	0	0.183	Experiments
HK2	HKDC1	9e-04	0	0	0	0	0	0.9	0	Databases
ACE	BDKRB2	0.000554	0	0	0	0	0.322	0	0.37	Experiments
FXYD2	ABCC8	0.00054	0	0	0	0	0	0.54	0	Databases
FXYD2	ATP1A2	0.000934	0	0	0	0	0.376	0.9	0	Experiments + Databases
LY6K	TEX101	0.000448	0	0	0	0	0	0	0.448	Text-mining
FGF19	FGF17	4e-04	0	0	0	0	0	0.4	0	Databases
DISP3	IHH	0.000425	0	0	0	0	0.327	0	0.182	Experiments
KCNIP3	CACNA1G	0.000414	0	0	0	0	0	0	0.415	Text-mining
IHH	SCUBE2	0.000499	0	0	0	0	0	0.5	0	Databases
IHH	GPC5	0.000499	0	0	0	0	0	0.5	0	Databases
IHH	PTHLH	0.000516	0	0	0	0	0	0	0.516	Text-mining
CXCL5	MMP9	0.000402	0	0	0	0	0.292	0	0.191	Experiments
CXCL5	MMP1	0.000435	0	0	0	0	0	0	0.435	Text-mining
CXCL5	CCR8	0.00065	0	0	0	0	0	0.65	0	Databases
CXCL5	CCR10	0.00065	0	0	0	0	0	0.65	0	Databases
CXCL5	CCR3	0.000659	0	0	0	0	0	0.65	0.066	Databases
CXCL5	CCL20	0.000734	0	0	0	0	0.734	0	0	Experiments
CLDN19	CLDN4	0.00065	0	0	0	0	0	0.65	0	Databases
CLDN19	CLDN18	0.000718	0	0	0	0	0.23	0.65	0	Experiments + Databases
GRIA2	SYNDIG1	0.000412	0	0	0	0	0	0	0.412	Text-mining
GRIA2	SHISA6	0.00054	0	0	0	0	0	0.54	0	Databases
GRIA2	GRIK2	0.000678	0	0	0	0	0.292	0.54	0.093	Experiments + Databases
GRIA2	HTR3A	0.000722	0	0	0	0	0	0.72	0.051	Databases
GRIA2	GRIN1	0.000742	0	0	0	0	0	0.72	0.117	Databases
MAP1B	SQSTM1	0.000849	0	0	0	0	0	0	0.849	Text-mining
FOXQ1	FOXF2	0.000403	0	0	0	0	0	0	0.403	Text-mining
SCIN	SRC	0.00043	0	0	0	0	0	0	0.43	Text-mining
COL1A2	COL9A2	0.000446	0	0	0	0	0	0	0.446	Text-mining
COL1A2	COLGALT2	0.000499	0	0	0	0	0	0.5	0	Databases
COL1A2	COL4A5	0.000554	0	0	0	0	0	0	0.554	Text-mining
COL1A2	POSTN	0.000576	0	0	0	0	0	0	0.576	Text-mining
COL1A2	ITGA11	0.000622	0	0	0	0	0	0	0.622	Text-mining
COL1A2	MMP9	0.000769	0	0	0	0	0	0	0.769	Text-mining
COL1A2	COL11A1	0.000988	0	0	0	0	0	0.9	0.888	Databases
CNTNAP3	CNTNAP3B	0.000422	0	0	0	0	0.422	0	0	Experiments
CHRNA5	CHRNB2	0.00086	0	0	0	0	0.329	0.8	0	Experiments + Databases
CHRNA5	CHRNA3	0.000975	0	0	0	0	0.292	0.8	0.843	Experiments + Databases
TMED3	KDELR3	0.000499	0	0	0	0	0	0.5	0	Databases
MMP3	MMP9	0.000929	0	0	0	0	0	0.9	0.328	Databases
MMP3	MMP1	0.000955	0	0	0	0	0	0.9	0.577	Databases
MAP1A	SQSTM1	0.00096	0	0	0	0	0	0	0.96	Text-mining
CKMT1B	CKMT2	0.00086	0	0	0	0	0.198	0.833	0	Experiments + Databases
CKMT1B	CKMT1A	9e-04	0	0	0	0	0.9	0	0	Experiments
CACNB3	EYA1	0.000428	0	0	0	0	0.428	0	0	Experiments
CACNB3	CACNA1G	0.000589	0	0	0	0	0	0.54	0.145	Databases
CACNB3	CACNA2D3	0.000609	0	0	0	0	0.185	0.54	0	Experiments + Databases
CACNB3	CACNB1	0.000872	0	0	0	0	0.671	0.54	0.227	Experiments + Databases
CACNB3	CACNA1S	0.000922	0	0	0	0	0.252	0.9	0.046	Experiments + Databases
SLC39A4	SLITRK5	0.000414	0	0	0	0	0.414	0	0	Experiments
KLK1	FOLR1	0.000408	0	0	0	0	0	0	0.409	Text-mining
IL12A	CRLF1	0.000403	0	0	0	0	0	0	0.403	Text-mining
H2AC8	H2AC20	0.000485	0	0	0	0	0.177	0.4	0	Experiments + Databases
H2AC8	SMC4	0.000499	0	0	0	0	0	0.5	0	Databases
H2AC8	H1-4	8e-04	0	0	0	0	0.8	0	0	Experiments
H2AC8	CHD1L	9e-04	0	0	0	0	0.9	0	0	Experiments
H2AC8	H3C8	0.000946	0	0	0	0	0.903	0	0.474	Experiments
H2AC8	H3C3	0.000968	0	0	0	0	0.903	0	0.691	Experiments
H2AC8	H4C4	0.000977	0	0	0	0	0.903	0.54	0.53	Experiments + Databases
H2AC8	H4C9	0.000977	0	0	0	0	0.903	0.54	0.53	Experiments + Databases
TACR1	AVPR2	4e-04	0	0	0	0	0	0.4	0	Databases
TACR1	SRC	0.000456	0	0	0	0	0	0	0.456	Text-mining
TACR1	SGIP1	0.000499	0	0	0	0	0	0.5	0	Databases
TACR1	CLTCL1	0.000499	0	0	0	0	0	0.5	0	Databases
TACR1	TAC4	0.000564	0	0	0	0	0.292	0	0.41	Experiments
TACR1	TAC3	0.000891	0	0	0	0	0	0	0.891	Text-mining
SCN1A	SPTA1	0.000499	0	0	0	0	0	0.5	0	Databases
SCN1A	GRIK2	0.00054	0	0	0	0	0	0.54	0	Databases
SCN1A	CACNA1G	0.000558	0	0	0	0	0.08	0.54	0	Experiments + Databases
SCN1A	CACNA1I	0.000571	0	0	0	0	0.08	0.54	0.068	Experiments + Databases
SCN1A	SCN5A	0.000591	0	0	0	0	0	0.54	0.149	Databases
SCN1A	SCN4B	0.000987	0	0	0	0	0.926	0.54	0.664	Experiments + Databases
LRP8	GRIN1	0.000559	0	0	0	0	0.292	0	0.404	Experiments
LRP8	VLDLR	0.000954	0	0	0	0	0.322	0	0.936	Experiments
CPLX1	SYN2	0.000584	0	0	0	0	0	0.5	0.204	Databases
ANKRD2	ANKRD1	0.000403	0	0	0	0	0	0	0.403	Text-mining
ANKRD2	TCAP	0.000712	0	0	0	0	0.292	0	0.611	Experiments
CTNND2	PDZD2	0.000549	0	0	0	0	0.292	0	0.39	Experiments
CTNND2	SPHK1	0.000563	0	0	0	0	0	0	0.563	Text-mining
ARNT2	SIM1	0.000945	0	0	0	0	0.542	0	0.886	Experiments
H1-4	H1-2	0.000769	0	0	0	0	0.164	0.4	0.578	Experiments + Databases
H1-4	H3C3	8e-04	0	0	0	0	0.8	0	0	Experiments
H1-4	H3C8	8e-04	0	0	0	0	0.8	0	0	Experiments
H1-4	H4C4	0.000802	0	0	0	0	0.802	0	0	Experiments
H1-4	H4C9	0.000802	0	0	0	0	0.802	0	0	Experiments
GLUL	GLS	9e-04	0	0	0	0	0	0.9	0	Databases
KRT17	KRT39	4e-04	0	0	0	0	0	0.4	0	Databases
ZNF431	TYRP1	0.000487	0	0	0	0	0.488	0	0	Experiments
ATP8B3	ATP10A	0.00054	0	0	0	0	0	0.54	0	Databases
ATP8B3	ATP8A2	0.00054	0	0	0	0	0	0.54	0	Databases
ARR3	SRC	0.000545	0	0	0	0	0	0	0.545	Text-mining
KCNK10	KCNK12	0.000499	0	0	0	0	0	0.5	0	Databases
SPHK1	PLPP2	9e-04	0	0	0	0	0	0.9	0	Databases
SPHK1	SGPP2	9e-04	0	0	0	0	0	0.9	0	Databases
SGPP2	PLPP2	0.000936	0	0	0	0	0	0.9	0.394	Databases
ITGA3	TSPAN8	0.000418	0	0	0	0	0	0	0.419	Text-mining
ITGA3	LAMB3	0.000499	0	0	0	0	0	0.5	0	Databases
ITGA3	ITGA11	9e-04	0	0	0	0	0	0.9	0	Databases
LGALS9B	TNFRSF9	0.000639	0	0	0	0	0	0	0.639	Text-mining
LGALS9B	PDCD1	0.000878	0	0	0	0	0	0	0.878	Text-mining
LGALS9B	CTLA4	0.00093	0	0	0	0	0	0	0.93	Text-mining
CHRNA3	CHRNB2	0.000943	0	0	0	0	0.457	0.9	0	Experiments + Databases
BBS1	SSTR3	0.000671	0	0	0	0	0	0.5	0.37	Databases
TUBA3E	TUBB8B	0.00058	0	0	0	0	0.142	0.5	0.101	Experiments + Databases
SLC16A8	SLC16A3	0.000499	0	0	0	0	0	0.5	0	Databases
B3GNT3	TSPAN15	0.000404	0	0	0	0	0	0	0.404	Text-mining
SCN4B	SPTA1	0.000499	0	0	0	0	0	0.5	0	Databases
SCN4B	CACNA1I	0.00054	0	0	0	0	0	0.54	0	Databases
SCN4B	CACNA1G	0.00054	0	0	0	0	0	0.54	0	Databases
SCN4B	GRIK2	0.00054	0	0	0	0	0	0.54	0	Databases
SCN4B	SCN5A	0.000916	0	0	0	0	0	0.9	0.201	Databases
MMP1	MMP9	0.000962	0	0	0	0	0	0.9	0.638	Databases
FZD2	VANGL2	0.000493	0	0	0	0	0.043	0	0.491	Experiments
FZD2	ROR1	0.00065	0	0	0	0	0	0.65	0	Databases
FZD2	ROR2	0.00065	0	0	0	0	0	0.65	0	Databases
TUBA3D	TUBB8B	0.00058	0	0	0	0	0.142	0.5	0.101	Experiments + Databases
CCR8	CCR10	0.000433	0	0	0	0	0	0	0.433	Text-mining
CCR8	CCL15	0.000658	0	0	0	0	0	0.65	0.063	Databases
CCR8	CCR3	0.000803	0	0	0	0	0	0	0.803	Text-mining
CCR8	CCL20	0.000896	0	0	0	0	0	0.65	0.716	Databases
NOS2	SPTA1	0.000435	0	0	0	0	0	0	0.435	Text-mining
ITGA11	COL9A2	0.000499	0	0	0	0	0	0.5	0	Databases
COL10A1	COL9A2	4e-04	0	0	0	0	0	0.4	0	Databases
COL10A1	COL4A6	0.00054	0	0	0	0	0	0.54	0	Databases
COL10A1	COL4A5	0.00054	0	0	0	0	0	0.54	0	Databases
COL10A1	COLGALT2	0.000603	0	0	0	0	0.239	0.5	0	Experiments + Databases
EFNA5	GRIK2	0.000455	0	0	0	0	0	0	0.455	Text-mining
EFNA5	EPHA6	0.000634	0	0	0	0	0.242	0.5	0.113	Experiments + Databases
SCN5A	SPTA1	0.000499	0	0	0	0	0	0.5	0	Databases
SCN5A	GRIK2	0.00054	0	0	0	0	0	0.54	0	Databases
SCN5A	CACNA1G	0.000558	0	0	0	0	0.08	0.54	0	Experiments + Databases
SCN5A	CACNA1I	0.000558	0	0	0	0	0.08	0.54	0	Experiments + Databases
SCN5A	FGF17	0.000903	0	0	0	0	0	0	0.903	Text-mining
LGALS9C	TNFRSF9	0.000639	0	0	0	0	0	0	0.639	Text-mining
LGALS9C	PDCD1	0.000878	0	0	0	0	0	0	0.878	Text-mining
LGALS9C	CTLA4	0.00093	0	0	0	0	0	0	0.93	Text-mining
GAST	PCDHB16	0.000591	0	0	0	0	0.591	0	0	Experiments
FBLN1	MFAP2	0.000527	0	0	0	0	0	0.5	0.093	Databases
CALCA	CALCB	9e-04	0	0	0	0	0	0.9	0	Databases
CALCA	CALCR	0.000994	0	0	0	0	0.9	0.9	0.481	Experiments + Databases
COL4A5	COLGALT2	0.000783	0	0	0	0	0.585	0.5	0	Experiments + Databases
COL4A5	COL4A6	0.000876	0	0	0	0	0.09	0.8	0.378	Experiments + Databases
H2AC20	SMC4	0.000499	0	0	0	0	0	0.5	0	Databases
H2AC20	H3C8	0.000906	0	0	0	0	0.903	0	0.076	Experiments
H2AC20	H2BC7	0.000906	0	0	0	0	0.903	0	0.074	Experiments
H2AC20	H4C4	0.000907	0	0	0	0	0.903	0	0.081	Experiments
H2AC20	H4C9	0.000919	0	0	0	0	0.915	0	0.081	Experiments
H2AC20	H3C3	0.000946	0	0	0	0	0.903	0	0.473	Experiments
CCR10	CCR3	0.000465	0	0	0	0	0	0	0.466	Text-mining
CCR10	CCL15	0.00065	0	0	0	0	0	0.65	0	Databases
CCR10	CCL20	0.00083	0	0	0	0	0	0.65	0.535	Databases
PDCD1	CTLA4	0.000782	0	0	0	0	0	0	0.782	Text-mining
CLDN18	CLDN4	0.00065	0	0	0	0	0	0.65	0	Databases
TNNI3	ACTA1	9e-04	0	0	0	0	0.9	0	0	Experiments
TNNI3	TNNI2	9e-04	0	0	0	0	0	0.9	0	Databases
TNNI3	TNNT2	0.000999	0	0	0	0	0.955	0.9	0.983	Experiments + Databases
JPH1	CACNA1S	5e-04	0	0	0	0	0.195	0	0.404	Experiments
APOD	APOA4	0.000631	0	0	0	0	0	0	0.631	Text-mining
FZD9	ROR1	0.00065	0	0	0	0	0	0.65	0	Databases
FZD9	ROR2	0.00065	0	0	0	0	0	0.65	0	Databases
LRFN2	GRIN1	0.000683	0	0	0	0	0	0.5	0.393	Databases
HTR3A	SHISA6	0.00054	0	0	0	0	0	0.54	0	Databases
HTR3A	GRIK2	0.00054	0	0	0	0	0	0.54	0	Databases
HTR3A	GRIN1	0.000728	0	0	0	0	0	0.72	0.071	Databases
KRT39	KRT86	0.000591	0	0	0	0	0.591	0	0	Experiments
H2BC7	CENPX	8e-04	0	0	0	0	0.8	0	0	Experiments
H2BC7	H3C8	0.000807	0	0	0	0	0.807	0	0	Experiments
H2BC7	H3C3	0.000807	0	0	0	0	0.807	0	0	Experiments
H2BC7	H4C9	0.000908	0	0	0	0	0.904	0	0.086	Experiments
H2BC7	H4C4	0.000908	0	0	0	0	0.904	0	0.086	Experiments
GRM7	GRIK2	0.000535	0	0	0	0	0	0	0.535	Text-mining
GRM7	GRM4	0.000859	0	0	0	0	0.378	0.4	0.654	Experiments + Databases
GRM7	GRM2	0.000937	0	0	0	0	0.9	0.4	0	Experiments + Databases
APOA4	GPC5	0.000499	0	0	0	0	0	0.5	0	Databases
APOA4	VLDLR	0.00054	0	0	0	0	0	0.54	0	Databases
CCL20	CCR3	0.000816	0	0	0	0	0	0.65	0.498	Databases
CACNA1G	CACNB1	0.00054	0	0	0	0	0	0.54	0	Databases
CACNA1G	GRIK2	0.00054	0	0	0	0	0	0.54	0	Databases
CACNA1G	CACNA2D3	0.000563	0	0	0	0	0	0.54	0.091	Databases
CACNA1G	CACNA1S	0.000632	0	0	0	0	0.08	0.54	0.2	Experiments + Databases
CACNA1G	CACNA1I	0.000957	0	0	0	0	0	0.9	0.595	Databases
SPTSSB	GOLGA7B	0.00054	0	0	0	0	0	0.54	0	Databases
KIRREL2	NPHS1	0.000917	0	0	0	0	0.384	0.7	0.59	Experiments + Databases
PAK3	SRC	0.000513	0	0	0	0	0	0.5	0.066	Databases
ATP1A2	FXYD3	0.000499	0	0	0	0	0	0.5	0	Databases
ATP1A2	ABCC8	0.00054	0	0	0	0	0	0.54	0	Databases
COLGALT2	COL11A1	0.000499	0	0	0	0	0	0.5	0	Databases
COLGALT2	COL4A6	0.000499	0	0	0	0	0	0.5	0	Databases
COLGALT2	COL9A2	0.000711	0	0	0	0	0.446	0.5	0	Experiments + Databases
CACNA1S	CACNA1I	0.000418	0	0	0	0	0.08	0.36	0.091	Experiments + Databases
CACNA1S	RYR2	0.000445	0	0	0	0	0	0	0.445	Text-mining
CACNA1S	CACNA2D3	0.000633	0	0	0	0	0.131	0.54	0.156	Experiments + Databases
CACNA1S	CACNB1	0.000918	0	0	0	0	0.717	0.54	0.422	Experiments + Databases
GAGE2A	GMCL2	0.000568	0	0	0	0	0.568	0	0	Experiments
RYR2	CASQ1	0.00091	0	0	0	0	0	0.9	0.137	Databases
ACTA1	TNNT2	9e-04	0	0	0	0	0.9	0	0	Experiments
SYT2	TYRP1	0.000445	0	0	0	0	0	0	0.445	Text-mining
SYT2	NRXN3	0.000499	0	0	0	0	0	0.5	0	Databases
SYT2	SYT8	0.000521	0	0	0	0	0	0.5	0.082	Databases
VANGL2	SQSTM1	0.000471	0	0	0	0	0.292	0	0.284	Experiments
VANGL2	RNF43	0.00051	0	0	0	0	0.292	0	0.337	Experiments
VANGL2	ROR2	0.000817	0	0	0	0	0	0.8	0.124	Databases
ADAM12	SRC	0.00048	0	0	0	0	0.188	0	0.387	Experiments
S100A6	AGR2	0.000457	0	0	0	0	0.457	0	0	Experiments
S100A6	SRC	0.000495	0	0	0	0	0	0	0.495	Text-mining
NR2E1	BCL11A	0.000457	0	0	0	0	0.457	0	0	Experiments
CHD1L	H4C4	0.000906	0	0	0	0	0.906	0	0	Experiments
CHD1L	H4C9	0.000906	0	0	0	0	0.906	0	0	Experiments
ELOVL3	ELOVL7	9e-04	0	0	0	0	0	0.9	0	Databases
LPAR3	BDKRB2	4e-04	0	0	0	0	0	0.4	0	Databases
SGIP1	AVPR2	0.000499	0	0	0	0	0	0.5	0	Databases
SGIP1	CLTCL1	0.00054	0	0	0	0	0	0.54	0	Databases
SGIP1	AP3B2	0.00054	0	0	0	0	0	0.54	0	Databases
ROR1	ROR2	0.000919	0	0	0	0	0.164	0.9	0.116	Experiments + Databases
GRIN1	BEGAIN	0.000499	0	0	0	0	0	0.5	0	Databases
GRIN1	SHISA6	0.00054	0	0	0	0	0	0.54	0	Databases
GRIN1	GRIK2	0.000555	0	0	0	0	0	0.54	0.073	Databases
GRIN1	SRC	0.00057	0	0	0	0	0	0.5	0.176	Databases
GRIN1	CAMK2A	0.000632	0	0	0	0	0.292	0.4	0.204	Experiments + Databases
GRIN1	NEFL	0.000801	0	0	0	0	0	0.4	0.683	Databases
TREM2	LAT	0.000499	0	0	0	0	0	0.5	0	Databases
TFAP2E	TFAP2A	4e-04	0	0	0	0	0	0.4	0	Databases
SRC	KITLG	4e-04	0	0	0	0	0	0.4	0	Databases
SRC	DDR1	0.000416	0	0	0	0	0.292	0	0.209	Experiments
SRC	CCR3	0.000424	0	0	0	0	0	0	0.424	Text-mining
SRC	GAP43	0.000444	0	0	0	0	0	0	0.444	Text-mining
SRC	DCC	0.000499	0	0	0	0	0	0.5	0	Databases
SRC	CTLA4	0.000499	0	0	0	0	0	0.5	0	Databases
NR5A1	WT1	8e-04	0	0	0	0	0	0.8	0	Databases
ITPR3	BDKRB2	0.000422	0	0	0	0	0	0	0.423	Text-mining
ITPR3	CAMK2A	0.000433	0	0	0	0	0.433	0	0	Experiments
ITPR3	TRPC4	0.000457	0	0	0	0	0.457	0	0	Experiments
ITPR3	TRPC3	0.000742	0	0	0	0	0.457	0	0.546	Experiments
CA9	SLC16A3	0.000645	0	0	0	0	0	0	0.645	Text-mining
PLCH2	PLCD3	0.000499	0	0	0	0	0	0.5	0	Databases
NPHS1	DDN	0.000557	0	0	0	0	0	0	0.557	Text-mining
TRPC3	TRPC4	0.000987	0	0	0	0	0.292	0.5	0.968	Experiments + Databases
KRT81	KRT86	4e-04	0	0	0	0	0	0.4	0	Databases
ATP8A2	ATP10A	0.00054	0	0	0	0	0	0.54	0	Databases
TNNI2	TNNT2	0.000941	0	0	0	0	0.347	0.9	0.179	Experiments + Databases
KRTAP5-6	KRTAP5-7	0.000591	0	0	0	0	0.591	0	0	Experiments
CDH12	CDH22	0.00054	0	0	0	0	0	0.54	0	Databases
SIGLEC15	MDGA2	0.000407	0	0	0	0	0	0	0.407	Text-mining
SQSTM1	BCL11A	0.000499	0	0	0	0	0	0.5	0	Databases
LAMB3	NTNG2	0.00054	0	0	0	0	0	0.54	0	Databases
CACNB1	EYA1	0.000483	0	0	0	0	0.484	0	0	Experiments
CACNB1	CACNA2D3	0.000609	0	0	0	0	0.185	0.54	0	Experiments + Databases
ASNS	ASRGL1	9e-04	0	0	0	0	0	0.9	0	Databases
KIF7	KIF1A	0.00054	0	0	0	0	0	0.54	0	Databases
KIF7	KIF26B	0.00054	0	0	0	0	0	0.54	0	Databases
QRFPR	QRFP	0.000994	0	0	0	0	0	0.9	0.942	Databases
GRM2	GRM4	0.000943	0	0	0	0	0	0.4	0.91	Databases
HECW1	RNF43	0.000599	0	0	0	0	0.292	0	0.457	Experiments
CACNA1I	GRIK2	0.00054	0	0	0	0	0	0.54	0	Databases
UNC5D	DCC	0.000813	0	0	0	0	0	0.8	0.104	Databases
KIF26B	KIF1A	0.00054	0	0	0	0	0	0.54	0	Databases
GABRR2	GABRG3	0.000586	0	0	0	0	0.08	0.54	0.102	Experiments + Databases
GABRR2	GABRA2	0.000586	0	0	0	0	0.08	0.54	0.102	Experiments + Databases
GULP1	CLTCL1	0.00046	0	0	0	0	0	0	0.46	Text-mining
PLCD4	PLCD3	9e-04	0	0	0	0	0	0.9	0	Databases
NPNT	FRAS1	8e-04	0	0	0	0	0	0.8	0	Databases
SHISA6	GRIK2	0.00054	0	0	0	0	0	0.54	0	Databases
AGR2	MUC5B	0.00042	0	0	0	0	0.42	0	0	Experiments
AGR2	MUC5AC	0.000467	0	0	0	0	0.292	0	0.279	Experiments
NLGN1	MDGA2	0.000455	0	0	0	0	0.303	0	0.251	Experiments
NLGN1	HOMER3	0.000499	0	0	0	0	0	0.5	0	Databases
NLGN1	NRXN3	0.000888	0	0	0	0	0.514	0.5	0.577	Experiments + Databases
STRC	OTOGL	0.000847	0	0	0	0	0	0.8	0.27	Databases
CKMT2	CKMT1A	0.000813	0	0	0	0	0.664	0.467	0	Experiments + Databases
MYH13	MYH3	0.00072	0	0	0	0	0	0.72	0	Databases
ESRP1	KIAA1549	0.000499	0	0	0	0	0	0.5	0	Databases
ZNF492	ZNF726	0.000472	0	0	0	0	0.472	0	0	Experiments
SERPINE2	KLK13	0.000448	0	0	0	0	0.448	0	0	Experiments
MGAM2	MGAM	0.000984	0	0	0	0	0	0.9	0.855	Databases
RIMS2	RIMBP3	0.000489	0	0	0	0	0.244	0	0.352	Experiments
GABRA2	GABRG3	0.00054	0	0	0	0	0	0.54	0	Databases
PCDHA3	PCDHA6	0.00068	0	0	0	0	0.671	0	0.068	Experiments
TFF3	MUC5AC	0.000507	0	0	0	0	0	0	0.507	Text-mining
TFF3	FCGBP	0.00083	0	0	0	0	0.57	0	0.621	Experiments
GPR61	GJB6	0.000477	0	0	0	0	0.477	0	0	Experiments
PCDHA4	PCDHA7	0.000671	0	0	0	0	0.653	0	0.092	Experiments
MUC5B	MUC2	0.000741	0	0	0	0	0	0	0.741	Text-mining
MUC5B	MUC5AC	0.000956	0	0	0	0	0	0	0.956	Text-mining
HOMER3	NRXN3	0.000499	0	0	0	0	0	0.5	0	Databases
CLTCL1	AVPR2	0.000499	0	0	0	0	0	0.5	0	Databases
CCR3	CCL15	0.000978	0	0	0	0	0.287	0.65	0.921	Experiments + Databases
CENPX	H4C9	8e-04	0	0	0	0	0.8	0	0	Experiments
CENPX	H4C4	8e-04	0	0	0	0	0.8	0	0	Experiments
H4C4	H3C3	0.000942	0	0	0	0	0.904	0	0.426	Experiments
H4C4	H3C8	0.000942	0	0	0	0	0.904	0	0.427	Experiments
H4C4	H4C9	0.000952	0	0	0	0	0.9	0.54	0	Experiments + Databases
FCGBP	MUC2	0.000731	0	0	0	0	0	0	0.731	Text-mining
H4C9	H3C3	0.000942	0	0	0	0	0.904	0	0.426	Experiments
H4C9	H3C8	0.000942	0	0	0	0	0.904	0	0.427	Experiments
NEFL	CAMK2A	4e-04	0	0	0	0	0	0.4	0	Databases
H3C8	H3C3	9e-04	0	0	0	0	0.9	0	0	Experiments
MUC5AC	MUC2	0.000761	0	0	0	0	0	0	0.761	Text-mining
TUBA4B	TUBB8B	0.00058	0	0	0	0	0.142	0.5	0.101	Experiments + Databases
TMIE	TMC1	0.000949	0	0	0	0	0	0.5	0.904	Databases
