"Term","Overlap","P.value","Adjusted.P.value","Old.P.value","Old.Adjusted.P.value","Odds.Ratio","Combined.Score","Genes","Ontology","Direction","GeneRatio","p.adjust","Count"
"Chemical Synaptic Transmission (GO:0007268)","79/273",2.1253333394011e-11,8.97315735895145e-08,0,0,2.63449490001054,64.7414143293172,"CHRM3;SNAP25;GRIK4;GRIK2;HTR4;SLC6A2;CDH8;GABRR3;GABRR2;GRM2;GRM4;GRM7;MPZ;KIF5A;BSN;ERC2;CHRNB2;CHRNB4;UNC13A;HTR3A;HTR3B;SYN3;GABRG3;SYN2;GABRG2;SHISA6;CACNB1;CACNB3;CACNB4;MTNR1B;SNPH;KCNQ3;UTS2;RAPSN;CHRNA1;BRSK1;GRIA2;CHRNA3;NLGN1;CHRNA5;SLC1A3;LPAR3;CACNA1E;CPLX1;CHRND;GRIN2A;GALR3;KCNN1;SNCG;NPTX1;GABRE;NPTX2;GABRD;DRD4;GABRA2;GABRQ;SYT5;GABBR2;NQO1;DTNA;SLC12A5;GAD1;GABRA3;HTR1D;GRIN2C;PCDHB11;PCDHB10;GRIN2D;GRIN1;GRIN3B;PCDHB2;SLC6A9;PCDHB16;PCDHB6;RIMBP3;MYCBPAP;PCDHB3;PCDHB9;CBLN1","BP","Up",0.289377289377289,8.97315735895145e-08,79
"Extracellular Matrix Organization (GO:0030198)","57/176",1.16220910675877e-10,2.45342342436775e-07,0,0,3.08673480657753,70.6106895259241,"COLGALT2;LOXL4;PLOD3;SCX;CTSV;LAMC1;LOXL2;MMP24;IBSP;CREB3L1;SH3PXD2B;COL10A1;PRSS2;ADAMTS6;POSTN;MMP7;MMP1;APLP1;SPINK5;MMP3;P3H4;NPNT;MMP9;MMP10;ADAMTS20;MMP12;MMP11;MMP14;CCDC80;COL2A1;ADAM15;COL4A2;LOX;SPINT1;COL4A1;MMP17;COL4A6;COL4A5;COL8A1;MATN3;COL15A1;COL11A1;KLK4;CAPG;ADAMTS16;ADAMTS14;ADAMTS18;SERPINH1;COL24A1;COL22A1;COL1A1;COL1A2;COL5A3;COL7A1;COL9A1;TLL2;COL9A2","BP","Up",0.323863636363636,2.45342342436775e-07,57
"Anterograde Trans-Synaptic Signaling (GO:0098916)","61/199",3.25771750902951e-10,4.23921710587797e-07,0,0,2.8496656147293,62.2504441841705,"CHRM3;SNAP25;GRIK4;GRIK2;HTR4;SLC6A2;GABRR3;GABRR2;GRM2;GRM4;GRM7;MPZ;KIF5A;BSN;CHRNB2;CHRNB4;HTR3A;HTR3B;SYN2;CACNB1;CACNB3;CACNB4;MTNR1B;KCNQ3;UTS2;RAPSN;CHRNA1;GRIA2;CHRNA3;NLGN1;CHRNA5;SLC1A3;LPAR3;CACNA1E;CPLX1;CHRND;GRIN2A;GALR3;KCNN1;SNCG;NPTX1;NPTX2;GABRD;DRD4;GABRQ;SYT5;GABBR2;DTNA;SLC12A5;GAD1;HTR1D;PCDHB11;PCDHB10;GRIN1;PCDHB2;PCDHB16;PCDHB6;MYCBPAP;PCDHB3;PCDHB9;CBLN1","BP","Up",0.306532663316583,4.23921710587797e-07,61
"External Encapsulating Structure Organization (GO:0045229)","41/110",4.01631180092655e-10,4.23921710587797e-07,0,0,3.81740428777772,82.5914005017975,"COL15A1;COL11A1;ADAMTS16;ADAMTS14;MMP24;IBSP;ADAMTS18;COL10A1;TGM3;ADAMTS6;POSTN;MMP7;COL24A1;MMP1;COL22A1;APLP1;SPINK5;MMP3;NPNT;MMP9;MMP10;HRNR;ADAMTS20;COL1A1;MMP12;MMP11;MMP14;CCDC80;COL1A2;COL4A2;SPINT1;COL4A1;COL5A3;COL7A1;MMP17;COL4A6;COL9A1;COL4A5;COL8A1;COL9A2;MATN3","BP","Up",0.372727272727273,4.23921710587797e-07,41
"Extracellular Structure Organization (GO:0043062)","39/109",4.16692139063733e-09,3.51854842225416e-06,0,0,3.57643736345713,69.0112513414423,"COL15A1;COL11A1;ADAMTS16;ADAMTS14;MMP24;IBSP;ADAMTS18;COL10A1;ADAMTS6;POSTN;MMP7;COL24A1;MMP1;COL22A1;APLP1;SPINK5;MMP3;NPNT;MMP9;MMP10;ADAMTS20;COL1A1;MMP12;MMP11;MMP14;CCDC80;COL1A2;COL4A2;SPINT1;COL4A1;COL5A3;COL7A1;MMP17;COL4A6;COL9A1;COL4A5;COL8A1;COL9A2;MATN3","BP","Up",0.357798165137615,3.51854842225416e-06,39
"DNA Unwinding Involved In DNA Replication (GO:0006268)","14/20",1.24116106062707e-08,8.73363666327916e-06,0,0,14.8950480413895,271.158890010432,"GINS1;GINS2;MCM7;GINS3;GINS4;HMGA1;RECQL4;CDC45;RAD51;MCM3;MCM4;MCM5;MCM6;MCM2","BP","Up",0.7,8.73363666327916e-06,14
"Double-Strand Break Repair Via Break-Induced Replication (GO:0000727)","10/11",2.05768667616853e-08,1.24107902096908e-05,0,0,63.760147601476,1128.49712415849,"GINS2;MCM7;MCMDC2;GINS4;MCM3;MCM4;CDC7;MCM5;MCM6;MCM2","BP","Up",0.909090909090909,1.24107902096908e-05,10
"DNA-templated DNA Replication (GO:0006261)","28/69",2.73578681888643e-08,1.44381149366731e-05,0,0,4.37331932011742,76.1581269820696,"PRIM2;BLM;MCM7;PRIM1;MCM10;RECQL4;CDC45;ORC6;ORC1;POLD1;GINS1;WDHD1;GINS2;RFC3;RFC4;GINS3;GINS4;HMGA1;POLA2;RAD51;POLG2;POLE2;MCM3;MCM4;MCM5;DNA2;MCM6;MCM2","BP","Up",0.405797101449275,1.44381149366731e-05,28
"Monoatomic Cation Transmembrane Transport (GO:0098655)","72/281",4.76730754423936e-08,2.23639693908651e-05,0,0,2.22089073273681,37.4417726743994,"KCNG1;KCNG2;KCNC1;KCNK9;KCNC2;ATP2A1;SLC6A2;SLC6A3;SLC9C2;SLC8A2;SCN5A;SLC39A1;SLC39A4;KCNH2;SLC36A1;KCNH3;KCNH4;KCNH5;TRPC6;KCNK10;SLC6A17;KCNH6;SLC30A3;TRPC3;SLC30A2;ABCC8;TRPC4;KCNK12;SLC6A14;SLC39A10;SLC6A11;CACNB1;SLC9A2;SLC9A3;KCNQ3;SLC29A4;CNGB3;SCN4A;SCN4B;HCN4;HCN3;SLC1A3;ATP1A2;CACNA1C;LRRC52;CACNA1G;GRIN2A;ASIC5;KCNN1;KCNN3;CACNA1S;CACNG1;TRPM6;ASIC3;ATP6V1C1;TRPM3;ASIC1;KCNF1;MCOLN3;KCNJ11;SLC12A1;SLC4A11;GRIN2C;GRIN2D;GRIN1;ATP4A;SLC6A7;SLC6A8;SLC6A9;FXYD2;NOX5;HCN2","BP","Up",0.256227758007117,2.23639693908651e-05,72
"Inorganic Cation Transmembrane Transport (GO:0098662)","71/284",1.6683245395067e-07,5.51711712338904e-05,0,0,2.14760286900717,33.5160826780831,"KCNG1;KCNG2;KCNC1;KCNK9;KCNC2;AQP8;ATP2A1;SLC6A2;SLC6A3;SLC9C2;SLC8A2;SCN5A;SLC39A1;SLC39A4;KCNH2;SLC36A1;KCNH3;KCNH4;KCNH5;TRPC6;KCNK10;SLC6A17;KCNH6;SLC30A3;TRPC3;SLC30A2;ABCC8;TRPC4;KCNK12;SLC6A14;SLC39A10;SLC6A11;HTR3A;HTR3B;CACNB1;SLC9A2;SLC9A3;KCNQ3;SCN4A;RHCG;SCN4B;HCN4;HCN3;SLC1A3;ATP1A2;CACNA1C;LRRC52;CACNA1G;ASIC5;KCNN1;KCNN3;CACNA1S;CACNG1;TRPM6;RHBG;ASIC3;ATP6V1C1;TRPM3;ASIC1;KCNF1;MCOLN3;KCNJ11;SLC12A1;SLC4A11;ATP4A;SLC6A7;SLC6A8;SLC6A9;FXYD2;NOX5;HCN2","BP","Up",0.25,5.51711712338904e-05,71
"Mitotic Spindle Assembly Checkpoint Signaling (GO:0007094)","15/26",1.69878073434528e-07,5.51711712338904e-05,0,0,8.70559569820198,135.70443516715,"PLK1;BUB1B;TTK;HASPIN;NDC80;ZWINT;CDC20;CENPF;NUF2;KNTC1;TRIP13;BUB1;SPC24;MAD2L1;SPC25","BP","Up",0.576923076923077,5.51711712338904e-05,15
"Mitotic Spindle Checkpoint Signaling (GO:0071174)","15/26",1.69878073434528e-07,5.51711712338904e-05,0,0,8.70559569820198,135.70443516715,"PLK1;BUB1B;TTK;HASPIN;NDC80;ZWINT;CDC20;CENPF;NUF2;KNTC1;TRIP13;BUB1;SPC24;MAD2L1;SPC25","BP","Up",0.576923076923077,5.51711712338904e-05,15
"Spindle Assembly Checkpoint Signaling (GO:0071173)","15/26",1.69878073434528e-07,5.51711712338904e-05,0,0,8.70559569820198,135.70443516715,"PLK1;BUB1B;TTK;HASPIN;NDC80;ZWINT;CDC20;CENPF;NUF2;KNTC1;TRIP13;BUB1;SPC24;MAD2L1;SPC25","BP","Up",0.576923076923077,5.51711712338904e-05,15
"Microtubule Cytoskeleton Organization Involved In Mitosis (GO:1902850)","24/59",2.51841302134238e-07,7.59481412579108e-05,0,0,4.38618058499364,66.6456748443487,"GPSM2;STIL;PLK1;CDCA8;TTK;KIF11;WDR62;TUBG1;AURKB;NDC80;CENPE;CCNB1;ESPL1;CENPH;INCENP;KIF4A;NUF2;STMN1;TBCE;CDK1;TACC3;BIRC5;DLGAP5;SPC25","BP","Up",0.406779661016949,7.59481412579108e-05,24
"Mitotic Sister Chromatid Segregation (GO:0000070)","36/111",2.82199018168312e-07,7.94296169804409e-05,0,0,3.0769001490313,46.4016643146872,"CDCA5;NCAPG2;KIF14;CDCA8;NCAPG;KIF11;SMC4;NCAPH;CCNB1;DSN1;KNTC1;SPDL1;MISP;CEP55;DLGAP5;SPAG5;PLK1;KIF23;KIF22;TUBG1;NDC80;ZWINT;SGO1;TPX2;CENPE;KIF18A;KIF18B;PSRC1;ESPL1;KIFC2;KIFC1;CENPI;PRC1;CENPK;KIF2C;NCAPD2","BP","Up",0.324324324324324,7.94296169804409e-05,36
"Sister Chromatid Segregation (GO:0000819)","17/34",4.11184712212255e-07,0.000108501365935009,0,0,6.38660747317795,93.9101024276309,"TOP2A;SPAG5;NCAPG2;PLK1;TUBG1;SMC4;NDC80;ZWINT;SGO1;DSN1;KIF18A;KIF18B;ESPL1;CENPI;KIFC1;CENPK;KNTC1","BP","Up",0.5,0.000108501365935009,17
"Positive Regulation Of Cell Cycle Process (GO:0090068)","37/118",5.02097665151927e-07,0.000122205737850207,0,0,2.92818983724686,42.4718451158689,"GPSM2;FEN1;NCAPG2;KIF14;CDCA8;NCAPG;DBF4B;SMC4;NCAPH;AURKB;AURKA;RACGAP1;ECT2;E2F7;E2F8;PDGFRB;PLK4;STIL;NPM2;EDN3;SPAG5;EGF;DDX11;XRCC3;IGF2;CDC7;KIF23;CDC6;NDC80;CDC25B;SSTR5;INCENP;SASS6;BIRC5;NCAPD2;RHNO1;MAD2L1","BP","Up",0.313559322033898,0.000122205737850207,37
"Regulation Of Cyclin-Dependent Protein Kinase Activity (GO:1904029)","22/53",5.21009777665495e-07,0.000122205737850207,0,0,4.53714818623114,65.6411779010601,"BLM;CDKN2B;CDKN2C;CDKN2A;CCNF;CDC6;CDC25C;PKMYT1;CDC25A;CCNA2;CCNB2;CCNB1;CCNE2;CCNE1;CCNI2;CCNP;CDK5RAP3;CCNO;STOX1;CCNJL;CDK5R1;CDKN3","BP","Up",0.415094339622642,0.000122205737850207,22
"Nervous System Development (GO:0007399)","96/433",6.07256500254369e-07,0.000132738305232811,0,0,1.83936455091554,26.3292427809799,"TRIM71;MESP1;CHRM3;SH3GL3;NRSN2;SLC2A1;MSI1;VLDLR;NR2E1;ROBO1;DMBX1;DPYSL4;ZIC2;MDK;DPF1;DNER;ADORA1;NRCAM;EPHB2;MNX1;SOX4;APC2;EMX1;ACTL6B;APLP1;SPINK5;SOX11;PAX6;POU3F2;DNM3;ADGRF1;PAX8;ADGRB2;NAV3;B3GNT5;TYRO3;DCX;LY6H;PAFAH1B3;NBL1;UNC119B;NLGN1;CHRNA3;PLPPR1;SHC3;DLX5;DLX6;SHOX2;ADAM22;NTN5;CAPG;PRDM12;WDR62;MST1R;EFNA5;GLIS2;UGT8;SCIN;ADAM23;IGF2BP1;SPOCK1;IGF2BP3;NPTX1;IGF2BP2;ECT2;BRINP3;HES5;ARNT2;STIL;LIMK1;FZD9;SEMA4F;ZIC4;ZIC5;PCDHB11;PCDHB10;VAX2;FGF17;SDK1;PCDHB2;ARTN;FGF19;PCDHB16;PCDHB6;CSPG5;PCDHB3;SERPINI1;MELTF;MDGA2;FGF13;PCDHB9;NES;MDGA1;FGF12;SDK2;CBLN1","BP","Up",0.221709006928406,0.000132738305232811,96
"Negative Regulation Of Mitotic Metaphase/Anaphase Transition (GO:0045841)","15/28",6.28793487602139e-07,0.000132738305232811,0,0,7.36542016209299,105.174244336059,"PLK1;BUB1B;TTK;HASPIN;NDC80;ZWINT;CDC20;CENPF;NUF2;KNTC1;TRIP13;BUB1;SPC24;MAD2L1;SPC25","BP","Up",0.535714285714286,0.000132738305232811,15
"Mitotic Cell Cycle Phase Transition (GO:0044772)","35/111",8.72563701717913e-07,0.000175426854697763,0,0,2.95079878467117,41.1690435242402,"TRIM71;BRSK1;BRSK2;CCNF;CAMK2A;USH1C;PKMYT1;FOXM1;AURKA;CCNB2;CCNB1;E2F1;UBE2C;PLK1;CDC7;CDC25C;CDC25A;CDC25B;CCNA2;MELK;CCNE2;CCNE1;UBE2S;CDK3;CDK1;SPDYA;CCNI2;TACC3;BCAT1;PLCB1;CCNP;NES;CCNO;CCNJL;CDKN3","BP","Up",0.315315315315315,0.000175426854697763,35
"Muscle Contraction (GO:0006936)","31/94",1.23440442847122e-06,0.000236893431682068,0,0,3.15056048451363,42.8631294853772,"HCN4;MYLK2;RYR2;OXTR;SMPX;TAFAZZIN;ADRA1D;CLCN1;CKMT2;GJC1;CHRND;PABPN1;GALR2;BDKRB2;MYH13;ANKRD2;CACNA1S;ARHGEF11;CHRNB2;DTNA;TPM2;MYH1;MYH3;SLC6A8;TNNT2;CASQ2;UTS2;SCN4A;ALDOA;MYH4;CRYAB","BP","Up",0.329787234042553,0.000236893431682068,31
"Regulation Of DNA-templated DNA Replication (GO:0090329)","11/17",1.61847643935865e-06,0.000297095979433575,0,0,11.6902916205242,155.878644475262,"CDT1;BLM;MCM7;MCIDAS;GMNN;MCM3;MCM4;MCM5;MCM6;TICRR;MCM2","BP","Up",0.647058823529412,0.000297095979433575,11
"DNA Duplex Unwinding (GO:0032508)","18/41",2.11483144349962e-06,0.000353412841739906,0,0,4.99832652141731,65.3108106547177,"GINS1;GINS2;BLM;RTEL1;MCM7;MCM8;DDX11;GINS3;GINS4;HMGA1;RECQL4;CDC45;RAD51;MCM3;MCM4;MCM5;MCM6;MCM2","BP","Up",0.439024390243902,0.000353412841739906,18
"Striated Muscle Contraction (GO:0006941)","22/57",2.27321180661629e-06,0.000353412841739906,0,0,4.01768505771471,52.2070725779916,"ARHGEF11;KCNH2;CHRNA1;MYLK2;RYR2;DTNA;CCDC78;SMPX;TAFAZZIN;TNNC1;KCNE5;ATP1A2;MYH3;JSRP1;TNNT1;TNNT2;CASQ2;TNNI2;TCAP;TNNI3;SCN5A;SCN4B","BP","Up",0.385964912280702,0.000353412841739906,22
"Positive Regulation Of DNA-directed DNA Polymerase Activity (GO:1900264)","9/12",2.34380851935514e-06,0.000353412841739906,0,0,19.1187753596459,247.85070630082,"GINS1;GINS2;RFC3;PCNA;RFC4;POLG2;DSCC1;GINS3;GINS4","BP","Up",0.75,0.000353412841739906,9
"Regulation Of DNA-directed DNA Polymerase Activity (GO:1900262)","9/12",2.34380851935514e-06,0.000353412841739906,0,0,19.1187753596459,247.85070630082,"GINS1;GINS2;RFC3;PCNA;RFC4;POLG2;DSCC1;GINS3;GINS4","BP","Up",0.75,0.000353412841739906,9
"Regulation Of DNA-templated DNA Replication Initiation (GO:0030174)","9/12",2.34380851935514e-06,0.000353412841739906,0,0,19.1187753596459,247.85070630082,"MCIDAS;MCM7;GMNN;MCM3;MCM4;MCM5;MCM6;MCM2;TICRR","BP","Up",0.75,0.000353412841739906,9
"Mitotic DNA Replication (GO:1902969)","8/10",4.0375211466731e-06,0.000574103763646891,0,0,25.4837758112094,316.505428140606,"GINS1;LIG1;GINS3;MCM3;MCM4;MCM6;TK1;MCM2","BP","Up",0.8,0.000574103763646891,8
"Mitotic Spindle Organization (GO:0007052)","28/85",4.07937302449236e-06,0.000574103763646891,0,0,3.14280128255259,39.000803874956,"GPSM2;CDCA8;TTK;KIF11;WDR62;AURKB;AURKA;CCNB1;NUF2;STMN1;MISP;DLGAP5;STIL;PLK1;KIF23;TUBG1;NDC80;CENPE;TPX2;KIFC2;CENPH;INCENP;KIFC1;PRC1;KIF4A;TBCE;BIRC5;SPC25","BP","Up",0.329411764705882,0.000574103763646891,28
"Cell Cycle G2/M Phase Transition (GO:0044839)","17/40",6.94167550929494e-06,0.000945411419362685,0,0,4.71889526934646,56.0508841012647,"BRSK1;BRSK2;PLK1;USH1C;FOXM1;PKMYT1;CDC25C;AURKB;CDC25A;AURKA;CDC25B;CCNA2;CCNB1;MELK;CDK1;PLCB1;NES","BP","Up",0.425,0.000945411419362685,17
"Mitotic Nuclear Division (GO:0140014)","18/45",1.04412422372902e-05,0.00137759139768247,0,0,4.25684678016284,48.8249555621478,"SPAG5;UBE2C;NCAPG2;PLK1;TUBG1;SMC4;NDC80;ZWINT;SGO1;DSN1;KIF18A;KIF18B;ESPL1;CENPI;KIFC1;UBE2S;CENPK;KNTC1","BP","Up",0.4,0.00137759139768247,18
"Sodium Ion Transport (GO:0006814)","28/89",1.10020015964414e-05,0.00140758941636895,0,0,2.93603390738801,33.5219714169034,"HCN4;HCN3;WNK4;ATP1A2;SLC5A2;SLC6A2;SLC6A3;SLC5A4;SLC8A2;SLC5A5;ASIC5;SCN5A;ASIC3;SCN1A;ASIC1;SLC34A3;SLC6A17;SLC6A14;SLC12A1;SLC4A11;SLC6A11;SLC6A7;SLC6A8;SLC6A9;SCN4A;FGF13;SCN4B;HCN2","BP","Up",0.314606741573034,0.00140758941636895,28
"Embryonic Skeletal System Morphogenesis (GO:0048704)","14/30",1.21821658568403e-05,0.00151273836022293,0,0,5.58240946045824,63.1679635384329,"TFAP2A;OSR2;IRX5;SIX1;SOX11;HOXA9;COL2A1;HOXB9;HOXA3;HOXC4;HOXD4;HOXD3;HOXC9;HOXD9","BP","Up",0.466666666666667,0.00151273836022293,14
"G2/M Transition Of Mitotic Cell Cycle (GO:0000086)","16/38",1.48986961012887e-05,0.00179720842684688,0,0,4.6417428725121,51.5894297228516,"BRSK1;BRSK2;PLK1;USH1C;FOXM1;PKMYT1;CDC25C;CDC25A;AURKA;CDC25B;CCNA2;CCNB1;MELK;CDK1;PLCB1;NES","BP","Up",0.421052631578947,0.00179720842684688,16
"Sodium Ion Transmembrane Transport (GO:0035725)","26/82",1.9194315402482e-05,0.00225106665636886,0,0,2.96839537596776,32.2394346394337,"HCN4;HCN3;ATP1A2;SLC5A2;SLC6A2;SLC6A3;SLC9C2;SLC8A2;ASIC5;SCN5A;ASIC3;ASIC1;SLC6A17;SLC6A14;SLC12A1;SLC6A11;SLC9A2;SLC9A3;ATP4A;SLC6A7;SLC6A8;SLC6A9;FXYD2;SCN4A;SCN4B;HCN2","BP","Up",0.317073170731707,0.00225106665636886,26
"DNA Replication Initiation (GO:0006270)","11/21",2.72514151661603e-05,0.00310960742787916,0,0,7.0125507567368,73.7047492761868,"PRIM2;POLA2;CDC45;ORC6;MCM7;ORC1;PRIM1;MCM3;MCM10;MCM5;MCM2","BP","Up",0.523809523809524,0.00310960742787916,11
"Skeletal System Development (GO:0001501)","39/149",3.17119113051364e-05,0.00345813973024101,0,0,2.27062493642128,23.5209909092976,"PKDCC;DLX5;DLX6;SHOX2;IHH;STC1;HOXA13;PHEX;PTHLH;HOXA11;COMP;EXTL1;TCOF1;BGLAP;FRZB;SH3PXD2B;COL10A1;SOX9;PITX1;NKX3-2;HES5;GDF10;BMP8B;SULF1;BMP7;TBX4;RFLNA;COL1A1;MMP14;SNORC;COL1A2;COL2A1;CDH11;CHI3L1;COL9A2;HOXD3;NOTUM;INHA;MATN3","BP","Up",0.261744966442953,0.00345813973024101,39
"Interstrand Cross-Link Repair (GO:0036297)","15/36",3.19439719278539e-05,0.00345813973024101,0,0,4.55743332453129,47.1763944149161,"FANCI;CENPX;POLN;MCM8;XRCC3;FANCA;FAAP24;FANCB;FANCE;FANCG;RAD51AP1;NEIL3;RAD51;FANCD2;HROB","BP","Up",0.416666666666667,0.00345813973024101,15
"Positive Regulation Of Mitotic Sister Chromatid Separation (GO:1901970)","9/15",3.61696064362357e-05,0.00381770195934467,0,0,9.55772777572851,97.7496670173836,"CDC20;ESPL1;UBE2C;INCENP;NSMCE2;CDCA8;BIRC5;AURKB;DLGAP5","BP","Up",0.6,0.00381770195934467,9
"Sinoatrial Node Development (GO:0003163)","6/7",3.89510742886955e-05,0.00401101062553347,0,0,38.1997052321297,387.849407785107,"HCN4;MESP1;GJB6;SHOX2;TBX18;CACNA1G","BP","Up",0.857142857142857,0.00401101062553347,6
"Regulation Of Dendrite Development (GO:0050773)","16/41",4.61444929698051e-05,0.00463862022186946,0,0,4.08402366863905,40.7738016000181,"CHRNB2;CHRNA3;ZNF296;BCL11A;DCC;SEZ6;VLDLR;LRP8;BMP7;RAP2A;HECW1;CSMD3;KIAA0319;LZTS1;DBN1;PACSIN1","BP","Up",0.390243902439024,0.00463862022186946,16
"Anterior/Posterior Pattern Specification (GO:0009952)","20/59",5.94113061826752e-05,0.00583336127216871,0,0,3.27464387464387,31.8656447174251,"HES6;CDX2;CDX1;HOXA9;TIFAB;HOXB9;HEY1;WT1;SIX2;HOXA3;HOXC4;HOXD4;HOXD3;HOXC9;HOXB7;HES2;HOXD9;HES5;HES4;HOXC6","BP","Up",0.338983050847458,0.00583336127216871,20
"DNA Replication (GO:0006260)","23/73",6.36194052148166e-05,0.00610457110947626,0,0,2.93874675565443,28.3959109520896,"WDHD1;FEN1;RFC3;BLM;RFC4;MCM7;MCM8;TICRR;RECQL4;FAM111B;POLA2;POLG2;POLD1;POLE2;CHEK1;PCLAF;CDK1;MCM4;MCM5;NT5M;DNA2;MCM6;MCM2","BP","Up",0.315068493150685,0.00610457110947626,23
"Calcium-Dependent Cell-Cell Adhesion Via Plasma Membrane Cell Adhesion Molecules (GO:0016339)","15/38",6.79290826933097e-05,0.00631166626991981,0,0,4.1606525757454,39.9299754016406,"NLGN1;PCDHB11;CDH9;PCDHB10;CDH8;PCDHB2;CDH22;CDH11;PCDHB16;CDH12;PCDHB6;CDH13;PCDHB3;CDH17;PCDHB9","BP","Up",0.394736842105263,0.00631166626991981,15
"Mitotic Spindle Elongation (GO:0000022)","7/10",7.02625093998653e-05,0.00631166626991981,0,0,14.8591964614818,142.10254037282,"RACGAP1;INCENP;PRC1;KIF4A;BIRC5;CDCA8;KIF23","BP","Up",0.7,0.00631166626991981,7
"Mitotic Spindle Midzone Assembly (GO:0051256)","7/10",7.02625093998653e-05,0.00631166626991981,0,0,14.8591964614818,142.10254037282,"RACGAP1;INCENP;PRC1;KIF4A;BIRC5;CDCA8;KIF23","BP","Up",0.7,0.00631166626991981,7
"Modulation Of Chemical Synaptic Transmission (GO:0050804)","33/123",7.39448481531602e-05,0.00650406560213838,0,0,2.34573874209155,22.3131150396801,"GRIA2;NLGN1;MCTP1;PLPPR4;CAMK2A;GRIK4;ATP1A2;GRIK2;CPLX2;CPLX1;LRP8;SLC8A2;BEGAIN;RIMS2;GRM2;RIMS3;GRM4;GRM7;TMEM108;NPTX1;NPTX2;CHRNB2;CHRNB4;SLC38A1;FER1L5;UNC13A;MAPK8IP2;SYN3;SNCAIP;GRIN3B;SLC6A9;DGKI;CNTNAP4","BP","Up",0.268292682926829,0.00650406560213838,33
"Positive Regulation Of Chromosome Separation (GO:1905820)","8/13",7.87040896131086e-05,0.00678140135401111,0,0,10.1917404129794,96.3100659079366,"INCENP;NCAPG2;CDCA8;NCAPG;BIRC5;NCAPD2;SMC4;NCAPH","BP","Up",0.615384615384615,0.00678140135401111,8
"Regulation Of Cyclin-Dependent Protein Serine/Threonine Kinase Activity (GO:0000079)","24/79",8.53399061052876e-05,0.00720610167153049,0,0,2.78796870785001,26.1201118726537,"BLM;CDKN2B;CDKN2C;CDKN2A;CCNF;PLK1;CDC6;CDC25C;PKMYT1;CDC25A;CCNA2;CCNB2;CCNB1;PSRC1;CCNE2;CCNE1;CCNI2;SPDYA;CCNP;CDK5RAP3;CCNO;CCNJL;CDK5R1;CDKN3","BP","Up",0.30379746835443,0.00720610167153049,24
"Skeletal System Morphogenesis (GO:0048705)","16/43",9.07839313826652e-05,0.00735290868649572,0,0,3.7810650887574,35.1904796156975,"TFAP2A;OSR2;SIX1;SOX11;TBX4;RFLNA;SFRP4;HOXA9;HOXB9;HOXA3;HOXC4;HOXD4;HOXD3;HOXC9;HOXD9;IFITM5","BP","Up",0.372093023255814,0.00735290868649572,16
"Sensory Perception Of Mechanical Stimulus (GO:0050954)","26/89",9.15983278741512e-05,0.00735290868649572,0,0,2.63750132569732,24.5237445911137,"CLIC5;CEMIP;COL11A1;USH1C;LOXHD1;GRM7;PIEZO2;PDZD7;CHRNB2;TFAP2A;EYA1;WHRN;SLC52A3;MYO7B;DCDC2;LHFPL4;LHFPL3;TSPEAR;COL1A1;TMIE;COL2A1;USH1G;MYO1A;BIRC5;SNAI2;ROR1","BP","Up",0.292134831460674,0.00735290868649572,26
"Generation Of Neurons (GO:0048699)","42/172",9.23032118390035e-05,0.00735290868649572,0,0,2.0689952318033,19.2218587215991,"BRSK1;BRSK2;SEMA3A;SIX1;LRP4;FZD10;WNT6;RACGAP1;SIX4;DNER;TRIM46;SPOCK1;NRCAM;KIAA0319;WNT4;EMX1;FZD2;MYEF2;IRX5;WNT3A;DCC;IRX6;IRX3;EN2;DCDC2;ACSL4;SOX11;POU3F2;VAX2;LHX3;ARTN;SNPH;MAP1B;IL1RAPL1;DCX;LMX1B;LHX4;MAPT;FGF13;MDGA1;LRP12;CDK5R1","BP","Up",0.244186046511628,0.00735290868649572,42
"Glutamate Receptor Signaling Pathway (GO:0007215)","14/35",9.9807416624995e-05,0.00766158023619507,0,0,4.2520325203252,39.1708633878238,"GRIA2;GRIK4;GRIK2;GRIN2C;GRIN1;GRIN2D;GRM2;GRIN2A;GRIN3B;GRM4;GRM7;HOMER3;PLCB1;CDK5R1","BP","Up",0.4,0.00766158023619507,14
"Regulation Of Postsynaptic Membrane Potential (GO:0060078)","14/35",9.9807416624995e-05,0.00766158023619507,0,0,4.2520325203252,39.1708633878238,"GABRA2;CHRNA3;GABRA3;INSYN1;FOXM1;GRIN2C;MAPK8IP2;GABRG3;GABRG2;GRIN1;GRIN2D;GRIN2A;GABRE;DRD4","BP","Up",0.4,0.00766158023619507,14
"Embryonic Organ Morphogenesis (GO:0048562)","16/44",0.000124774021418072,0.00940706997191251,0,0,3.6458157227388,32.7722604471521,"MESP1;RYR2;OSR2;PPP1R35;SIX1;SOX11;HOXA9;HOXB9;SIX2;MFAP2;HOXA3;HOXC4;HOXD4;HOXD3;HOXC9;HOXD9","BP","Up",0.363636363636364,0.00940706997191251,16
"Regulation Of Microtubule Depolymerization (GO:0031114)","11/24",0.000130175968545766,0.0096421568280741,0,0,5.39333276542579,48.2521172234976,"APC2;TPX2;SPEF1;NAV3;MAP1B;MAP1A;CKAP2;STMN2;ARHGEF2;FGF13;TRIM54","BP","Up",0.458333333333333,0.0096421568280741,11
"Potassium Ion Transmembrane Transport (GO:0071805)","35/137",0.000133029103206527,0.00968360127134409,0,0,2.19531164421076,19.5930304852129,"KCNG1;HCN4;KCNG2;HCN3;KCNC1;KCNK9;KCNC2;KCNE5;SLC1A3;ATP1A2;SLC9C2;LRRC52;KCNN1;KCNN3;KCNH2;KCNJ4;KCNH3;KCNF1;KCNJ5;KCNH4;KCNJ6;KCNH5;SLC12A5;KCNH6;KCNK10;KCNJ11;ABCC8;KCNK12;SLC12A1;SLC9A2;SLC9A3;ATP4A;FXYD2;KCNQ3;HCN2","BP","Up",0.255474452554745,0.00968360127134409,35
"Regulation Of Chromosome Segregation (GO:0051983)","12/28",0.000142795689908561,0.0102183627592194,0,0,4.78138847858198,42.3348711262973,"RMI2;CDCA2;IHO1;NCAPG2;NCAPG;KIF2C;NCAPD2;CDC6;MKI67;SMC4;BUB1;NCAPH","BP","Up",0.428571428571429,0.0102183627592194,12
"Central Nervous System Development (GO:0007417)","61/283",0.000148459133790205,0.0104465743810374,0,0,1.76273339906285,15.53884892412,"SH3GL3;MAST1;SLC2A1;SMG9;MSI1;AFF2;DMBX1;ZIC2;DNER;NRCAM;SOX9;CDK5RAP3;MNX1;SOX4;EMX1;VCX3A;SLC6A17;APLP1;SPINK5;SOX11;PAX6;SOX12;PAX8;COL4A1;B3GNT5;DCX;PAFAH1B3;DLX2;SHC3;ABCB6;MYRF;ADAM22;CAPG;VCX;GLIS2;UGT8;GRIN2A;ADGRG1;SCIN;ADAM23;NNAT;SPOCK1;APOD;NPTX1;BRINP3;HES5;ARNT2;CNTN5;SCTR;FOXJ1;ZIC4;ZIC5;GRIN2C;VAX2;GRIN2D;GRIN1;SERPINI1;MELTF;NES;MDGA1;CDK5R1","BP","Up",0.215547703180212,0.0104465743810374,61
"Sensory Perception Of Sound (GO:0007605)","26/92",0.000166775403475229,0.0115430451388921,0,0,2.51717621650806,21.8965698965945,"CLIC5;CEMIP;COL11A1;USH1C;LOXHD1;GRM7;PDZD7;CHRNB2;TMC1;TFAP2A;EYA1;WHRN;SLC52A3;MYO7B;DCDC2;LHFPL4;LHFPL3;TSPEAR;COL1A1;TMIE;COL2A1;USH1G;MYO1A;BIRC5;SNAI2;ROR1","BP","Up",0.282608695652174,0.0115430451388921,26
"Inorganic Cation Import Across Plasma Membrane (GO:0098659)","28/103",0.000197472476930886,0.0134472386710032,0,0,2.38603268945022,20.352647296894,"HCN4;KCNK9;AQP8;ATP1A2;CACNA1C;NALF2;SLC5A2;CACNA1E;SLC9C2;SLC8A2;CACNA1G;CACNA1I;CACNA1S;SCN5A;SCN1A;KCNH2;KCNJ4;KCNJ5;KCNJ6;SLC12A5;KCNJ11;SLC12A1;SLC9A2;SLC9A3;ATP4A;FXYD2;SCN4A;HCN2","BP","Up",0.271844660194175,0.0134472386710032,28
"Protein Localization To Chromosome, Centromeric Region (GO:0071459)","9/18",0.000238786087656523,0.0160024581283467,0,0,6.37071191442272,53.1313706524215,"MTBP;H2AC8;H4C9;H2BC11;CDK1;TTK;SPDL1;HASPIN;CENPA","BP","Up",0.5,0.0160024581283467,9
"DNA Metabolic Process (GO:0006259)","61/288",0.00024517771279021,0.0160289127750962,0,0,1.72340136482696,14.3275442126873,"TOP2A;FEN1;MCM7;MCM8;NUDT1;HMGB2;MCM10;EXO1;CHEK1;PCLAF;KPNA2;ZNF365;WDHD1;RMI2;RFC3;RFC4;LIG1;KMT5C;CHD1L;AXIN2;NEIL3;MSH2;DMC1;MCM3;MCM4;MCM5;DNA2;DNASE1;MCM6;DNASE1L2;MCM2;PRIM2;RTEL1;BLM;PRIM1;TYMS;RECQL4;RAD51AP1;ORC6;CDC45;TERT;ORC1;POLD1;NT5M;MUTYH;BARD1;POLQ;XRCC2;TREX2;XRCC3;FANCA;LTO1;GTF2H4;FANCG;TICRR;FAM111B;POLA2;RAD51;UBE2T;POLE2;CDK1","BP","Up",0.211805555555556,0.0160289127750962,61
"Regulation Of SA Node Cell Action Potential (GO:0098907)","5/6",0.000246773882136725,0.0160289127750962,0,0,31.8213627992634,264.341273089735,"HCN4;HCN3;RYR2;HCN2;TBX18","BP","Up",0.833333333333333,0.0160289127750962,5
"Synapse Organization (GO:0050808)","33/131",0.000270004950594152,0.0172721348698259,0,0,2.15324730562117,17.6933844051967,"CHRNA1;NLGN1;CTNND2;LRP4;ARHGAP39;SLC8A2;DNER;HMCN2;SNCG;NRCAM;PAK3;PPFIA4;UNC13A;PCDHB11;DKK1;PCDHB10;CACNB1;DNM3;SDK1;CACNB3;LRFN5;CACNB4;ADGRF1;PCDHB2;PTK7;DOK7;PCDHB16;PCDHB6;PCDHB3;MAPT;PCDHB9;SDK2;CBLN1","BP","Up",0.251908396946565,0.0172721348698259,33
"Embryonic Skeletal System Development (GO:0048706)","13/34",0.000300015160885978,0.0186274119008912,0,0,3.94685735395008,32.0156341843732,"OSR2;SIX1;SOX11;SULF1;COL1A1;HOXA9;HOXB9;HOXA3;HOXC4;HOXD4;HOXD3;HOXC9;HOXD9","BP","Up",0.382352941176471,0.0186274119008912,13
"Regulation Of Neuronal Synaptic Plasticity (GO:0048168)","13/34",0.000300015160885978,0.0186274119008912,0,0,3.94685735395008,32.0156341843732,"MCTP1;CAMK2A;GRIK2;SYP;GRIN2C;SLC8A2;GRIN1;GRIN2D;SHISA6;GRIN2A;SYNGR1;EPHB2;DBN1","BP","Up",0.382352941176471,0.0186274119008912,13
"Negative Regulation Of Axon Extension (GO:0030517)","12/30",0.000312163557351971,0.0191007904223192,0,0,4.24963072378139,34.3029481707604,"SEMA5B;SEMA6C;SEMA7A;MAP2;SEMA3A;SEMA3B;SEMA3G;TRIM46;SEMA4F;SEMA3F;KIAA0319;MT3","BP","Up",0.4,0.0191007904223192,12
"Potassium Ion Transport (GO:0006813)","31/122",0.000346410602293564,0.0208935080411918,0,0,2.17761004335939,17.350948087243,"KCNG1;HCN4;KCNG2;HCN3;KCNC1;KCNK9;KCNC2;SLC1A3;ATP1A2;SLC9C2;LRRC52;KCNMB3;KCNN1;KCNN3;KCNH2;KCNJ4;KCNH3;KCNF1;KCNJ5;KCNH4;KCNJ6;KCNH5;KCNH6;KCNK10;KCNJ11;ABCC8;KCNK12;SLC9A2;SLC9A3;KCNQ3;HCN2","BP","Up",0.254098360655738,0.0208935080411918,31
"Ionotropic Glutamate Receptor Signaling Pathway (GO:0035235)","7/12",0.000360885670764734,0.0214599901685733,0,0,8.91448580906745,70.6646775011341,"GRIA2;GRIN2A;GRIN3B;GRIN2C;CDK5R1;GRIN1;GRIN2D","BP","Up",0.583333333333333,0.0214599901685733,7
"Odontogenesis (GO:0042476)","14/39",0.00038162426864082,0.0223780230861325,0,0,3.57087952697709,28.1066570852846,"OSR2;ODAM;SSUH2;AQP6;AQP5;AXIN2;TSPEAR;BMP4;COL1A1;WNT6;COL1A2;MSX1;SCN5A;PITX2","BP","Up",0.358974358974359,0.0223780230861325,14
"Negative Regulation Of Microtubule Polymerization Or Depolymerization (GO:0031111)","12/31",0.000446711203339817,0.0258358178150782,0,0,4.02573272176009,31.0528848762815,"APC2;TPX2;SPEF1;NAV3;MAP2;STMN1;STMN2;CKAP2;ARHGEF2;FGF13;TUBB4A;TRIM54","BP","Up",0.387096774193548,0.0258358178150782,12
"Extracellular Matrix Disassembly (GO:0022617)","15/44",0.000453688017288714,0.0258847406620669,0,0,3.29868060424501,25.3935757415233,"MMP7;MMP1;MMP3;KLK4;CAPG;CTSV;LAMC1;MMP9;MMP10;MMP12;MMP11;MMP14;ADAM15;SH3PXD2B;PRSS2","BP","Up",0.340909090909091,0.0258847406620669,15
"Adenylate Cyclase-Modulating G Protein-Coupled Receptor Signaling Pathway (GO:0007188)","38/163",0.000520481289310392,0.029299626712913,0,0,1.94448918717375,14.7018094907203,"GLP1R;GNAZ;PTGFR;CALCA;CALCB;GIPR;ADRA1D;ADCY8;MCHR1;ADCY6;PTHLH;CRHR2;RIMS2;GHRHR;ADGRG1;ADGRG2;CALCR;GALR3;GALR2;CNR1;ADGRG5;GNAT1;CCR3;GABBR2;PSAPL1;HTR1D;AVPR2;SCTR;PTH2R;GPR37L1;GNAL;ADGRF1;ADGRB2;ADGRF4;ADM2;UTS2;ADGRL1;RAMP1","BP","Up",0.233128834355828,0.029299626712913,38
"Negative Regulation Of Microtubule Depolymerization (GO:0007026)","9/20",0.000638336078754574,0.0354612490066028,0,0,5.21179705576607,38.3413441082653,"APC2;TPX2;SPEF1;NAV3;CKAP2;STMN2;ARHGEF2;FGF13;TRIM54","BP","Up",0.45,0.0354612490066028,9
"Heart Contraction (GO:0060047)","14/41",0.000684214541240914,0.0375162830275213,0,0,3.3059866962306,24.0915152944801,"KCNH2;MYLK2;RYR2;TAFAZZIN;KCNE5;TNNC1;ATP1A2;ACTC1;TNNT2;CASQ2;TCAP;TNNI3;SCN5A;SCN4B","BP","Up",0.341463414634146,0.0375162830275213,14
"Cell Junction Assembly (GO:0034329)","25/95",0.000716841849141895,0.0388013626548344,0,0,2.2806785051683,16.5136069396107,"NLGN1;CTNND2;CDH9;CDH8;GJC1;DNER;CDH22;NRCAM;PCDHB11;PCDHB10;DNM3;SDK1;ADGRF1;PCDHB2;CDH11;PCDHB16;CDH12;PCDHB6;CDH13;PKP1;ITGA6;PCDHB3;CDH17;PCDHB9;SDK2","BP","Up",0.263157894736842,0.0388013626548344,25
"Double-Strand Break Repair Via Homologous Recombination (GO:0000724)","28/111",0.00074015180805561,0.0395559611849467,0,0,2.15505111083263,15.5350204971925,"BLM;FEN1;MCM7;AP5Z1;MCM8;MCMDC2;TONSL;BRCA2;RAD54B;RAD51AP1;RECQL4;CDC45;GINS2;RMI2;POLN;XRCC2;NSMCE2;XRCC3;GINS4;CDC7;FANCB;MMS22L;RAD51;MCM3;MCM4;MCM5;MCM6;MCM2","BP","Up",0.252252252252252,0.0395559611849467,28
"Positive Regulation Of Meiotic Nuclear Division (GO:0045836)","5/7",0.000766335304594858,0.0403565497516064,0,0,15.9097605893186,114.134884319163,"RAD51AP1;PRDM7;STRA8;NPM2;PRDM9","BP","Up",0.714285714285714,0.0403565497516064,5
"Cellular Component Disassembly (GO:0022411)","15/46",0.000774249296513529,0.0403565497516064,0,0,3.08550474032556,22.1033731244002,"MMP7;MMP1;MMP3;KLK4;CAPG;CTSV;LAMC1;MMP9;MMP10;MMP12;MMP11;MMP14;ADAM15;SH3PXD2B;PRSS2","BP","Up",0.326086956521739,0.0403565497516064,15
"Kinetochore Organization (GO:0051383)","6/10",0.000808042431645918,0.0416043310537691,0,0,9.54826823876198,67.9922249785543,"CENPE;CENPF;CENPW;CENPH;NUF2;DLGAP5","BP","Up",0.6,0.0416043310537691,6
"Metaphase Plate Congression (GO:0051310)","16/51",0.000843591828851576,0.0421863797756539,0,0,2.91546914623838,20.6352293765985,"CDCA5;KIF14;CDCA8;KIF22;NDC80;CENPE;CCNB1;CENPF;KIF18A;PSRC1;INCENP;KIFC1;KIF2C;SPDL1;FAM83D;CEP55","BP","Up",0.313725490196078,0.0421863797756539,16
"Regulation Of Protein Serine/Threonine Kinase Activity (GO:0071900)","28/112",0.000860939774938621,0.0421863797756539,0,0,2.12927191679049,15.0273067510109,"BLM;SRC;CCNF;THY1;PKMYT1;SLC8A2;PYCARD;CCNB2;CCNB1;CDK5RAP3;CDKN2B;CDKN2C;CDKN2A;HMGA2;CDC6;CDC25C;IRGM;CDC25A;CCNA2;CCNE2;CCNE1;CCNI2;CCNP;CCNO;CCNJL;EZH2;CDK5R1;CDKN3","BP","Up",0.25,0.0421863797756539,28
"Cardiac Muscle Contraction (GO:0060048)","12/33",0.000864420378080835,0.0421863797756539,0,0,3.64190757543786,25.6880179365306,"KCNH2;MYLK2;RYR2;TAFAZZIN;KCNE5;TNNC1;TNNT2;CASQ2;TCAP;TNNI3;SCN5A;SCN4B","BP","Up",0.363636363636364,0.0421863797756539,12
"Regulation Of Mitotic Nuclear Division (GO:0007088)","17/56",0.000893410784882454,0.0421863797756539,0,0,2.7803580067731,19.5194035088353,"PDGFRB;L3MBTL1;CUL7;CDCA2;EDN3;EGF;IGF2;MKI67;CDC25C;FBXO43;PKMYT1;BMP7;AURKA;BMP4;CCNB1;CHEK1;NEK2","BP","Up",0.303571428571429,0.0421863797756539,17
"Microtubule Depolymerization (GO:0007019)","8/17",0.000894841861343329,0.0421863797756539,0,0,5.66076696165192,39.7321508725834,"KIF18A;KIF18B;STMN1;KIF14;STMN2;KIF24;STMND1;KIF2C","BP","Up",0.470588235294118,0.0421863797756539,8
"Regulation Of Mitotic Cell Cycle Spindle Assembly Checkpoint (GO:0090266)","8/17",0.000894841861343329,0.0421863797756539,0,0,5.66076696165192,39.7321508725834,"CCNB1;INCENP;XRCC3;CDCA8;BIRC5;AURKB;NDC80;MAD2L1","BP","Up",0.470588235294118,0.0421863797756539,8
"Collagen Fibril Organization (GO:0030199)","14/42",0.000899283320655815,0.0421863797756539,0,0,3.18773096821877,22.3584658367677,"COLGALT2;COL11A1;LOXL4;PLOD3;SCX;P3H4;LOXL2;COL1A1;COL1A2;COL2A1;LOX;COL5A3;SERPINH1;TLL2","BP","Up",0.333333333333333,0.0421863797756539,14
"Monoatomic Cation Transport (GO:0006812)","14/42",0.000899283320655815,0.0421863797756539,0,0,3.18773096821877,22.3584658367677,"HCN4;TRPC6;TMEM63C;ATP1A2;GRIN2C;GRIN1;GRIN2D;GRIN2A;PIEZO2;CNGB3;SLC29A4;SLC39A1;TRPM6;TRPM3","BP","Up",0.333333333333333,0.0421863797756539,14
"Cardiac Muscle Cell Action Potential (GO:0086001)","11/29",0.00094033619813593,0.0436274662475813,0,0,3.89405684754522,27.1387455948396,"HCN4;KCNH2;ATP1A2;CACNA1C;SCN5A;SLC4A3;FGF12;SCN4B;HCN2;CACNA1G;SCN1A","BP","Up",0.379310344827586,0.0436274662475813,11
"Cardiac Conduction System Development (GO:0003161)","10/25",0.000987682715374875,0.0453260480903557,0,0,4.24723247232472,29.3914817588136,"HCN4;HEY1;GJA5;GJB6;SHOX2;MSX1;SCN5A;MSC;TBX18;CACNA1G","BP","Up",0.4,0.0453260480903557,10
"Regulation Of Cell Cycle Process (GO:0010564)","31/130",0.00109776037237125,0.0498359601306602,0,0,2.00070996314953,13.6338044315783,"L3MBTL1;CUL7;CDCA2;SMARCD3;KIF11;DBF4B;MKI67;FBXO43;PKMYT1;AURKB;AURKA;RACGAP1;CHEK1;DPF1;CEP250;NEK2;SOX9;ECT2;BUB1;RAB11FIP4;CDKN2B;ACTL6B;SPAG5;PLK1;HMGA2;CDC25C;MYO19;PRC1;KIF2C;KIF20A;MCM2","BP","Up",0.238461538461538,0.0498359601306602,31
"CMG Complex (GO:0071162)","10/10",2.13348922303845e-09,7.89391012524226e-07,0,0,172800,3450039.62076622,"GINS1;GINS2;MCM7;GINS3;GINS4;MCM3;MCM4;MCM5;MCM6;MCM2","CC","Up",1,7.89391012524226e-07,10
"Neuron Projection (GO:0043005)","118/557",4.15139463640057e-07,7.68008007734105e-05,0,0,1.73971485050049,25.5645031177305,"CHRM3;STMN2;HTR4;SLC8A2;ARHGAP44;SCGN;TMEM266;STMN1;ADORA1;HMCN2;HOMER3;NRCAM;BSN;EPHB2;VSTM5;CMKLR2;CHRNB2;CHRNB4;UNC13A;EPHA6;SLC30A3;GABRG3;GABRG2;RGS9BP;MAP1B;MAP1A;STX1A;CHRNA1;GRIA2;TPH1;CHRNA3;EPHA10;CHRNA5;SLC1A3;MCHR1;CRHR2;CALCR;MAP2;KCNN1;APOD;NPTX1;KCNN3;MAGEC2;BRINP3;DRD4;SYT5;NMB;SYT2;CNTN5;HTR1D;SYT8;ZWINT;PTK7;FGF13;CNIH4;CD200;SNAP25;PCSK1;NRSN2;KCNC1;KCNC2;PTGDR2;RASGRF1;MAST1;SLC6A2;SLC6A3;ROBO1;GABRR3;CALB2;GABRR2;GRM2;CALB1;GRM7;DNER;TMEM108;NEFL;KIF1A;INSRR;HTR3A;HTR3B;SYP;CCSAP;SSTR3;SSTR5;IL1RAPL1;DCX;CDH13;TNFRSF25;MAPT;DBN1;HCN4;HCN3;NLGN1;PLPPR1;PRKAA2;GRP;SEMA3A;CAMK2A;ADAM22;LRP4;STMND1;ADCY8;CHRND;CTNNA2;GABRE;GABRD;GABRA2;GABRQ;SLC12A5;GABRA3;LIMK1;SEPTIN3;GRIN1;KISS1;USH1G;ADGRL1;HCN2;CDK5R1","CC","Up",0.211849192100539,7.68008007734105e-05,118
"Microtubule Cytoskeleton (GO:0015630)","77/342",4.20614077278011e-06,0.000452800723509883,0,0,1.87059445027449,23.1560232510821,"SPEF1;MAST2;KIF14;BUB1B;KIF11;KIF15;CDC20;PYCARD;RUSC1;KIF5A;KIF21B;SOX9;KIF1A;TEKT5;GTSE1;CDK5RAP3;APC2;CCT3;GAS2L3;CKAP2L;CKAP2;KIF24;KIF23;KIF22;HASPIN;KIF7;TUBG1;GABRG3;CCSAP;TUBA4B;DNM3;ANKFN1;PSRC1;KIFC2;INCENP;KIFC1;MAP1B;MAP1A;MAP7D2;BIRC5;KIF2C;KIF20A;ARHGEF2;MAPT;EFHC2;TRIM54;CDCA8;ARL2;TTK;HMMR;NDRG1;SKA1;AURKB;AURKA;TUBA3E;CCNB2;TUBA3D;TUBA3C;RACGAP1;CLTCL1;FAM83D;HOXC8;SAC3D1;PLK1;TUBB8B;DCDC2;SEPTIN3;FHDC1;TUBB4A;TPX2;CENPE;CENPF;KIF18A;TTLL3;PRC1;TBCE;FGF13","CC","Up",0.225146198830409,0.000452800723509883,77
"Nuclear Chromosome (GO:0000228)","30/95",4.97385779851291e-06,0.000452800723509883,0,0,2.95367457820989,36.0682500970431,"TOP2A;BLM;IHO1;MCM7;NCAPG2;NCAPG;SMC4;NCAPH;PSMC3IP;CDC45;FIGNL1;CHEK1;SHOC1;GINS1;H2AZ1;GINS2;GINS3;GINS4;HMGA2;P3H4;TUBG1;RAD51;DMC1;MCM3;BIRC5;MCM4;MCM5;NCAPD2;MCM6;MCM2","CC","Up",0.315789473684211,0.000452800723509883,30
"Condensed Chromosome (GO:0000793)","22/60",6.1189286960795e-06,0.000452800723509883,0,0,3.69985564355663,44.4135241751879,"L3MBTL1;IHO1;SYCP2L;NCAPG2;NSMCE2;HMGB2;NCAPG;P3H4;MKI67;TUBG1;SMC4;CENPA;NCAPH;SGO1;PSMC3IP;CENPE;RAD51;FANCD2;CHEK1;DMC1;NCAPD2;SHOC1","CC","Up",0.366666666666667,0.000452800723509883,22
"Postsynaptic Density (GO:0014069)","41/151",7.72845782118453e-06,0.000476588232306379,0,0,2.38884929926363,28.1181924785472,"GRIA2;RPL30;CHRNA3;NLGN1;DAGLA;CTNND2;PLPPR4;GRIK4;LRP4;CACNA1C;GRIK2;RPL8;FOXM1;ADCY8;SLC8A2;ARHGAP44;GRIN2A;CACNG8;SYNDIG1;TMEM108;SPOCK1;HOMER3;SH2D5;CACNG4;INSYN1;SCRIB;NETO2;MAPK8IP2;GRIN2C;SHISA6;GRIN2D;GRIN1;DNM3;GRIN3B;GAP43;FABP5;DNAJC6;DLG5;ADGRL1;CNIH4;CDK5R1","CC","Up",0.271523178807947,0.000476588232306379,41
"Spindle (GO:0005819)","52/210",9.53824993333956e-06,0.000504164639333663,0,0,2.11210217675972,24.4163247126431,"BUB1B;KIF11;CDC20;DLGAP5;CKAP2L;CKAP2;KIF23;KIF22;HASPIN;TUBG1;CCSAP;ANKFN1;KAT2A;PSRC1;KIFC2;ESPL1;INCENP;KIFC1;KIF2C;KIF20A;CAPG;TTK;WDR62;HMMR;SKA3;SKA1;AURKB;AURKA;RACGAP1;CLTCL1;ECT2;FAM83D;SAC3D1;SPAG5;ODAM;PLK1;TUBB8B;DCDC2;CDC7;CDC6;PYCR3;TUBB4A;ATAT1;TPX2;CENPE;CENPF;YEATS2;PRC1;KIF4A;TACC3;CDK1;MAD2L1","CC","Up",0.247619047619048,0.000504164639333663,52
"Microtubule (GO:0005874)","47/185",1.22385901754931e-05,0.000566034795616557,0,0,2.18414417931326,24.7046723690213,"SPEF1;KIF14;KIF11;SKA3;NDRG1;SKA1;AURKB;KIF15;AURKA;PYCARD;TUBA3E;TUBA3D;TUBA3C;KIF5A;KIF21B;KIF1A;CDK5RAP3;CCT3;PLK1;TUBB8B;DCDC2;KIF24;KIF23;KIF22;FHDC1;KIF7;TUBG1;TUBA4B;TUBB4A;DNM3;CENPE;PSRC1;KIFC2;KIFC1;PRC1;MAP1B;KIF4A;MAP1A;TBCE;CDK1;KIF2C;KIF20A;ARHGEF2;EFHC2;MAPT;FGF13;TRIM54","CC","Up",0.254054054054054,0.000566034795616557,47
"Condensed Nuclear Chromosome (GO:0000794)","13/28",2.67854772658368e-05,0.00102460973633569,0,0,5.52752124122645,58.1918129218955,"IHO1;NCAPG2;NCAPG;P3H4;TUBG1;SMC4;NCAPH;PSMC3IP;RAD51;CHEK1;DMC1;NCAPD2;SHOC1","CC","Up",0.464285714285714,0.00102460973633569,13
"Mitotic Spindle (GO:0072686)","38/143",2.76921550360998e-05,0.00102460973633569,0,0,2.31756684776819,24.3213840612031,"CAPG;WDR62;KIF11;SKA3;SKA1;AURKA;RACGAP1;HAUS7;ECT2;FAM83D;DLGAP5;SPAG5;CKAP2L;ODAM;TUBB8B;CKAP2;DCDC2;CDC7;KIF23;CDC6;PYCR3;KIF22;TUBG1;CCSAP;TUBB4A;ATAT1;TPX2;CENPE;KIF18A;KAT2A;KIF18B;YEATS2;ESPL1;KIFC2;KIFC1;CDK1;TACC3;MAD2L1","CC","Up",0.265734265734266,0.00102460973633569,38
"Cyclin-Dependent Protein Kinase Holoenzyme Complex (GO:0000307)","16/40",3.21800423255812e-05,0.00108241960549682,0,0,4.25443786982249,44.0086034834841,"CCNF;CKS1B;CCNA2;CCNB2;CCNB1;CCNE2;CCNE1;CDK3;CCNI2;CDK1;CKS2;CCNP;CCNO;CCNJL;CDK5R1;MCM2","CC","Up",0.4,0.00108241960549682,16
"Polymeric Cytoskeletal Fiber (GO:0099513)","59/265",7.41442965681633e-05,0.0022861158108517,0,0,1.83770244779866,17.4756266673759,"SPEF1;KIF14;KIF11;KRT20;KIF15;PYCARD;POF1B;KIF5A;NEFL;KIF21B;KIF1A;CDK5RAP3;APC2;CCT3;GAS2L3;ACTN2;TPM2;KIF24;KIF23;KIF22;KIF7;TUBG1;TUBA4B;DNM3;ACTA1;KIFC2;KIFC1;MAP1B;MAP1A;PKP1;KIF2C;KIF20A;ARHGEF2;MAPT;EFHC2;TRIM54;RTN2;EVPL;NDRG1;TUBA3E;TUBA3D;TUBA3C;MISP;TUBB8B;DCDC2;FHDC1;ACTL8;TUBB4A;AIF1L;CENPE;BFSP2;BFSP1;DIAPH3;ACTC1;GJB6;TBCE;EPPK1;FGF13;NES","CC","Up",0.222641509433962,0.0022861158108517,59
"Dendrite Membrane (GO:0032590)","12/28",0.000142795689908561,0.00406418502047444,0,0,4.78138847858198,42.3348711262973,"LAMP5;GABRA2;DAGLA;KCNC1;KCNC2;GABRA3;THY1;FOXM1;GABRE;GABRG3;GABRG2;SHISA6","CC","Up",0.428571428571429,0.00406418502047444,12
"Asymmetric Synapse (GO:0032279)","34/133",0.000162470747375104,0.00418773667836247,0,0,2.19677790563866,19.1669148809514,"GRIA2;RPL30;CHRNA3;NLGN1;CTNND2;LRP4;CACNA1C;RPL8;FOXM1;ADCY8;SLC8A2;ARHGAP44;GRIN2A;CACNG8;GRM7;SYNDIG1;TMEM108;SPOCK1;HOMER3;SH2D5;INSYN1;SCRIB;NETO2;MAPK8IP2;SHISA6;GRIN1;DNM3;GAP43;FABP5;DNAJC6;DLG5;ADGRL1;CNIH4;CDK5R1","CC","Up",0.255639097744361,0.00418773667836247,34
"Collagen-Containing Extracellular Matrix (GO:0062023)","76/373",0.000169773108582262,0.00418773667836247,0,0,1.64365286755604,14.2686288925016,"ADAMDEC1;SERPINE2;F13A1;LOXL4;LAMC1;HAPLN1;LOXL2;COMP;MDK;HMCN2;COL10A1;TINAG;EDIL3;SBSPON;POSTN;ANXA2;VWF;FIBCD1;APLP1;ADAM11;APOA4;NPNT;MMP9;ADAMTS20;CCNA2;VCAN;CCDC80;COL2A1;PKM;COL4A2;LOX;COL4A1;COL4A6;S100A6;COL8A1;COL21A1;COL4A5;CDH13;MFGE8;ZP3;MATN3;BCAT2;SEMA7A;COL15A1;COL11A1;LAMA4;LAMA3;SEMA3B;FBLN1;LTBP2;COCH;THBS4;ACAN;IGFBPL1;MUC2;SERPINH1;S100A10;CTHRC1;GDF10;ANGPT2;COL24A1;LAMB3;SULF1;KAZALD1;HRNR;COL1A1;COL1A2;FRAS1;COL5A3;COL7A1;MFAP2;MGP;COL9A1;CSPG4;COL9A2;CBLN1","CC","Up",0.203753351206434,0.00418773667836247,76
"GABA-A Receptor Complex (GO:1902711)","9/18",0.000238786087656523,0.0055219282770571,0,0,6.37071191442272,53.1313706524215,"GABRA2;GABRQ;GABRR3;GABRR2;GABRA3;GABRE;GABRG3;GABRD;GABRG2","CC","Up",0.5,0.0055219282770571,9
"Exocytic Vesicle Membrane (GO:0099501)","17/53",0.000439907632357179,0.00957446023365624,0,0,3.0125786163522,23.2840567824196,"RAB3B;GABRA2;SYT5;FER1L5;MCTP1;UNC13A;SYT2;SYP;SYN3;SYNGR3;SYN2;SYNGR4;TMEM163;SYT8;SYNGR1;SYNDIG1;VAMP1","CC","Up",0.320754716981132,0.00957446023365624,17
"Synaptic Vesicle Membrane (GO:0030672)","17/54",0.000561615439078412,0.011544317358834,0,0,2.93098759136495,21.9375429365624,"RAB3B;GABRA2;SYT5;FER1L5;MCTP1;UNC13A;SYT2;SYP;SYN3;SYNGR3;SYN2;SYNGR4;TMEM163;SYT8;SYNGR1;SYNDIG1;VAMP1","CC","Up",0.314814814814815,0.011544317358834,17
"Ionotropic Glutamate Receptor Complex (GO:0008328)","12/33",0.000864420378080835,0.0168334494678899,0,0,3.64190757543786,25.6880179365306,"GRIA2;CACNG8;GRIN2A;GRIN3B;GRIK4;GRIK2;GRIN2C;CACNG4;CNIH4;GRIN1;GRIN2D;SHISA6","CC","Up",0.363636363636364,0.0168334494678899,12
"Potassium Channel Complex (GO:0034705)","22/81",0.000925663609413327,0.0171247767741465,0,0,2.38005553391715,16.6246871001654,"KCNG1;KCNH2;KCNJ4;KCNG2;KCNF1;KCNJ5;KCNH4;KCNJ6;KCNC1;KCNJ11;KCNC2;ABCC8;KCNE5;KCNIP3;GRIK4;GRIK2;LRRC52;DPP6;KCNQ3;KCNMB3;KCNN1;HCN2","CC","Up",0.271604938271605,0.0171247767741465,22
"Postsynaptic Specialization Membrane (GO:0099634)","13/38",0.00103385732436932,0.0182155814293643,0,0,3.31459179903953,22.78602375562,"GRIA2;NLGN1;DAGLA;PLPPR4;GRIK4;GRIK2;GRIN2C;GRIN2D;CACNG8;GRIN2A;GRIN3B;SYNDIG1;CACNG4","CC","Up",0.342105263157895,0.0182155814293643,13
"Postsynaptic Density Membrane (GO:0098839)","12/34",0.00117227882365502,0.0197155983978345,0,0,3.47616489861689,23.4599615235683,"GRIA2;CACNG8;GRIN2A;GRIN3B;DAGLA;PLPPR4;SYNDIG1;GRIK4;GRIK2;GRIN2C;CACNG4;GRIN2D","CC","Up",0.352941176470588,0.0197155983978345,12
"Dendrite (GO:0030425)","55/270",0.00126110709828904,0.0202873750594324,0,0,1.63807321436363,10.9353923140849,"CHRM3;DAGLA;KCNC1;KCNC2;HTR4;FOXM1;SLC8A2;ARHGAP44;LAMP5;CALB2;SCGN;TMEM266;CALB1;GRM7;DNER;ADORA1;HOMER3;KIF1A;BSN;EPHB2;VSTM5;EPHA6;GABRG3;GABRG2;MAP1B;MAP1A;IL1RAPL1;MAPT;DBN1;HCN4;GRIA2;HCN3;CHRNA3;NLGN1;PRKAA2;EPHA10;LRP4;THY1;ADCY8;CRHR2;MAP2;APOD;MAGEC2;GABRE;BRINP3;DRD4;GABRA2;GABRA3;HTR1D;ZWINT;GRIN1;FGF13;CNIH4;HCN2;CDK5R1","CC","Up",0.203703703703704,0.0202873750594324,55
"Voltage-Gated Potassium Channel Complex (GO:0008076)","20/73",0.00138007014977461,0.0212760814756919,0,0,2.40768693221523,15.856113496866,"KCNG1;KCNH2;HCN4;KCNJ4;KCNG2;HCN3;KCNF1;KCNJ5;KCNH4;KCNJ6;KCNC1;KCNC2;KCNE5;KCNIP3;LRRC52;DPP6;KCNQ3;KCNMB3;KCNN1;HCN2","CC","Up",0.273972602739726,0.0212760814756919,20
"Voltage-Gated Calcium Channel Complex (GO:0005891)","15/49",0.00160192007388127,0.0237084170934428,0,0,2.81276503207568,18.1045093013737,"CATSPER2;CACNA2D3;CACNA1C;CACNA1E;CACNA1G;CACNB1;CACNA1I;CACNB3;CACNG8;CACNB4;CATSPERB;SCN4A;SCN5A;CACNA1S;SCN1A","CC","Up",0.306122448979592,0.0237084170934428,15
"Calcium Channel Complex (GO:0034704)","17/59",0.00169564825863433,0.0241303790651809,0,0,2.58131176999102,16.4679692932116,"RYR2;TRPC4;CACNA2D3;ATP2A1;CACNA1C;CACNA1E;CACNA1G;CACNB1;CACNA1I;CACNB3;CACNG8;CACNB4;CASQ2;SCN4A;SCN5A;CACNA1S;SCN1A","CC","Up",0.288135593220339,0.0241303790651809,17
"Basement Membrane (GO:0005604)","14/46",0.00240891933266262,0.0330111167809322,0,0,2.78861788617886,16.8113977667722,"COL15A1;LAMA4;LAMA3;APLP1;LAMC1;THBS4;LOXL2;CCDC80;FRAS1;COL4A2;COL4A1;COL4A6;COL4A5;TINAG","CC","Up",0.304347826086957,0.0330111167809322,14
"Dense Core Granule (GO:0031045)","7/16",0.00316887088933191,0.0418743653233145,0,0,4.95134537412459,28.4919225011968,"CHGA;SYT5;SYT2;SLC6A9;KIF1A;SLC6A2;SYT8","CC","Up",0.4375,0.0418743653233145,7
"Condensed Chromosome, Centromeric Region (GO:0000779)","5/9",0.00362484151655736,0.0462479779698697,0,0,7.95395948434622,44.7008125371635,"SGO1;CENPE;SYCP2L;NCAPD2;CENPA","CC","Up",0.555555555555556,0.0462479779698697,5
"Endoplasmic Reticulum Lumen (GO:0005788)","55/284",0.00398893370582176,0.0491968490384684,0,0,1.5366672947885,8.48890560665663,"COLGALT2;LAMC1;COL10A1;IL12A;CHGB;APOA4;CCNA2;SELENOM;VCAN;COL2A1;COL4A2;VGF;COL4A1;COL4A6;CASQ2;COL8A1;SPARCL1;COL21A1;COL4A5;CASQ1;MFGE8;MATN3;COL15A1;COL11A1;PDGFA;AFP;WNT6;BGLAP;STC2;SERPINH1;GPC3;SPP1;TSPAN5;WNT4;COL24A1;GOLM1;WNT3A;COL22A1;AMBN;TMEM132A;FMO1;MANF;COL1A1;BMP4;TSPAN15;BPIFB2;CYP2W1;COL1A2;P4HA2;COL5A3;COL7A1;COL9A1;COL9A2;NOTUM;MELTF","CC","Up",0.193661971830986,0.0491968490384684,55
"Double-Stranded DNA Binding (GO:0003690)","144/650",1.03047007370106e-09,8.99600374341029e-07,0,0,1.85311663761569,38.3470072633747,"ZNF296;HOXA13;HOXA11;FOXQ1;HOXA10;HOXA9;ZSCAN31;CREB3L1;DPF1;SOX9;PITX2;PITX1;MNX1;SOX4;HES6;OSR2;DDX11;ZBTB32;BHLHA15;SOX12;OVOL1;POU3F2;ISL2;NEIL3;HOXB9;MYCN;MSH2;POLG2;MSH4;RFX5;MSH5;DPEP1;LMX1B;HOXB7;DLX1;GCM1;DLX2;DLX3;DLX4;HOXD1;DLX5;DLX6;SHOX2;HOXB13;GLIS2;RAD51AP1;SOHLH2;ALX3;HOXC4;OTX1;HOXC9;MSC;HOXC8;ZSCAN16;NKX2-3;ZNF541;TFAP2A;TFAP2E;ZBTB12;EVX1;POU2F3;H1-2;ISX;NFATC4;H1-4;LIN28B;TLX2;MAFG;SP6;SNAI2;HOXD4;SP8;HOXD3;LHX4;MELTF;HOXD9;HOXD8;VSX1;MESP2;FEN1;RHOXF1;HMGB2;SIX1;NR2E1;MEOX2;MEOX1;HOXC10;DMBX1;HEY1;SIX4;SIX2;MYBL2;ZNF385D;TEAD2;NKX3-2;EMX1;FOXD2;KLF13;EN2;PAX6;ETV4;POU5F1;NR5A1;PAX8;TGIF2LX;DMC1;MAPT;FOXC2;UHRF1;LEF1;FOXK1;HOXD10;PSMC3IP;E2F1;IGF2BP1;HSF4;E2F2;MSX1;RXRG;HES2;E2F7;HES5;SPDEF;DRGX;E2F8;ARNT2;CENPX;ZNF580;IRX5;CDX2;CDX1;IRX3;PRRX2;PDX1;ZIC4;ZIC5;GTF2H4;VAX2;TBX18;BATF;RAD51;NR6A1;WT1;ZNF454","MF","Up",0.221538461538462,8.99600374341029e-07,144
"Sequence-Specific DNA Binding (GO:0043565)","149/717",4.60095999008383e-08,2.00831903567159e-05,0,0,1.70515664973896,28.8076253915121,"ZNF296;SCX;MYRFL;HOXA13;HOXA11;FOXQ1;SOX2;HOXA10;HOXA9;ZSCAN31;CREB3L1;DPF1;MAEL;SOX9;PITX2;PITX1;MNX1;SOX4;HES6;JMJD4;OSR2;ZBTB32;BHLHA15;SOX12;OVOL1;POU3F2;ISL2;HOXB9;MYCN;RFX5;DPEP1;ZNF711;LMX1B;HOXB7;PIF1;DLX1;GCM1;DLX2;DLX3;DLX4;HOXD1;DLX5;DLX6;SHOX2;HOXB13;GLIS2;PGBD1;TERT;PRDM16;SOHLH2;ALX3;ZKSCAN3;HOXC4;OTX1;HOXC9;MSC;HOXC8;ZSCAN16;NKX2-3;ZNF300;ZNF541;TFAP2A;FOXF2;TFAP2E;ZBTB12;EVX1;POU2F3;ISX;NFATC4;LIN28B;LHX3;TLX2;MAFG;SP6;SNAI2;HOXD4;SP8;HOXD3;LHX4;MELTF;HOXD9;HOXD8;VSX1;MESP2;RHOXF1;SIX1;NR2E1;MEOX2;MEOX1;HOXC10;SMG5;DMBX1;HEY1;SIX4;SIX2;MYBL2;ZNF385D;TEAD2;NKX3-2;FOXD4;EMX1;FOXD2;KLF13;EN2;TET1;PAX6;FOXL1;ETV4;POU5F1;MMP12;NR5A1;PAX8;TGIF2LX;MAPT;FOXC2;MYRF;UHRF1;LEF1;FOXK1;HOXD10;E2F1;HSF4;E2F2;MSX1;RXRG;HES2;E2F7;HES5;SPDEF;DRGX;E2F8;ARNT2;ZNF580;IRX5;CDX2;CDX1;FBXL19;IRX3;PRRX2;PDX1;ZIC4;ZIC5;VAX2;TBX18;BATF;NR6A1;WT1;POU2AF2;ZNF454","MF","Up",0.207810320781032,2.00831903567159e-05,149
"Single-Stranded DNA Helicase Activity (GO:0017116)","14/22",7.82464881092806e-08,2.27697280398007e-05,0,0,11.169992609017,182.779078157677,"PIF1;POLQ;RFC3;RFC4;MCM7;MCM8;DSCC1;RAD51;MCM3;MCM4;MCM5;DNA2;MCM6;MCM2","MF","Up",0.636363636363636,2.27697280398007e-05,14
"Sequence-Specific Double-Stranded DNA Binding (GO:1990837)","145/715",3.23569314383206e-07,7.06190028641347e-05,0,0,1.65079202861523,24.6691925541221,"ZNF296;PRDM9;HOXA13;HOXA11;FOXQ1;SOX2;HOXA10;HOXA9;ZSCAN31;CREB3L1;DPF1;SOX9;PITX2;PITX1;MNX1;SOX4;KCNH2;HES6;OSR2;DDX11;ZBTB32;SOX11;BHLHA15;SOX12;OVOL1;POU3F2;ISL2;HOXB9;MYCN;RFX6;RFX5;LMX1B;HOXB7;DLX1;GCM1;DLX2;DLX3;DLX4;HOXD1;DLX5;DLX6;SHOX2;HOXB13;GLIS2;ORC1;PRDM16;SOHLH2;ALX3;ZBED2;HOXC4;OTX1;HOXC9;MSC;HOXC8;ZSCAN16;NKX2-3;ZNF541;TFAP2A;TFAP2E;ANKRD23;HMGA2;ZBTB12;EVX1;CDC6;POU2F3;ISX;NFATC4;LIN28B;TLX2;MAFG;SP6;SNAI2;HOXD4;SP8;HOXD3;LHX4;MELTF;HOXD9;HOXD8;VSX1;TP73;MESP2;MESP1;RHOXF1;HMGB2;SIX1;MCM10;NR2E1;GLI1;MEOX2;MEOX1;HOXC10;DMBX1;HEY1;SIX4;SIX2;MYBL2;ZNF385D;TEAD2;NKX3-2;EMX1;FOXD2;KLF13;EN2;PAX6;ETV4;POU5F1;NR5A1;PAX8;TGIF2LX;KIF2C;FOXC2;LEF1;FOXK1;HOXD10;CDC45;BEND3;E2F1;HSF4;E2F2;MSX1;RXRG;HES2;E2F7;HES5;SPDEF;DRGX;E2F8;ARNT2;ZNF580;IRX5;CDX2;CDX1;IRX3;PRRX2;PDX1;FOXJ1;ZIC4;ZIC5;VAX2;TBX18;BATF;NR6A1;WT1;ZNF454","MF","Up",0.202797202797203,7.06190028641347e-05,145
"Voltage-Gated Monoatomic Cation Channel Activity (GO:0022843)","26/76",4.0576173333477e-06,0.000604371365486458,0,0,3.32576095025984,41.2890382451035,"HCN4;KCNG2;HCN3;KCNC1;KCNC2;KCNE5;CACNA1C;CACNA1E;LRRC52;CACNA1I;CACNG8;CACNA1S;CACNG4;KCNH2;TMC1;KCNH3;KCNF1;KCNH4;KCNH5;KCNJ11;CACNA2D3;CACNB1;CACNB3;CACNB4;KCNQ3;HCN2","MF","Up",0.342105263157895,0.000604371365486458,26
"DNA Binding (GO:0003677)","161/846",4.15375508925401e-06,0.000604371365486458,0,0,1.52420111642607,18.8871347688478,"PAGE4;PRDM7;JRK;EHF;PRDM9;SCX;MYRFL;HOXA13;SOX2;H2AC13;EME1;MAEL;SOX9;OSR2;JMJD4;H2AC8;DDX11;ZBTB32;SOX12;POU3F2;WDR76;HIC2;ISL2;NEIL3;MYCN;MSH2;POLG2;MSH4;RFX5;MSH5;DPEP1;ZNF711;TRIM16;DNA2;NUPR1;GCM1;BLM;DNMT1;DLX3;DLX4;HOXB13;PGBD1;RAD51AP1;CYP27B1;TERT;WBP2NL;PRDM16;ZKSCAN3;CLSPN;ZNF300;TFAP2A;CDT1;H4C9;FOXF2;TREX2;HMGA1;HMGA2;POU2F3;FANCG;H1-2;H1-4;H2AC25;LHX3;TLX2;H2AC20;SP6;SNAI2;MELTF;TCF3;LHX4;HROB;SIM1;SIM2;EZH2;PHF19;H2AX;TOP2A;FEN1;RHOXF1;MCM7;MCM8;HMGB2;ZNF43;SIX1;MCM10;BRCA2;GLI1;MEOX2;CHTF18;MEOX1;DMBX1;MECOM;ZIC2;EXO1;DNMT3B;ANKRD1;TIGD1;FOXD4;TIGD3;FOXD2;TIGD5;RFC3;TIGD7;SPHK1;DNMT3A;TET1;PAX6;FOXL1;H2BC17;POU5F1;SMC1B;MMP12;NR5A1;MMS22L;H2BC15;PAX8;TAL2;DMC1;H2BC11;MCM3;ZNF239;MCM4;MCM5;MCM6;MAPT;DNASE1;DNASE1L2;MCM2;FOXC2;PCNA;MYRF;LEF1;LIN9;PSMC3IP;FOXS1;CDC45;POLD1;E2F1;IGF2BP1;E2F2;SHOC1;SPDEF;H2AZ1;H2BC9;ZNF341;POLQ;H2BC8;ATAD5;CENPX;FOXJ1;ZIC4;ARID3A;TBX4;GTF2H4;BATF;RAD51;NR6A1;POU2AF3;WT1;ZNF219;POU2AF2","MF","Up",0.190307328605201,0.000604371365486458,161
"RNA Polymerase II Transcription Regulatory Region Sequence-Specific DNA Binding (GO:0000977)","220/1225",5.59396154432423e-06,0.000697646918313578,0,0,1.42507462686567,17.2346000677558,"ZNF296;EHF;SCX;SOX2;HOXA9;ZNF728;ZSCAN31;ZNF607;ZNF727;ZNF726;ZNF605;ZNF724;HOXA3;ZNF723;SOX9;SOX4;HES6;EBF1;EBF2;SOX11;SOX12;OVOL1;RFX8;HOXB9;RFX6;ZNF716;RFX5;ZNF714;ZNF711;HOXB7;HOXD1;PRDM15;CYP27B1;PRDM16;ZBED2;ALX3;HOXC4;HOXC9;HOXC8;ZSCAN16;NKX2-3;HOXC6;FOXF2;ZNF382;BCL11A;ISX;NFATC4;SNAI2;GTF2IRD1;HOXD4;HOXD3;SIM1;ZNF257;HOXD9;SIM2;HOXD8;TP73;MESP2;MESP1;HMX3;ZNF251;ZNF492;ZNF43;GLI1;MEOX2;MEOX1;HOXC10;DMBX1;GLI4;HEY1;MECOM;FEZF1;TEAD2;FOXD4;FOXD2;TCF15;EN2;PAX6;ZNF57;POU5F1;NR5A1;PAX8;TAL2;TGIF2LX;ZNF239;FOXC2;ZNF66;HOXD10;FOXS1;HSF4;ZNF468;MSX1;ZNF467;ZNF341;ARNT2;ZNF580;CDX2;CDX1;VAX2;BATF;ZNF71;WT1;ZNF219;ZNF578;ZNF213;ZNF454;ZNF696;ZNF695;ZNF692;DACH2;HOXA13;HOXA11;FOXQ1;HOXA10;SALL2;ZNF83;SALL4;ZNF208;ZNF85;PITX2;PITX1;ZNF320;OSR2;ZNF681;ZNF98;ZNF99;POU3F2;ZNF90;MYCN;ZNF93;LMX1B;ZNF676;ZNF431;ZNF793;DLX1;GCM1;DLX2;DLX3;DLX4;DLX5;DLX6;FOXO6;HOXB13;GLIS2;SOHLH2;ZKSCAN3;ZNF789;OTX1;MSC;ZNF300;TFAP2A;MGAM;TFAP2E;HMGA1;RFXANK;EVX1;POU2F3;LHX3;TLX2;MAFG;TLX1;NFE2L3;SP6;SP8;MELTF;TCF3;LHX4;ZNF534;MXD3;ZNF530;RHOXF1;SIX1;NR2E1;FOXM1;ZIC2;SIX4;SIX2;ZNF648;MYBL2;MYBL1;NKX3-2;ZNF883;EMX1;KLF13;DNMT3A;FOXL1;ETV4;RBL1;TFDP3;ZNF517;PLAG1;LEF1;FOXK1;BARX1;CIART;E2F1;E2F2;E2F5;HES2;E2F7;STOX1;HES5;E2F8;DRGX;HES4;H2AZ1;PRRX1;IRX5;IRX6;IRX3;KCNIP3;PDX1;FOXJ1;ZIC4;ZIC5;TBX4;TBX18;ZNF732;ZNF610;ZNF730","MF","Up",0.179591836734694,0.000697646918313578,220
"Metalloendopeptidase Activity (GO:0004222)","30/101",1.92376605048729e-05,0.00209930970259425,0,0,2.70312581810566,29.3522720676037,"ADAMDEC1;ADAM22;ADAM21;PHEX;ADAMTS16;ADAMTS14;MMP24;ADAMTS18;ADAM23;PRSS2;ADAMTS6;MMP7;MMP1;MMP3;ECEL1;ADAM11;ADAM32;MMEL1;MMP9;MMP10;ADAMTS20;MMP12;MMP11;MMP14;ADAM15;MEP1A;ADAM12;MMP17;TLL2;TRABD2A","MF","Up",0.297029702970297,0.00209930970259425,30
"Cis-Regulatory Region Sequence-Specific DNA Binding (GO:0000987)","196/1098",2.67445783694445e-05,0.00259422410183611,0,0,1.41000628994908,14.8462083119466,"ZNF296;EHF;SOX2;HOXA9;ZNF728;ZSCAN31;ZNF607;ZNF727;ZNF726;ZNF605;ZNF724;HOXA3;ZNF723;SOX9;SOX4;HES6;EBF1;EBF2;SOX11;SOX12;OVOL1;ISL2;RFX8;HOXB9;RFX6;ZNF716;RFX5;ZNF714;ZNF711;HOXB7;HOXD1;PRDM15;CYP27B1;PRDM16;HOXC4;HOXC9;ZSCAN16;NKX2-3;HOXC6;FOXF2;ZNF382;BCL11A;NFATC4;SNAI2;GTF2IRD1;HOXD4;HOXD3;ZNF257;HOXD9;TP73;MESP2;MESP1;ZNF251;ZNF492;ZNF43;GLI1;MEOX2;MEOX1;HOXC10;GLI4;HEY1;MECOM;FEZF1;TEAD2;FOXD4;FOXD2;EN2;PAX6;POU5F1;NR5A1;PAX8;TAL2;TGIF2LX;ZNF239;FOXC2;ZNF66;HOXD10;FOXS1;HSF4;ZNF468;ZNF467;ZNF341;ARNT2;ZNF580;CDX2;CDX1;VAX2;BATF;ZNF71;WT1;ZNF219;ZNF578;ZNF213;ZNF454;ZNF695;ZNF692;DACH2;HOXA13;HOXA11;FOXQ1;HOXA10;SALL2;ZNF83;SALL4;ZNF208;ZNF85;PITX2;PITX1;ZNF320;ZNF681;ZNF98;ZNF99;POU3F2;ZNF90;MYCN;ZNF93;ZNF676;ZNF431;ZNF793;DLX1;GCM1;DLX2;DLX3;DLX4;DLX5;DLX6;FOXO6;HOXB13;GLIS2;SOHLH2;ZKSCAN3;ZNF789;OTX1;MSC;ZNF300;TFAP2A;MGAM;HMGA1;FOXN4;EVX1;POU2F3;TLX2;MAFG;TLX1;NFE2L3;SP6;SP8;MELTF;TCF3;ZNF534;MXD3;ZNF530;HMGB2;SIX1;NR2E1;ZIC2;SIX4;SIX2;ZNF648;MYBL2;MYBL1;NKX3-2;ZNF883;EMX1;KLF13;DNMT3A;FOXL1;ETV4;UHRF1;PLAG1;LEF1;FOXK1;CIART;E2F1;E2F2;E2F5;HES2;E2F7;HES5;E2F8;HES4;H2AZ1;PRRX1;IRX5;IRX6;IRX3;KCNIP3;PDX1;FOXJ1;ZIC4;ZIC5;TBX4;TBX18;ZNF732;ZNF610;ZNF730","MF","Up",0.178506375227687,0.00259422410183611,196
"RNA Polymerase II Cis-Regulatory Region Sequence-Specific DNA Binding (GO:0000978)","199/1122",3.44766515670593e-05,0.00300981168180427,0,0,1.39888554774778,14.3738682696502,"ZNF296;EHF;SCX;SOX2;HOXA9;ZNF728;ZSCAN31;ZNF607;ZNF727;ZNF726;CREB3L1;ZNF605;ZNF724;HOXA3;ZNF723;SOX9;SOX4;HES6;EBF1;EBF2;SOX11;BHLHA15;SOX12;OVOL1;RFX8;HOXB9;RFX6;ZNF716;RFX5;ZNF714;ZNF711;HOXB7;HOXD1;PRDM15;CYP27B1;PRDM16;HOXC4;HOXC9;ZSCAN16;NKX2-3;HOXC6;FOXF2;ZNF382;BCL11A;NFATC4;SNAI2;GTF2IRD1;HOXD4;HOXD3;ZNF257;HOXD9;TP73;MESP2;MESP1;ZNF251;ZNF492;ZNF43;GLI1;MEOX2;MEOX1;HOXC10;GLI4;HEY1;MECOM;FEZF1;TEAD2;FOXD4;FOXD2;TCF15;EN2;PAX6;POU5F1;NR5A1;PAX8;TAL2;TGIF2LX;ZNF239;FOXC2;ZNF66;HOXD10;FOXS1;HSF4;ZNF468;ZNF467;RXRG;ZNF341;ARNT2;ZNF580;CDX2;CDX1;VAX2;BATF;NR6A1;ZNF71;WT1;ZNF219;ZNF578;ZNF213;ZNF454;ZNF695;ZNF692;DACH2;HOXA13;HOXA11;FOXQ1;HOXA10;SALL2;ZNF83;SALL4;ZNF208;ZNF85;PITX2;PITX1;ZNF320;ZNF681;ZNF98;ZNF99;POU3F2;ZNF90;MYCN;ZNF93;ZNF676;ZNF431;ZNF793;DLX1;GCM1;DLX2;DLX3;DLX4;DLX5;DLX6;FOXO6;HOXB13;GLIS2;SOHLH2;ZKSCAN3;ZNF789;OTX1;MSC;ZNF300;TFAP2A;MGAM;HMGA1;HMGA2;EVX1;POU2F3;TLX2;MAFG;TLX1;NFE2L3;SP6;SP8;MELTF;TCF3;ZNF534;MXD3;ZNF530;SIX1;NR2E1;ZIC2;SIX4;SIX2;ZNF648;MYBL2;MYBL1;NKX3-2;ZNF883;EMX1;KLF13;DNMT3A;FOXL1;ETV4;PLAG1;LEF1;FOXK1;CIART;E2F1;E2F2;E2F5;HES2;E2F7;HES5;E2F8;HES4;H2AZ1;PRRX1;IRX5;IRX6;IRX3;KCNIP3;PDX1;FOXJ1;ZIC4;ZIC5;TBX4;TBX18;ZNF732;ZNF610;ZNF730","MF","Up",0.177361853832442,0.00300981168180427,199
"Cyclin-Dependent Protein Serine/Threonine Kinase Regulator Activity (GO:0016538)","17/46",6.09577754472654e-05,0.00483783072413297,0,0,3.74127087399696,36.310265231262,"CDKN2B;CDKN2C;CDKN2A;CCNF;CKS1B;CCNA2;CCNB2;CCNB1;CCNE2;CCNE1;CCNI2;CKS2;CCNP;CCNO;CCNJL;CDK5R1;MCM2","MF","Up",0.369565217391304,0.00483783072413297,17
"Transmitter-Gated Monoatomic Ion Channel Activity Involved In Regulation Of Postsynaptic Membrane Potential (GO:1904315)","14/34",6.84059069868445e-05,0.00497652973329294,0,0,4.46489283074649,42.8185516423713,"CHRNA1;CHRNB2;GABRA2;GRIA2;CHRNA3;CHRNB4;CHRNA5;GRIK4;GRIK2;GRIN2C;GRIN2D;CHRND;GRIN2A;GRIN3B","MF","Up",0.411764705882353,0.00497652973329294,14
"High Voltage-Gated Calcium Channel Activity (GO:0008331)","11/23",8.03697366669851e-05,0.00532155271642258,0,0,5.84311554078996,55.0939935535682,"CACNB1;CACNA1I;CACNB3;CACNB4;SCN4A;CACNA1C;CACNA1S;SCN5A;CACNA1E;CACNA1G;SCN1A","MF","Up",0.478260869565217,0.00532155271642258,11
"Potassium Channel Activity (GO:0005267)","24/79",8.53399061052876e-05,0.00532155271642258,0,0,2.78796870785001,26.1201118726537,"KCNG1;KCNH2;HCN4;KCNG2;KCNH3;HCN3;KCNF1;KCNH4;KCNH5;KCNC1;KCNK9;KCNK10;KCNJ11;KCNC2;KCNK12;KCNE5;GRIK4;GRIK2;LRRC52;KCNU1;KCNQ3;KCNMB3;KCNN1;HCN2","MF","Up",0.30379746835443,0.00532155271642258,24
"Transmitter-Gated Monoatomic Ion Channel Activity (GO:0022824)","15/40",0.00013522336245553,0.00786999969491187,0,0,3.82735674676525,34.0963237567141,"GABRA2;GRIA2;GABRA3;GRIK4;HTR3A;GRIK2;HTR3B;GRIN2C;GABRG3;GABRG2;GRIN2D;CHRND;GRIN2A;GRIN3B;GABRE","MF","Up",0.375,0.00786999969491187,15
"GABA Receptor Activity (GO:0016917)","10/21",0.000178759239868698,0.00956188194993316,0,0,5.7930224756793,49.9907176380999,"GABRA2;GABRQ;GABRR3;GABBR2;GABRR2;GABRA3;GABRE;GABRG3;GABRD;GABRG2","MF","Up",0.476190476190476,0.00956188194993316,10
"Microtubule Binding (GO:0008017)","53/239",0.000186199304866969,0.00956188194993316,0,0,1.82634831936331,15.6859448916369,"SPEF1;MAST2;MAST1;KIF14;KIF15;KIF5A;KIF21B;KIF1A;GTSE1;DLGAP5;APC2;GAS2L3;SGIP1;VASH2;KIF23;KIF22;KIF7;CCSAP;DNM3;CLIP2;EML6;PSRC1;KIFC2;NAV3;KIFC1;MAP1B;MAP1A;DCX;BIRC5;KIF2C;KIF20A;ARHGEF2;MAPT;SAXO1;NDRG1;SKA1;RACGAP1;MAP2;HAUS7;FAM83D;DYNC1I1;SPAG5;PLK1;FHDC1;CENPE;KIF18A;KIF18B;PRC1;GJB6;REEP2;CCDC170;FGF13;SPC24","MF","Up",0.221757322175732,0.00956188194993316,53
"Metallopeptidase Activity (GO:0008237)","32/124",0.000207032745049668,0.00971595850029048,0,0,2.22412008281573,18.8663957194918,"ADAMDEC1;ADAM22;ADAM21;PHEX;ADAMTS16;ADAMTS14;MMP24;ADAMTS18;ADAM23;PRSS2;ADAMTS6;MMP7;MMP1;MMP3;ECEL1;ADAM11;ADAM32;MMEL1;MMP9;MMP10;ADAMTS20;MMP12;MMP11;DEPDC1B;MMP14;ADAM15;MEP1A;ADAM12;MMP17;DPEP1;TLL2;TRABD2A","MF","Up",0.258064516129032,0.00971595850029048,32
"DNA Secondary Structure Binding (GO:0000217)","13/33",0.000211458432423275,0.00971595850029048,0,0,4.14444033985962,35.0681078157209,"BLM;XRCC2;XRCC3;HMGB2;HMGA1;HMGA2;NR0B1;RAD51AP1;RECQL4;NEIL3;MSH2;CLSPN;MAPT","MF","Up",0.393939393939394,0.00971595850029048,13
"GABA-A Receptor Activity (GO:0004890)","9/18",0.000238786087656523,0.0104230127262072,0,0,6.37071191442272,53.1313706524215,"GABRA2;GABRQ;GABRR3;GABRR2;GABRA3;GABRE;GABRG3;GABRD;GABRG2","MF","Up",0.5,0.0104230127262072,9
"Calcium Ion Binding (GO:0005509)","70/346",0.000371027872372439,0.01542415869434,0,0,1.62739950779327,12.8552084990801,"MCTP1;CALML6;IHH;CIB2;ATP2A1;CDH9;CDH8;CLGN;LOXL2;COMP;CALB2;SCGN;CALB1;MB;DNER;CHP2;PRSS3;PRSS2;TGM3;PLA2G4F;ANXA2;S100A2;PLA2G4E;TESC;TNNC1;ANXA13;PLA2G4C;NAALADL1;MMP12;PCP4;MELK;CDH11;S100A6;CASQ2;CDH12;SPARCL1;CDH13;CASQ1;DNASE1L2;CDH17;PADI1;PLA2G1B;FBLN1;THBS4;SCIN;SCUBE1;CDH22;PCDHA4;SPOCK1;S100A14;PCDHA7;DUOX2;SYT5;FER1L5;SYT3;SYT2;PLA2G2C;REG4;KCNIP3;ALOX15B;TUBB4A;SYT8;AIF1L;GRIN1;SYT6;CABYR;PCDHB6;ESYT3;PCDHB8;CDK5R1","MF","Up",0.202312138728324,0.01542415869434,70
"Ionotropic Glutamate Receptor Activity (GO:0004970)","8/16",0.000537630137859848,0.0213341413796203,0,0,6.36873156342183,47.9459747332736,"GRIA2;GRIN2A;GRIN3B;GRIK4;GRIK2;GRIN2C;GRIN1;GRIN2D","MF","Up",0.5,0.0213341413796203,8
"Metal Ion Binding (GO:0046872)","97/521",0.00070457848996539,0.026743348771295,0,0,1.4701515620167,10.6702289297821,"CALML6;IHH;PLOD3;CIB2;CDH9;CDH8;CLGN;LOXL2;COMP;SCGN;CHP2;PRSS3;PRSS2;SLC39A4;PSPH;TGM3;POSTN;S100A2;ANXA13;PCP4;MELK;MSH2;S100A6;SPARCL1;TSSK6;PADI1;PIF1;BRSK1;BRSK2;FBLN1;SCIN;SCUBE1;FIGNL1;CDH22;PCDHA4;S100A14;PCDHA7;SYT5;FER1L5;SYT3;SYT2;REG4;PLK1;TREX2;ALOX15B;SYT8;AIF1L;SYT6;ATP4A;CABYR;PCDHB6;ALPI;PCDHB8;TOP2A;FEN1;MCTP1;MAST2;MAST1;ATP2A1;CALB2;CALB1;MB;DNER;ME1;PLA2G4F;ANXA2;PLA2G4E;SPHK1;TESC;TNNC1;PLA2G4C;NAALADL1;NME1;MMP12;RAP2A;CDH11;CASQ2;CDH12;CDH13;TESMIN;CASQ1;DNASE1L2;CDH17;PRTFDC1;PLA2G1B;PRIM1;THBS4;SPOCK1;DUOX2;PLA2G2C;KCNIP3;TUBB4A;MAPK12;GRIN1;ESYT3;S100P;CDK5R1","MF","Up",0.186180422264875,0.026743348771295,97
"Voltage-Gated Potassium Channel Activity (GO:0005249)","22/80",0.000771871140218796,0.0280768127254587,0,0,2.42123156361034,17.3522231498515,"KCNG1;KCNH2;HCN4;KCNJ4;KCNG2;KCNH3;HCN3;KCNF1;KCNJ5;KCNH4;KCNJ6;KCNH5;KCNC1;KCNH6;KCNJ11;KCNC2;KCNE5;LRRC52;KCNQ3;KCNN1;KCNN3;HCN2","MF","Up",0.275,0.0280768127254587,22
"Neurotransmitter Receptor Activity Involved In Regulation Of Postsynaptic Membrane Potential (GO:0099529)","9/21",0.000983020207786873,0.0322017124806348,0,0,4.77720398376983,33.0815685307369,"GABRA2;GRIA2;CHRND;GRIN2A;GRIN3B;GRIK4;GRIK2;GRIN2C;GRIN2D","MF","Up",0.428571428571429,0.0322017124806348,9
"Calcium-Dependent Phospholipid Binding (GO:0005544)","15/47",0.000995929251978394,0.0322017124806348,0,0,2.98890942698706,20.6588468018121,"CPNE9;SYT5;PLA2G4F;SYT3;MCTP1;SYT2;ANXA2;CPNE4;PLA2G4E;CPNE7;ANXA13;PLA2G4C;SYT8;SYT6;ESYT3","MF","Up",0.319148936170213,0.0322017124806348,15
"Voltage-Gated Calcium Channel Activity (GO:0005245)","15/47",0.000995929251978394,0.0322017124806348,0,0,2.98890942698706,20.6588468018121,"TMC1;CACNA2D3;CACNA1C;CACNA1E;CACNA1G;CACNB1;CACNA1I;CACNG8;CACNB3;CACNB4;SCN4A;CACNA1S;SCN5A;CACNG4;SCN1A","MF","Up",0.319148936170213,0.0322017124806348,15
"Hormone Activity (GO:0005179)","20/74",0.00165342640136064,0.049495947391336,0,0,2.36296296296296,15.1345545660395,"CCL25;UCN;REG3A;NMB;CALCB;EDN3;GRP;ERFE;QRFP;PTHLH;GUCA2A;APLN;GAL;VGF;C1QTNF12;GNRH1;GAST;AMH;INHA;CHGB","MF","Up",0.27027027027027,0.049495947391336,20
"Tubulin Binding (GO:0015631)","63/322",0.00168992645420474,0.049495947391336,0,0,1.55823983562034,9.94635436705645,"SPEF1;GPAA1;MAST2;MAST1;STMN2;KIF14;BRCA2;KIF15;STMN1;KIF5A;KIF21B;KIF1A;GTSE1;DLGAP5;APC2;GAS2L3;SGIP1;VASH2;KIF23;KIF22;KIF7;CCSAP;DNM3;CLIP2;EML6;PSRC1;KIFC2;NAV3;KIFC1;MAP1B;MAP1A;DCX;BIRC5;KIF2C;KIF20A;ARHGEF2;MAPT;ALDOA;SAXO1;BRSK1;STMND1;NDRG1;SKA1;RACGAP1;MAP2;FAM83D;DYNC1I1;SPAG5;PLK1;FHDC1;CENPE;TTLL6;KIF18A;TTLL4;KIF18B;PRC1;GJB6;REEP2;TBCE;CCDC170;FGF13;SPC24;CDK5R1","MF","Up",0.195652173913043,0.049495947391336,63
"Chloride Channel Activity (GO:0005254)","18/64",0.00170089166293251,0.049495947391336,0,0,2.49583239468349,15.9149314814086,"GABRA2;OCA2;CLIC3;TTYH2;PACC1;GABRA3;ANO9;CLCNKA;GABRG3;SLC1A7;ANO2;GABRG2;CLCN1;CLDN4;FXYD3;BSND;SLC26A9;GABRE","MF","Up",0.28125,0.049495947391336,18
"Inflammatory Response (GO:0006954)","44/236",1.71972282740395e-12,5.96743821109169e-09,0,0,3.9607038236201,107.290943398481,"CRP;CSF1R;ORM1;PTGER2;C5AR1;FPR1;HP;ADM;FPR2;GATA3;MEFV;CXCL2;THBS1;CRHBP;IL1RL1;TBXA2R;CXCR2;CCL4;BLNK;CCL3;NLRP3;CCL2;CD14;PTGDR;CCR1;GGT5;CCL23;PTGIR;XCR1;NFAM1;PPBP;FOS;SELE;TMIGD3;IL6;VNN1;IL1B;AGTR1;SIGLEC1;FCGR2B;TLR4;TLR3;S100A8;PF4","BP","Down",0.186440677966102,5.96743821109169e-09,44
"Fatty Acid Metabolic Process (GO:0006631)","28/122",1.30848026504424e-10,1.32755115489929e-07,0,0,5.09967222017494,116.053162022435,"ACSM3;HPGD;ACSM2A;ACSM5;CYP2C19;ACACB;LIPC;CPT2;MLYCD;ACADM;ACAA1;HAO2;PPARGC1A;CBR4;CYP2J2;GGT5;ACSL1;CYP4F2;CYP4A11;ACADSB;ACOX2;NAAA;ACOT2;ANGPTL3;CYP2E1;SLC27A2;LPIN2;SLC27A5","BP","Down",0.229508196721311,1.32755115489929e-07,28
"Epoxygenase P450 Pathway (GO:0019373)","11/17",1.53884236922934e-10,1.32755115489929e-07,0,0,31.0531119090365,701.639489690269,"CYP2J2;CYP2C9;CYP2A6;CYP2C8;CYP2B6;CYP4F2;CYP4A11;CYP1A2;CYP2E1;CYP2C19;CYP2C18","BP","Down",0.647058823529412,1.32755115489929e-07,11
"Steroid Metabolic Process (GO:0008202)","24/92",1.60873903906919e-10,1.32755115489929e-07,0,0,6.02885077736817,135.952998157702,"SRD5A2;SRD5A1;CYP3A43;NR1I2;HSD17B6;CYP2C19;CYP3A4;CYP8B1;CYP39A1;CYP26A1;CYP2C9;CYP2A6;CYP2C8;CYP2B6;SCP2;SULT1E1;CYP4V2;CYP1A2;RDH16;RDH5;UGT2A1;CYP2E1;ACAA1;SULT2A1","BP","Down",0.260869565217391,1.32755115489929e-07,24
"Fatty Acid Oxidation (GO:0019395)","18/52",1.91289791772231e-10,1.32755115489929e-07,0,0,9.0105212816834,201.630521586779,"ACAA2;ECHS1;CYP4F2;ACAT1;ADH4;BDH2;CPT2;SCP2;CYP4V2;EHHADH;HAO1;ACADM;ACAA1;ACAD11;ACADS;SLC27A2;HAO2;PPARGC1A","BP","Down",0.346153846153846,1.32755115489929e-07,18
"Fatty Acid Beta-Oxidation (GO:0006635)","17/49",5.87658082856667e-10,3.39862257918772e-07,0,0,9.03460627256318,192.029434486351,"GCDH;ACAA2;ECHS1;ETFDH;ACAT1;BDH2;ACADL;CPT2;SCP2;ACOX2;EHHADH;IVD;ACADM;ACAA1;ACAD11;ACADS;SLC27A2","BP","Down",0.346938775510204,3.39862257918772e-07,17
"Negative Regulation Of Blood Coagulation (GO:0030195)","13/30",2.57302095832621e-09,1.27548324648457e-06,0,0,12.968366483284,256.490753505754,"FGB;FGA;PDGFRA;CPB2;SERPINE1;F11;FGG;SERPINF2;PLG;THBD;C1QTNF1;APOH;KLKB1","BP","Down",0.433333333333333,1.27548324648457e-06,13
"Cellular Response To Cytokine Stimulus (GO:0071345)","45/308",3.99852977359111e-09,1.73436228929515e-06,0,0,2.94866920152091,57.0194162435191,"CSF1R;FLT3;SHMT1;LRRK2;MT1X;GATA3;LILRA1;IFIT1;LILRA2;LILRA4;ZFP36L1;GHR;CRHBP;MT2A;ZFP36;CCL4;CCL3;TNFSF11;HAS2;CCL2;ST3GAL6;IL13RA2;GBP1;NKX3-1;CCR1;EGR1;CCL23;PTGIS;DUSP1;PDE2A;LILRB1;LIFR;GREM2;SFRP1;NLRP12;IL6;CD4;CXCL12;AXL;IL1B;IL2RB;IRF8;IL6ST;TLR4;PF4","BP","Down",0.146103896103896,1.73436228929515e-06,45
"Positive Regulation Of Immune Response (GO:0050778)","20/80",1.188792393052e-08,4.56949250424989e-06,0,0,5.67571644042232,103.569013514498,"IL10;RSAD2;CD81;SH2D1B;NRG1;LILRB1;CD1D;FPR2;C8B;CFP;C8A;C6;C7;C9;NLRP3;CD226;IL6ST;PCK1;FCGR2B;SKAP1","BP","Down",0.25,4.56949250424989e-06,20
"Cell Surface Pattern Recognition Receptor Signaling Pathway (GO:0002752)","7/8",1.33175837121415e-08,4.56949250424989e-06,0,0,118.173524150268,2142.9800280492,"FCN1;COLEC11;FCN2;COLEC10;FCN3;EHHADH;MBL2","BP","Down",0.875,4.56949250424989e-06,7
"Positive Regulation Of MAPK Cascade (GO:0043410)","44/310",1.44854229241351e-08,4.56949250424989e-06,0,0,2.84753048207939,51.398275472742,"RET;CSF1R;CD81;FLT3;LRRK2;PELI2;C5AR1;FPR2;ADRB2;ADRA1B;THBS1;ART4;GHR;BMPER;NTF3;CCL4;CCL3;TNFSF11;S100A12;CCL2;ALKAL2;CCR1;FGB;PDGFRA;FGA;CCL23;MAP2K1;SERPINF2;FGG;NRG1;IGF1;ADRA2B;SCIMP;MARCO;IL6;CD4;GAREM1;IL1B;HAND2;SPRY2;TEK;TLR4;FERMT2;AVPI1","BP","Down",0.141935483870968,4.56949250424989e-06,44
"Alpha-Amino Acid Catabolic Process (GO:1901606)","12/29",2.01250490185144e-08,5.81949334118708e-06,0,0,11.9600443951165,211.947541651393,"ALDH4A1;HMGCL;ALDH6A1;TAT;IVD;GOT2;SARDH;HOGA1;KMO;HMGCLL1;ACAT1;OTC","BP","Down",0.413793103448276,5.81949334118708e-06,12
"Positive Regulation Of Immune Effector Process (GO:0002699)","13/37",5.29028627210889e-08,1.41209948955522e-05,0,0,9.18251648681055,153.851304217924,"FCN1;IL10;COLEC11;FCN2;COLEC10;FCN3;CD81;LILRB1;CFP;EHHADH;IL1B;PCK1;MBL2","BP","Down",0.351351351351351,1.41209948955522e-05,13
"Monocarboxylic Acid Biosynthetic Process (GO:0072330)","17/65",7.17918698380192e-08,1.69126922996871e-05,0,0,6.01795652827918,98.9923434195211,"ACSM3;AKR1D1;ACSM2A;ACSM5;HOGA1;ACACB;CYP8B1;CYP39A1;GATM;LIPC;SCP2;ACOX2;DSE;MLYCD;SLC27A2;SLC27A5;CBR4","BP","Down",0.261538461538462,1.69126922996871e-05,17
"Amino Acid Catabolic Process (GO:0009063)","13/38",7.62839453014518e-08,1.69126922996871e-05,0,0,8.81474820143885,144.46317473188,"ECHS1;BCKDHB;GOT2;HOGA1;KMO;ALDH4A1;ALDH6A1;UROC1;AMDHD1;IVD;DBT;SARDH;OTC","BP","Down",0.342105263157895,1.69126922996871e-05,13
"Monocarboxylic Acid Metabolic Process (GO:0032787)","21/97",7.79835956181536e-08,1.69126922996871e-05,0,0,4.70512728832952,77.0077236565277,"CYP2J2;GGT5;CYP4A11;ABAT;HOGA1;GLYAT;IGF1;ACADSB;CYP2C9;GRHPR;GATM;VNN1;SCP2;NAAA;CYP1A2;DSE;ACOT2;ANGPTL3;UGT2A1;ACAA1;AGXT","BP","Down",0.216494845360825,1.69126922996871e-05,21
"Arachidonic Acid Metabolic Process (GO:0019369)","15/52",1.01955420843112e-07,2.08109006073882e-05,0,0,6.88020452885318,110.762556222729,"CYP2J2;PTGIS;CYP4F2;CYP4A22;CYP4A11;ABHD6;CYP2C19;PTGS2;CYP2C18;CYP2C9;CYP2A6;CYP2C8;CYP2B6;CYP1A2;CYP2E1","BP","Down",0.288461538461538,2.08109006073882e-05,15
"Carboxylic Acid Metabolic Process (GO:0019752)","12/33",1.11549853258962e-07,2.15043328226999e-05,0,0,9.67988704915929,154.963319954559,"CYP2J2;PON3;CYP2C9;GLUD1;GRHPR;PTGIS;CYP4F2;PON1;CYP1A2;GLYAT;PCK1;GNE","BP","Down",0.363636363636364,2.15043328226999e-05,12
"Positive Regulation Of Response To External Stimulus (GO:0032103)","27/155",1.44832909356602e-07,2.64510629193374e-05,0,0,3.60149846311475,56.7152637149976,"SERPINE1;PLG;CD1D;FPR2;MEFV;THBS1;THBD;APOH;CCL3;NLRP3;S100A12;P2RY12;SIGLEC16;IL33;TSLP;CD180;SERPINF2;PDE2A;SH2D1B;NRG1;SCIMP;NLRP12;IL1B;AGTR1;TLR4;S100A8;TLR3","BP","Down",0.174193548387097,2.64510629193374e-05,27
"Fatty Acid Catabolic Process (GO:0009062)","16/61",1.66148365353648e-07,2.72654935292324e-05,0,0,6.03707043382427,94.2409918157002,"ACAA2;ECHS1;ACAT1;BDH2;ACADL;CPT2;SCP2;EHHADH;HAO1;ACADM;ACAA1;ACAD11;ACADS;SLC27A2;HAO2;LPIN2","BP","Down",0.262295081967213,2.72654935292324e-05,16
"Fatty Acid Beta-Oxidation Using acyl-CoA Dehydrogenase (GO:0033539)","7/10",1.80722291404134e-07,2.72654935292324e-05,0,0,39.3870005963029,611.534556153783,"GCDH;ACADL;IVD;ETFDH;ACADM;ACAD11;ACADS","BP","Down",0.7,2.72654935292324e-05,7
"Omega-Hydroxylase P450 Pathway (GO:0097267)","7/10",1.80722291404134e-07,2.72654935292324e-05,0,0,39.3870005963029,611.534556153783,"CYP2C9;CYP2C8;CYP4F2;CYP1A2;CYP4A11;CYP4A22;CYP2C19","BP","Down",0.7,2.72654935292324e-05,7
"Regulation Of Opsonization (GO:1903027)","7/10",1.80722291404134e-07,2.72654935292324e-05,0,0,39.3870005963029,611.534556153783,"FCN1;COLEC11;FCN2;COLEC10;FCN3;CFP;MBL2","BP","Down",0.7,2.72654935292324e-05,7
"Ethanol Metabolic Process (GO:0006067)","8/14",2.16636890424184e-07,3.13220837404966e-05,0,0,22.5234258430319,345.622942595406,"SULT1A1;ADH4;ADH1C;SULT1E1;ADH1B;ADH1A;ADH6;SULT2A1","BP","Down",0.571428571428571,3.13220837404966e-05,8
"Long-Chain Fatty Acid Metabolic Process (GO:0001676)","18/78",2.36621083070681e-07,3.28430063302105e-05,0,0,5.09891598915989,77.7931709396046,"CYP2J2;ACSL1;CYP4F2;CYP4A22;CYP4A11;ABHD6;CYP2C19;CYP3A4;CYP2C9;CYP2C8;ACADL;CPT2;SCP2;CYP1A2;ACOT2;CYP2E1;ACAA1;SLC27A2","BP","Down",0.230769230769231,3.28430063302105e-05,18
"Response To Lipopolysaccharide (GO:0032496)","27/159",2.47471353206592e-07,3.30279075241106e-05,0,0,3.49161698956781,53.1143764102578,"CD274;SERPINE1;CXCL2;NUGGC;ZFP36;NOCT;NLRP3;CCL2;CD14;IL10;GCH1;CD180;LILRB1;PPBP;PDCD1LG2;SELE;SELP;IL6;CPS1;AXL;EHHADH;IL1B;TRIB1;TLR4;S100A8;MYD88;PF4","BP","Down",0.169811320754717,3.30279075241106e-05,27
"Regulation Of Heterotypic Cell-Cell Adhesion (GO:0034114)","10/24",2.8956264824819e-07,3.72141625711563e-05,0,0,12.0826393337604,181.902856364924,"FGB;IL10;FGA;IL1RN;IL1B;FGG;APOA1;KLF4;SKAP1;MBL2","BP","Down",0.416666666666667,3.72141625711563e-05,10
"Xenobiotic Catabolic Process (GO:0042178)","9/19",3.02076417879358e-07,3.7435898930049e-05,0,0,15.2137096774194,228.39712205484,"CYP2C9;CYP2A6;CYP2C8;GSTM1;CYP2B6;NR1I2;CYP1A2;CYP2C19;CYP3A4","BP","Down",0.473684210526316,3.7435898930049e-05,9
"Regulation Of ERK1 And ERK2 Cascade (GO:0070372)","35/244",3.30832732239554e-07,3.95858476162501e-05,0,0,2.86778455730653,42.7920858420355,"CSF1R;C5AR1;FPR2;RPS6KA6;DUSP10;BMPER;CCL4;CCL3;CCL2;ALKAL2;EPHB1;GBP1;CCR1;FGB;PDGFRA;FGA;CCL23;MAP2K1;SERPINF2;FGG;NRG1;IGF1;SCIMP;DUSP6;TGFBR3;MARCO;CD4;GAREM1;IL1B;HAND2;SPRY2;TEK;TLR4;FERMT2;EPHA2","BP","Down",0.14344262295082,3.95858476162501e-05,35
"Cellular Response To Zinc Ion (GO:0071294)","8/15",4.41257161684552e-07,5.10387450348465e-05,0,0,19.3047704310014,282.499022129183,"MT2A;MT1A;MT1M;MT1F;MT1G;MT1X;MT1H;MT1E","BP","Down",0.533333333333333,5.10387450348465e-05,8
"Zymogen Activation (GO:0031638)","13/45",7.11470171657368e-07,7.96387579242279e-05,0,0,6.88396470323741,97.4489385939014,"FGB;FGA;C1R;CD5L;F11;FGG;THBD;F9;APOH;C1RL;MASP1;KLKB1;HGFAC","BP","Down",0.288888888888889,7.96387579242279e-05,13
"Complement Activation, Lectin Pathway (GO:0001867)","6/8",7.93778555100119e-07,8.34670177635579e-05,0,0,50.597855227882,710.720815951761,"FCN1;COLEC11;FCN2;FCN3;MASP1;MBL2","BP","Down",0.75,8.34670177635579e-05,6
"Positive Regulation Of Opsonization (GO:1903028)","6/8",7.93778555100119e-07,8.34670177635579e-05,0,0,50.597855227882,710.720815951761,"FCN1;COLEC11;FCN2;COLEC10;FCN3;MBL2","BP","Down",0.75,8.34670177635579e-05,6
"Regulation Of Fibrinolysis (GO:0051917)","8/16",8.38883944729422e-07,8.56155084767969e-05,0,0,16.8907788719785,236.322154985171,"THBD;F11;SERPINE1;SERPINF2;NRG1;PLG;THBS1;KLKB1","BP","Down",0.5,8.56155084767969e-05,8
"Response To Cadmium Ion (GO:0046686)","9/21",8.67500701059846e-07,8.60064980765047e-05,0,0,12.676747311828,176.937595993909,"JUN;MT1A;HAAO;MT1F;MT1G;MT1X;MT1H;FOS;MT1E","BP","Down",0.428571428571429,8.60064980765047e-05,9
"Adenylate Cyclase-Modulating G Protein-Coupled Receptor Signaling Pathway (GO:0007188)","26/163",1.41665551225782e-06,0.000136549850764851,0,0,3.23577505761708,43.5768678356156,"CHRM2;VIPR1;GPR65;PTGER2;FPR1;ADM;ADRB2;FPR2;PTH1R;ADRA1B;ADGRE1;GNA14;ADGRG7;TBXA2R;ADGRG6;GRM8;P2RY12;PTGIR;GCGR;PDE2A;GLP2R;NPY1R;GNAO1;MARCO;ADGRB3;PF4","BP","Down",0.159509202453988,0.000136549850764851,26
"Enzyme-Linked Receptor Protein Signaling Pathway (GO:0007167)","22/124",1.47292488433192e-06,0.000137546178505353,0,0,3.67096865944927,49.29472314102,"BLK;RET;PDGFRA;CSF1R;LTK;FLT3;LIFR;GP6;RASGRP4;ART4;PTPRD;CD4;AXL;NTF3;CASS4;BLNK;ALKAL2;TEK;SAMD12;IL6ST;ANGPTL1;EPHA2","BP","Down",0.17741935483871,0.000137546178505353,22
"Branched-Chain Amino Acid Catabolic Process (GO:0009083)","8/17",1.50626938997217e-06,0.000137546178505353,0,0,15.0132298816274,201.265476635326,"HMGCL;ALDH6A1;ECHS1;IVD;BCKDHB;DBT;HMGCLL1;ACAT1","BP","Down",0.470588235294118,0.000137546178505353,8
"Positive Regulation Of Cytokine Production (GO:0001819)","40/320",1.88923380974918e-06,0.00016809336717512,0,0,2.44832126398947,32.2672564154307,"FCN1;CD274;CSF1R;ORM1;SERPINE1;GATA3;CLEC9A;LILRA2;PTGS2;ORM2;HMOX1;NLRP3;CD14;MBL2;IL10;CCBE1;EGR1;SIGLEC16;IL33;TSLP;NFAM1;SERPINF2;GDF2;LILRB1;SCIMP;SORL1;IL6;CD4;IRF4;IL1B;EHHADH;SAA1;CD226;IL6ST;PLA2R1;TLR4;TLR3;IL18R1;MYD88;CD244","BP","Down",0.125,0.00016809336717512,40
"Cellular Response To Molecule Of Bacterial Origin (GO:0071219)","21/117",2.08915812989881e-06,0.000181234467768722,0,0,3.72092957427536,48.6651053692663,"IL10;CD274;SERPINE1;CD180;LILRB1;PPBP;PDCD1LG2;CXCL2;NUGGC;ZFP36;IL6;AXL;EHHADH;IL1B;NLRP3;CCL2;CD14;FCGR2B;TLR4;MYD88;PF4","BP","Down",0.179487179487179,0.000181234467768722,21
"Positive Regulation Of ERK1 And ERK2 Cascade (GO:0070374)","27/179",2.70990157039981e-06,0.000229350206080179,0,0,3.02895815358067,38.8269976705105,"CSF1R;C5AR1;FPR2;BMPER;CCL4;CCL3;TNFSF11;CCL2;ALKAL2;CCR1;FGB;PDGFRA;FGA;MAP2K1;CCL23;SERPINF2;FGG;NRG1;IGF1;SCIMP;MARCO;CD4;GAREM1;HAND2;SPRY2;TEK;FERMT2","BP","Down",0.150837988826816,0.000229350206080179,27
"Cytokine-Mediated Signaling Pathway (GO:0019221)","34/257",3.14334145176782e-06,0.000257740391405047,0,0,2.60660191620803,33.026230593122,"CSF1R;FLT3;LILRA1;IL1RAP;LILRA2;CXCL2;LILRA4;OASL;GHR;IL1RL1;CXCR2;CCL4;CCL3;TNFSF11;CCL2;IL13RA2;CCR1;EGR1;IL33;CCL23;LILRB1;LIFR;PPBP;GREM2;IL6;CD4;CXCL12;OAS2;IL1B;IL2RB;IL6ST;IL18R1;MYD88;PF4","BP","Down",0.132295719844358,0.000257740391405047,34
"Ketone Body Metabolic Process (GO:1902224)","5/6",3.19390110386657e-06,0.000257740391405047,0,0,84.2589285714286,1066.23501902579,"HMGCL;HMGCS2;HMGCLL1;SLC27A5;ACAT1","BP","Down",0.833333333333333,0.000257740391405047,5
"Positive Regulation Of Phagocytosis (GO:0050766)","14/60",4.45335841976318e-06,0.000351208039013141,0,0,5.15802449810198,63.5564147119518,"FCN1;FCN2;COLEC11;FCN3;COLEC10;APOA1;FPR2;CFP;SIRPB1;IL1B;IL2RB;CCL2;FCGR2B;MBL2","BP","Down",0.233333333333333,0.000351208039013141,14
"acyl-CoA Metabolic Process (GO:0006637)","10/31",4.56164995634994e-06,0.000351753896634096,0,0,8.05210335255178,99.0233673112236,"ACSM3;ACOT12;ACOT2;ACSM2A;SUCLG2;ACSM5;GLYAT;HMGCS2;MLYCD;ACACB","BP","Down",0.32258064516129,0.000351753896634096,10
"Positive Regulation Of Inflammatory Response (GO:0050729)","19/104",4.82222290599907e-06,0.00035520463913204,0,0,3.79757472609297,46.4909562276491,"IL33;TSLP;CD81;SERPINE1;PDE2A;C2CD4B;MEFV;IL6;NLRP12;EHHADH;IL1B;AGTR1;CCL3;NLRP3;S100A12;IL6ST;TLR4;S100A8;TLR3","BP","Down",0.182692307692308,0.00035520463913204,19
"Triglyceride Metabolic Process (GO:0006641)","12/45",4.82580341869854e-06,0.00035520463913204,0,0,6.15600751449808,75.358971140064,"CETP;LIPC;CPS1;MOGAT2;APOH;APOC3;GPAT3;PLAAT3;PNPLA5;APOA5;LPIN2;SLC27A5","BP","Down",0.266666666666667,0.00035520463913204,12
"Response To Zinc Ion (GO:0010043)","9/25",4.91349356724435e-06,0.00035520463913204,0,0,9.50554435483871,116.191262371189,"MT2A;MT1A;HAAO;MT1M;MT1F;MT1G;MT1X;MT1H;MT1E","BP","Down",0.36,0.00035520463913204,9
"Cellular Response To Oxygen-Containing Compound (GO:1901701)","46/406",5.02692310892514e-06,0.000355988228325923,0,0,2.19259087632582,26.7511489182721,"RET;CD274;KCNE1;LTK;SHMT1;SERPINE1;CXCL2;NUGGC;FOXO1;ZFP36L1;CRHBP;ZFP36;WNT11;PDK4;CCL2;NLRP3;CD14;SLC13A5;WNT2;P2RY12;IL10;EGR1;PDGFRA;JUN;AOC1;CD180;PDE2A;LILRB1;FOS;PPBP;PDCD1LG2;SYT9;ESR1;SFRP1;IL6;DLG2;NR4A3;P2RX3;AXL;IL1B;EHHADH;CPEB3;TLR4;MYD88;CFTR;PF4","BP","Down",0.113300492610837,0.000355988228325923,46
"Response To Molecule Of Bacterial Origin (GO:0002237)","15/69",5.24036034631051e-06,0.000363681008033949,0,0,4.70995995995996,57.2689697312674,"IL10;GCH1;CXCL2;SELE;SELP;IL6;CPS1;EHHADH;IL1B;NOCT;CD14;TRIB1;FCGR2B;TLR4;S100A8","BP","Down",0.217391304347826,0.000363681008033949,15
"Cellular Response To Lipopolysaccharide (GO:0071222)","21/124",5.452672248139e-06,0.000370995543157693,0,0,3.46675812579147,42.0150448923032,"IL10;CD274;SERPINE1;CD180;LILRB1;PPBP;PDCD1LG2;CXCL2;NUGGC;ZFP36;IL6;AXL;EHHADH;IL1B;CCL3;NLRP3;CCL2;CD14;TLR4;MYD88;PF4","BP","Down",0.169354838709677,0.000370995543157693,21
"Homotypic Cell-Cell Adhesion (GO:0034109)","12/46",6.19694043386693e-06,0.000405724213311665,0,0,5.97463136197875,71.6445223188872,"FGB;P2RY12;FGA;PDGFRA;MEGF10;FGL1;FGG;CDHR2;HBB;PLPP3;XG;TJP2","BP","Down",0.260869565217391,0.000405724213311665,12
"Positive Regulation Of Cell-Cell Adhesion (GO:0022409)","12/46",6.19694043386693e-06,0.000405724213311665,0,0,5.97463136197875,71.6445223188872,"FGB;IL10;FGA;MEGF10;CITED2;IL1B;FGG;SERPINF2;TNFSF11;ANK3;PLPP3;SKAP1","BP","Down",0.260869565217391,0.000405724213311665,12
"Cellular Response To Copper Ion (GO:0071280)","8/20",6.70587460955394e-06,0.00043091453509541,0,0,11.2581319009251,134.112795829998,"MT2A;MT1A;MT1M;MT1F;MT1G;MT1X;MT1H;MT1E","BP","Down",0.4,0.00043091453509541,8
"Cholesterol Homeostasis (GO:0042632)","15/72",9.11537581126395e-06,0.000575097346637926,0,0,4.46135609293504,51.7764819278823,"CETP;ACSM3;EPHX2;MTTP;APOA1;LCAT;APOC3;APOA5;TTC39B;CYP39A1;LIPC;LIPG;ANGPTL3;ABCG4;LDLR","BP","Down",0.208333333333333,0.000575097346637926,15
"Regulation Of Interleukin-8 Production (GO:0032677)","16/81",9.51496868892264e-06,0.000589588238402885,0,0,4.17507109662204,48.274862217557,"FCN1;IL10;CRP;SERPINE1;GDF2;SSC5D;LILRA2;KLF4;IL6;EHHADH;IL1B;CD14;TLR4;TLR3;CD244;MYD88","BP","Down",0.197530864197531,0.000589588238402885,16
"Ethanol Oxidation (GO:0006069)","5/7",1.06577035699818e-05,0.000648811076979594,0,0,42.1272321428571,482.324268430327,"ADH4;ADH1C;ADH1B;ADH1A;ADH6","BP","Down",0.714285714285714,0.000648811076979594,5
"Sterol Homeostasis (GO:0055092)","15/73",1.08825740409999e-05,0.000651078136590859,0,0,4.38420316868593,50.1041984616557,"CETP;ACSM3;EPHX2;MTTP;APOA1;LCAT;APOC3;APOA5;TTC39B;CYP39A1;LIPC;LIPG;ANGPTL3;ABCG4;LDLR","BP","Down",0.205479452054795,0.000651078136590859,15
"Negative Regulation Of Fibrinolysis (GO:0051918)","6/11",1.13069921114973e-05,0.000653921043781592,0,0,20.2359249329759,230.488991097063,"THBD;SERPINE1;SERPINF2;NRG1;PLG;THBS1","BP","Down",0.545454545454545,0.000653921043781592,6
"Organic Cyclic Compound Catabolic Process (GO:1901361)","6/11",1.13069921114973e-05,0.000653921043781592,0,0,20.2359249329759,230.488991097063,"ALDH4A1;EPHX2;CYP1A2;GOT2;HOGA1;CYP3A4","BP","Down",0.545454545454545,0.000653921043781592,6
"Regulation Of Interleukin-1 Production (GO:0032652)","7/16",1.27684675162458e-05,0.000726337414448739,0,0,13.1248260783145,147.897521367486,"IL10;ORM1;NLRP12;SAA1;MEFV;ORM2;TLR4","BP","Down",0.4375,0.000726337414448739,7
"Cellular Response To Lipid (GO:0071396)","30/228",1.30536469539502e-05,0.000730583144035597,0,0,2.58433651584337,29.064593326429,"RET;CD274;LTK;SERPINE1;CXCL2;NUGGC;CRHBP;ZFP36;WNT11;PDK4;NLRP3;CCL2;CD14;WNT2;NKX3-1;IL10;CD180;LILRB1;PPBP;PDCD1LG2;ESR1;SFRP1;IL6;AXL;IL1B;EHHADH;TLR4;CFTR;MYD88;PF4","BP","Down",0.131578947368421,0.000730583144035597,30
"Regulation Of Inflammatory Response (GO:0050727)","31/240",1.37133187898221e-05,0.00075532089207433,0,0,2.53075059261916,28.3371763409624,"LRRC19;SERPINE1;FPR2;GATA3;MEFV;PTGS2;CCL3;S100A12;NLRP3;IL10;IL33;PTGIS;TSLP;PDE2A;APOA1;KLF4;SELE;NLRP14;CD200R1;NLRP12;IL6;FNDC4;IL1B;AGTR1;SAA1;TEK;DNASE1L3;TLR4;TLR3;S100A8;MYD88","BP","Down",0.129166666666667,0.00075532089207433,31
"Negative Regulation Of Endopeptidase Activity (GO:0010951)","14/66",1.44922018333446e-05,0.000785749068151654,0,0,4.56141383369106,50.822816144985,"SERPINA11;SERPINA1;CR1;SERPINA10;SERPINE1;SERPINF2;NRG1;SERPINB9;SERPINB8;SORL1;SERPINA4;FETUB;SERPING1;ANXA8","BP","Down",0.212121212121212,0.000785749068151654,14
"Cellular Response To Cadmium Ion (GO:0071276)","8/22",1.53867857004444e-05,0.000821417636623726,0,0,9.64880419490983,106.928062448291,"JUN;MT1A;MT1F;MT1G;MT1X;MT1H;FOS;MT1E","BP","Down",0.363636363636364,0.000821417636623726,8
"Regulation Of Endothelial Cell Apoptotic Process (GO:2000351)","11/43",1.84695598714912e-05,0.000971051102334463,0,0,5.81443559245961,63.3737813446971,"FGB;IL10;FGA;CD160;SERPINE1;FGG;CCL2;NDNF;GATA3;TEK;THBS1","BP","Down",0.255813953488372,0.000971051102334463,11
"Cellular Response To Growth Factor Stimulus (GO:0071363)","23/155",1.90784538458664e-05,0.000974899353606089,0,0,2.9635442446241,32.2046898868725,"MAP2K3;EGR3;AMHR2;HGF;PDE2A;GDF2;WNT7A;NDNF;KLF4;ZFP36L1;NR4A1;ZFP36;SFRP1;GAREM1;ACVR1C;MT1G;GAS1;CCL2;HAS2;SPRY2;SOX6;BMPR1B;WNT2","BP","Down",0.148387096774194,0.000974899353606089,23
"Negative Regulation Of Growth (GO:0045926)","20/124",1.9104655920811e-05,0.000974899353606089,0,0,3.26679429168117,35.4956097775706,"CDA;BMP10;DCUN1D3;MT1M;FHL1;GDF2;WFDC1;MT1X;NRG1;INHBA;MT2A;SFRP1;MT1A;WNT11;MT1F;MT1G;SCGB3A1;MT1H;FBP1;MT1E","BP","Down",0.161290322580645,0.000974899353606089,20
"Alpha-Amino Acid Metabolic Process (GO:1901605)","9/29",1.96373179731626e-05,0.000987557874882234,0,0,7.60282258064516,82.3999904122035,"ALDH6A1;CPS1;MTHFD1;IYD;ASPG;MMUT;KMO;ASS1;GNMT","BP","Down",0.310344827586207,0.000987557874882234,9
"Aspartate Family Amino Acid Metabolic Process (GO:0009066)","6/12",2.15348663357287e-05,0.00105247867866167,0,0,16.8623771224307,181.200360143646,"MSRA;GOT1;MTHFD1;ASPG;GOT2;ASS1","BP","Down",0.5,0.00105247867866167,6
"Fibrinolysis (GO:0042730)","6/12",2.15348663357287e-05,0.00105247867866167,0,0,16.8623771224307,181.200360143646,"FGB;FGA;FGG;SERPINE1;SERPINF2;PLG","BP","Down",0.5,0.00105247867866167,6
"Innate Immune Response Activating Cell Surface Receptor Signaling Pathway (GO:0002220)","9/30",2.66589247711833e-05,0.00128481206883342,0,0,7.24039938556068,76.2586852874965,"FCN1;COLEC11;FCN2;COLEC10;FCN3;EHHADH;KLRD1;LILRA2;MBL2","BP","Down",0.3,0.00128481206883342,9
"Plasminogen Activation (GO:0031639)","5/8",2.70977927023764e-05,0.00128807315996227,0,0,28.0833333333333,295.325970128086,"FGB;FGA;F11;FGG;KLKB1","BP","Down",0.625,0.00128807315996227,5
"Positive Regulation Of Cell Junction Assembly (GO:1901890)","13/61",2.76447155400107e-05,0.00129631301248429,0,0,4.58541291966427,48.1288423493161,"CLSTN2;NRXN1;WNT7A;NRG1;IL1RAP;PTPRD;SFRP1;SLITRK3;SLITRK6;TEK;EPHB1;FERMT2;EPHA2","BP","Down",0.213114754098361,0.00129631301248429,13
"Protein Kinase B Signaling (GO:0043491)","8/24",3.19933032016456e-05,0.00146074686986461,0,0,8.44180841539839,87.3725816253516,"PLK3;IL1B;CCL3;CCL2;IGF1;ZFP36L1;EPHA2;NKX3-1","BP","Down",0.333333333333333,0.00146074686986461,8
"Response To Copper Ion (GO:0046688)","8/24",3.19933032016456e-05,0.00146074686986461,0,0,8.44180841539839,87.3725816253516,"MT2A;MT1A;MT1M;MT1F;MT1G;MT1X;MT1H;MT1E","BP","Down",0.333333333333333,0.00146074686986461,8
"Bile Acid Metabolic Process (GO:0008206)","9/31",3.56987842506426e-05,0.0015814418099697,0,0,6.91092375366569,70.7705816187699,"CYP39A1;SCP2;ACOX2;AKR1D1;UGT2A1;ACAA1;CYP8B1;SLC27A2;SLC27A5","BP","Down",0.290322580645161,0.0015814418099697,9
"Positive Regulation Of Multicellular Organismal Process (GO:0051240)","42/387",3.57457850340406e-05,0.0015814418099697,0,0,2.08294190854711,21.3274050812575,"TNXB;SERPINE1;ADRB1;OXT;CLEC9A;ADRB2;DBH;LILRA2;GHR;ACADL;CPT2;TBXA2R;TNFSF11;TRPM8;SOX6;PPARGC1A;TAPT1;IL10;FGB;KDM6B;IL33;FGA;ACSL1;NFAM1;FGG;G0S2;AVPR1A;INHBA;APOA5;SORL1;GADD45G;GATM;IL6;LRG1;IRF4;IL1B;EHHADH;SAA1;ALPL;PLA2R1;BMPR1B;FERMT2","BP","Down",0.108527131782946,0.0015814418099697,42
"Regulation Of Smooth Muscle Cell Proliferation (GO:0048660)","12/54",3.60040066246704e-05,0.0015814418099697,0,0,4.83455268900013,49.4665645656909,"PTGIR;IL6;NR4A3;IGFBP3;ID2;SERPINF2;HMOX1;ANG;IGF1;TRIB1;THBS1;PPARGC1A","BP","Down",0.222222222222222,0.0015814418099697,12
"Response To Lipid (GO:0033993)","18/110",4.03153542880657e-05,0.00174867849224485,0,0,3.31972428419936,33.5915535903851,"ALAS1;GCH1;ASCL1;AQP3;ESR1;SELE;FOXO1;SOCS2;SELP;CPS1;EHHADH;IL1B;NOCT;ALPL;TRIB1;TLR4;S100A8;NKX3-1","BP","Down",0.163636363636364,0.00174867849224485,18
"Negative Regulation Of Lymphocyte Proliferation (GO:0050672)","10/39",4.33225171910638e-05,0.00185591524262952,0,0,5.82835936291944,58.556582503476,"IL10;CD274;CR1;SDC4;CD300A;LILRB1;VTCN1;VSIG4;PDCD1LG2;FCGR2B","BP","Down",0.256410256410256,0.00185591524262952,10
"Humoral Immune Response Mediated By Circulating Immunoglobulin (GO:0002455)","4/5",4.75688865347584e-05,0.00195458739465626,0,0,67.3470115967886,670.327142373958,"C1QB;C1R;CD81;C1QC","BP","Down",0.8,0.00195458739465626,4
"Ketone Body Biosynthetic Process (GO:0046951)","4/5",4.75688865347584e-05,0.00195458739465626,0,0,67.3470115967886,670.327142373958,"HMGCL;HMGCS2;HMGCLL1;SLC27A5","BP","Down",0.8,0.00195458739465626,4
"Monoterpenoid Metabolic Process (GO:0016098)","4/5",4.75688865347584e-05,0.00195458739465626,0,0,67.3470115967886,670.327142373958,"CYP2C9;CYP2E1;CYP2C19;CYP3A4","BP","Down",0.8,0.00195458739465626,4
"Regulation Of Acute Inflammatory Response (GO:0002673)","7/19",4.84422236139592e-05,0.00195458739465626,0,0,9.84205426356589,97.7821745541277,"APCS;IL6;NLRP3;C2CD4B;IL6ST;DNASE1L3;KLKB1","BP","Down",0.368421052631579,0.00195458739465626,7
"Regulation Of Insulin-Like Growth Factor Receptor Signaling Pathway (GO:0043567)","7/19",4.84422236139592e-05,0.00195458739465626,0,0,9.84205426356589,97.7821745541277,"IGFBP1;IGFBP4;CILP;IGFBP3;IGF1;BMP5;NKX3-1","BP","Down",0.368421052631579,0.00195458739465626,7
"Pattern Recognition Receptor Signaling Pathway (GO:0002221)","12/56",5.2820622232761e-05,0.00210675355342162,0,0,4.6143102180838,45.4445365469762,"FCN1;FCN2;COLEC11;FCN3;COLEC10;EHHADH;NLRP3;CD14;MEFV;TLR4;TLR3;MBL2","BP","Down",0.214285714285714,0.00210675355342162,12
"Phospholipase C-activating G Protein-Coupled Receptor Signaling Pathway (GO:0007200)","15/83",5.37278686017035e-05,0.00211858754599899,0,0,3.73748012718601,36.7453300949284,"CHRM2;P2RY12;GPR65;C5AR1;FPR1;GPR83;PTH1R;FPR2;ADRA1B;ESR1;ANO1;GNA14;CXCR2;AGTR1;NMUR1","BP","Down",0.180722891566265,0.00211858754599899,15
"Dicarboxylic Acid Biosynthetic Process (GO:0043650)","5/9",5.81361682077956e-05,0.00219274460522881,0,0,21.0613839285714,205.40583442308,"GLUD1;GOT1;MTHFD1;GLS2;HAAO","BP","Down",0.555555555555556,0.00219274460522881,5
"Negative Regulation Of Heterotypic Cell-Cell Adhesion (GO:0034115)","5/9",5.81361682077956e-05,0.00219274460522881,0,0,21.0613839285714,205.40583442308,"IL10;IL1RN;APOA1;KLF4;MBL2","BP","Down",0.555555555555556,0.00219274460522881,5
"Organic Hydroxy Compound Catabolic Process (GO:1901616)","5/9",5.81361682077956e-05,0.00219274460522881,0,0,21.0613839285714,205.40583442308,"CYP4F2;LDHD;HSD17B6;CYP3A4;FGF23","BP","Down",0.555555555555556,0.00219274460522881,5
"Regulation Of Cell-Cell Adhesion Involved In Gastrulation (GO:0070587)","5/9",5.81361682077956e-05,0.00219274460522881,0,0,21.0613839285714,205.40583442308,"IL10;IL1RN;APOA1;KLF4;MBL2","BP","Down",0.555555555555556,0.00219274460522881,5
"Acute Inflammatory Response (GO:0002526)","8/26",6.14464930981053e-05,0.00224764348422792,0,0,7.50303392022282,72.7594994132417,"CRP;APCS;IL6;VNN1;EHHADH;HP;C2CD4B;MBL2","BP","Down",0.307692307692308,0.00224764348422792,8
"Negative Regulation Of Endothelial Cell Apoptotic Process (GO:2000352)","8/26",6.14464930981053e-05,0.00224764348422792,0,0,7.50303392022282,72.7594994132417,"FGB;IL10;FGA;SERPINE1;FGG;NDNF;GATA3;TEK","BP","Down",0.307692307692308,0.00224764348422792,8
"Negative Regulation Of Cytokine Production (GO:0001818)","24/178",6.26219273705318e-05,0.00224764348422792,0,0,2.64991684065254,25.6469420698043,"IL10;SRGN;CD274;ORM1;GBP7;CR1;APOA1;SSC5D;LILRB1;INHBA;PDCD1LG2;MEFV;KLF4;THBS1;ZFP36;IL6;CD200R1;NLRP12;RNF125;AXL;VSIG4;FCGR2B;TLR4;GBP1","BP","Down",0.134831460674157,0.00224764348422792,24
"Blood Coagulation, Fibrin Clot Formation (GO:0072378)","6/14",6.34781156928921e-05,0.00224764348422792,0,0,12.6454423592493,122.215865373457,"FGB;FGA;THBD;F8;FGG;GP5","BP","Down",0.428571428571429,0.00224764348422792,6
"Positive Regulation Of Heterotypic Cell-Cell Adhesion (GO:0034116)","6/14",6.34781156928921e-05,0.00224764348422792,0,0,12.6454423592493,122.215865373457,"FGB;IL10;FGA;IL1B;FGG;SKAP1","BP","Down",0.428571428571429,0.00224764348422792,6
"Protein Activation Cascade (GO:0072376)","6/14",6.34781156928921e-05,0.00224764348422792,0,0,12.6454423592493,122.215865373457,"FGB;FGA;THBD;F8;FGG;GP5","BP","Down",0.428571428571429,0.00224764348422792,6
"Monocarboxylic Acid Catabolic Process (GO:0072329)","7/20",7.09158122153634e-05,0.00243641453848823,0,0,9.08449153708546,86.7933877437452,"CYP26A1;AGXT2;LDHD;HAO1;HOGA1;AGXT;LPIN2","BP","Down",0.35,0.00243641453848823,7
"Negative Regulation Of B Cell Activation (GO:0050869)","7/20",7.09158122153634e-05,0.00243641453848823,0,0,9.08449153708546,86.7933877437452,"IL10;SFRP1;CD300A;ID2;INHBA;FCGR2B;SAMSN1","BP","Down",0.35,0.00243641453848823,7
"Response To Fibroblast Growth Factor (GO:0071774)","7/20",7.09158122153634e-05,0.00243641453848823,0,0,9.08449153708546,86.7933877437452,"NR4A1;SFRP1;ZFP36;EGR3;NDNF;IER2;ZFP36L1","BP","Down",0.35,0.00243641453848823,7
"Response To Organic Cyclic Compound (GO:0014070)","12/58",7.60318686371954e-05,0.00258657435461831,0,0,4.41321926637759,41.8565513727195,"SOCS2;SFRP1;ALAS1;IL1B;SLC1A1;CCL3;CCL2;ALPL;AQP3;ESR1;TLR3;NKX3-1","BP","Down",0.206896551724138,0.00258657435461831,12
"Positive Regulation Of Immune System Process (GO:0002684)","8/27",8.30336707936233e-05,0.00279734793838711,0,0,7.10776044856995,66.7863961838654,"C6;C7;RSAD2;C9;C8B;CFP;AQP3;C8A","BP","Down",0.296296296296296,0.00279734793838711,8
"Organic Hydroxy Compound Biosynthetic Process (GO:1901617)","10/42",8.59651827149638e-05,0.00286826138481658,0,0,5.28110986547085,49.4394701553135,"CYP39A1;SCP2;SRD5A2;ACOX2;PSAT1;FAXDC2;AKR1D1;CYP8B1;SLC27A2;SLC27A5","BP","Down",0.238095238095238,0.00286826138481658,10
"Regulation Of Tumor Necrosis Factor Production (GO:0032680)","19/127",8.80314138727549e-05,0.00288922126508612,0,0,2.98517346460384,27.8750030223071,"IL10;IL33;ORM1;LILRB1;IGF1;LILRA2;ORM2;THBS1;LILRA4;ZFP36;IL6;FCGR3A;OAS2;EHHADH;CCL3;CD14;TLR4;TLR3;PF4","BP","Down",0.149606299212598,0.00288922126508612,19
"Regulation Of Immune Response (GO:0050776)","14/77",8.82586323052244e-05,0.00288922126508612,0,0,3.76277627762776,35.126416044998,"RSAD2;AMBP;FGL1;C8B;CFP;C8A;FCGR3A;FCGR3B;C6;TKFC;C7;IRF4;C9;FCGR2B","BP","Down",0.181818181818182,0.00288922126508612,14
"Regulation Of miRNA Transcription (GO:1902893)","12/59",9.0613632138231e-05,0.00293859162167908,0,0,4.31909158685554,40.206017117219,"IL10;FOSL1;EGR1;NGFR;JUN;NCOR1;MYC;ATOH8;FOS;GATA3;KLF4;ESR1","BP","Down",0.203389830508475,0.00293859162167908,12
"High-Density Lipoprotein Particle Remodeling (GO:0034375)","6/15",0.000100764325994874,0.00316245657244832,0,0,11.2397974381889,103.436778072052,"CETP;LIPC;LIPG;APOA1;APOC3;LCAT","BP","Down",0.4,0.00316245657244832,6
"Cholesterol Transport (GO:0030301)","11/51",0.000101120811267006,0.00316245657244832,0,0,4.64957360861759,42.7723324549381,"CETP;LIPC;STARD5;LIPG;APOA1;LCAT;APOC3;ABCA8;APOA5;ABCG4;LDLR","BP","Down",0.215686274509804,0.00316245657244832,11
"Positive Regulation Of Blood Coagulation (GO:0030194)","7/21",0.000101224554475309,0.00316245657244832,0,0,8.43515205724508,77.5879558282218,"THBD;APOH;SERPINE1;SERPINF2;NRG1;PLG;THBS1","BP","Down",0.333333333333333,0.00316245657244832,7
"Hexose Biosynthetic Process (GO:0019319)","9/35",0.000102008041931012,0.00316245657244832,0,0,5.84646401985112,53.7316873159146,"SORD;PCK1;ENO3;PPARGC1A;G6PC1;SLC39A14;FBP1;PGM1;PCK2","BP","Down",0.257142857142857,0.00316245657244832,9
"Positive Regulation Of Tumor Necrosis Factor Production (GO:0032760)","14/78",0.000102073526257698,0.00316245657244832,0,0,3.70378600360036,34.0371161680422,"IL33;ORM1;LILRA2;ORM2;THBS1;FCGR3A;IL6;OAS2;EHHADH;CCL3;CD14;TLR4;TLR3;PF4","BP","Down",0.179487179487179,0.00316245657244832,14
"Positive Regulation Of miRNA Transcription (GO:1902895)","10/43",0.000106418515543121,0.00321966853969481,0,0,5.12080445712733,46.8457898861877,"IL10;FOSL1;EGR1;NGFR;JUN;MYC;ATOH8;GATA3;FOS;KLF4","BP","Down",0.232558139534884,0.00321966853969481,10
"Negative Regulation Of Peptidase Activity (GO:0010466)","12/60",0.000107536683861648,0.00321966853969481,0,0,4.22888589398023,38.6421998112598,"SERPINA11;ECM1;SERPINA1;SERPINA10;SERPINE1;SERPINF2;FETUB;SERPING1;NRG1;SERPINB9;SERPINB8;SERPINA4","BP","Down",0.2,0.00321966853969481,12
"Sterol Metabolic Process (GO:0016125)","12/60",0.000107536683861648,0.00321966853969481,0,0,4.22888589398023,38.6421998112598,"CYP39A1;CETP;CYP26A1;CYP4V2;FAXDC2;ANGPTL3;APOF;APOA1;LCAT;CYP8B1;NR0B2;SULT2A1","BP","Down",0.2,0.00321966853969481,12
"Lipid Transport (GO:0006869)","17/108",0.000107631570779423,0.00321966853969481,0,0,3.16705676994486,28.9367533519999,"CETP;ACSL1;SLC10A1;MTTP;GOT2;ABCA8;APOA5;FABP1;SLCO1B1;SCP2;SLCO2B1;TTPA;EHHADH;SLCO1B3;LDLR;SLC27A5;MFSD2A","BP","Down",0.157407407407407,0.00321966853969481,17
"Heme Catabolic Process (GO:0042167)","5/10",0.000110875460415993,0.00328835767216664,0,0,16.8482142857143,153.438422272593,"SLCO1B1;AMBP;SLCO2B1;SLCO1B3;HMOX1","BP","Down",0.5,0.00328835767216664,5
"Positive Regulation Of Cellular Biosynthetic Process (GO:0031328)","23/174",0.000119803693376641,0.00352304081370291,0,0,2.58802177858439,23.3689464930234,"EGR1;NNMT;AGXT2;HGF;HBB;IGF1;PTH1R;PTGS2;KLF4;APOA5;THBS1;FOXO1;LARP1B;ASS1;IL6;ZEB2;IL1B;CPEB3;PPARGC1A;TLR4;LDLR;CD244;MFSD2A","BP","Down",0.132183908045977,0.00352304081370291,23
"Transmembrane Receptor Protein Serine/Threonine Kinase Signaling Pathway (GO:0007178)","19/130",0.000121050273030068,0.00352978527238938,0,0,2.90402880276298,26.1923203946665,"JUN;BMP10;AMHR2;HPGD;GDF2;APOA1;INHBA;FOS;GDF6;INHBC;BMP5;TGFBR3;ACVR1C;ID1;ATOH8;HIVEP1;SLC39A5;BMPR1B;FERMT2","BP","Down",0.146153846153846,0.00352978527238938,19
"Positive Regulation Of Interleukin-8 Production (GO:0032757)","12/61",0.000127102158898065,0.00367537076146905,0,0,4.14236206612025,37.1591392514762,"FCN1;IL6;EHHADH;IL1B;SERPINE1;GDF2;CD14;LILRA2;TLR4;TLR3;CD244;MYD88","BP","Down",0.19672131147541,0.00367537076146905,12
"Positive Regulation Of Phospholipase C Activity (GO:0010863)","9/36",0.000129274619342963,0.00370729693487671,0,0,5.62962962962963,50.4052918816413,"P2RY12;PDGFRA;C5AR1;ANG;NMUR1;AVPR1A;ESR1;SELE;RASGRP4","BP","Down",0.25,0.00370729693487671,9
"Lipid Hydroxylation (GO:0002933)","4/6",0.000136319906572014,0.00384577297402348,0,0,33.671721677074,299.695366886165,"CYP2C8;CYP4A22;CYP2E1;CYP3A4","BP","Down",0.666666666666667,0.00384577297402348,4
"Positive Regulation Of Icosanoid Secretion (GO:0032305)","4/6",0.000136319906572014,0.00384577297402348,0,0,33.671721677074,299.695366886165,"CYP4F2;IL1B;CYP4A11;PLA2R1","BP","Down",0.666666666666667,0.00384577297402348,4
"Transmembrane Receptor Protein Tyrosine Kinase Signaling Pathway (GO:0007169)","32/284",0.000147177053831391,0.00411858368383007,0,0,2.1636096951742,19.0914198722267,"RET;BLK;CSF1R;LTK;FLT3;ADRB2;FOXO1;RASGRP4;ART4;SOCS2;GHR;EFNB3;NAMPT;NTF3;PDK4;BLNK;ALKAL2;SAMD12;EPHB1;FGF23;PDGFRA;HGF;NRG1;IGF1;SLC39A14;CD4;NR4A3;AXL;CASS4;TEK;ANGPTL1;EPHA2","BP","Down",0.112676056338028,0.00411858368383007,32
"Reverse Cholesterol Transport (GO:0043691)","6/16",0.000153562223560351,0.00426288732603535,0,0,10.1152815013405,88.8263805972135,"CETP;LIPC;LIPG;APOA1;APOC3;LCAT","BP","Down",0.375,0.00426288732603535,6
"Second-Messenger-Mediated Signaling (GO:0019932)","13/72",0.000168095532313618,0.004629297596256,0,0,3.72832581392513,32.4027979815399,"P2RY12;LRRK2;FPR1;NDNF;FPR2;SELE;RCAN1;FCGR3A;EDNRB;AGTR1;CCL3;TNFSF11;NMUR1","BP","Down",0.180555555555556,0.004629297596256,13
"Positive Regulation Of Tumor Necrosis Factor Superfamily Cytokine Production (GO:1903557)","14/82",0.000177799208837757,0.00485797838320486,0,0,3.48517498808704,30.093983057799,"IL33;ORM1;LILRA2;ORM2;THBS1;FCGR3A;IL6;OAS2;EHHADH;CCL3;CD14;TLR4;TLR3;PF4","BP","Down",0.170731707317073,0.00485797838320486,14
"Positive Regulation Of Defense Response (GO:0031349)","18/124",0.00019737388227694,0.00535068258985142,0,0,2.87912256481055,24.5600980726652,"SIGLEC16;IL33;TSLP;SERPINE1;PDE2A;SH2D1B;CD1D;FPR2;MEFV;NLRP12;IL1B;AGTR1;CCL3;NLRP3;S100A12;TLR4;S100A8;TLR3","BP","Down",0.145161290322581,0.00535068258985142,18
"Cellular Response To Metal Ion (GO:0071248)","19/135",0.000200626678471803,0.00539670212633454,0,0,2.77811467232026,23.653048058321,"JUN;AOC1;LRRK2;MT1M;MT1X;ANK3;FOS;SYT9;CRHBP;MT2A;MT1A;DLG2;TFR2;MT1F;MT1G;MT1H;SLC13A5;FBP1;MT1E","BP","Down",0.140740740740741,0.00539670212633454,19
"Positive Regulation Of Interleukin-1 Production (GO:0032732)","12/64",0.000205100473379827,0.00543281406586258,0,0,3.90275761973875,33.1422590169044,"EGR1;ORM1;IL6;NLRP12;CCL3;SAA1;NLRP3;LILRA2;MEFV;ORM2;TLR4;MYD88","BP","Down",0.1875,0.00543281406586258,12
"Response To Metal Ion (GO:0010038)","12/64",0.000205100473379827,0.00543281406586258,0,0,3.90275761973875,33.1422590169044,"FGB;FGA;TRPV6;TFR2;HAAO;FGG;MT1X;AQP3;FXN;THBS1;HAMP;GPHN","BP","Down",0.1875,0.00543281406586258,12
"Defense Response To Bacterium (GO:0042742)","25/204",0.000209559279528818,0.00550886893912877,0,0,2.3737938039614,20.10722967769,"CRP;FCN2;PGLYRP2;SERPINE1;STAB2;FPR2;CFP;MPO;JCHAIN;STAB1;S100A12;GBP1;MBL2;GBP7;MPEG1;SELP;IL6;OAS2;IL1B;EHHADH;ANG;TLR4;TLR3;S100A8;MYD88","BP","Down",0.122549019607843,0.00550886893912877,25
"Regulation Of Angiogenesis (GO:0045765)","25/205",0.00022620413351249,0.00590171686682963,0,0,2.3604797979798,19.8140390800857,"ECM1;SERPINE1;THBS1;BMPER;ADAMTS1;APOH;STAB1;HMOX1;PTGIS;PRKCB;CD160;GDF2;NRG1;KLF4;DCN;RHOB;SFRP1;IL6;LRG1;IL1B;ANGPTL3;SPRY2;TEK;EPHA2;PF4","BP","Down",0.121951219512195,0.00590171686682963,25
"Purine Ribonucleotide Metabolic Process (GO:0009150)","14/84",0.000231157372001341,0.00598594090182576,0,0,3.38523852385239,28.3426110147864,"ACSM3;LRRK2;ACOT12;ACSM2A;AMPD1;ACSM5;GLYAT;ACAT1;SULT1A1;SULT1E1;ACOT2;MLYCD;SULT2A1;EPHA2","BP","Down",0.166666666666667,0.00598594090182576,14
"Fatty Acid Biosynthetic Process (GO:0006633)","12/65",0.000238839000528653,0.00611298599023593,0,0,3.82891725575955,31.9321011511294,"CYP2C9;CYP2C8;LIPC;ACSM3;CYP1A2;ACSM2A;ACSM5;MLYCD;CYP2E1;CYP3A4;ACACB;CBR4","BP","Down",0.184615384615385,0.00611298599023593,12
"Glutamine Family Amino Acid Metabolic Process (GO:0009064)","8/31",0.000241348438231217,0.00611298599023593,0,0,5.87038262426531,48.8959952287869,"ALDH4A1;GLUD1;GLYATL1;GOT1;CPS1;TAT;GOT2;ART4","BP","Down",0.258064516129032,0.00611298599023593,8
"Regulation Of Extrinsic Apoptotic Signaling Pathway Via Death Domain Receptors (GO:1902041)","8/31",0.000241348438231217,0.00611298599023593,0,0,5.87038262426531,48.8959952287869,"FGB;FGA;SFRP1;SERPINE1;FGG;HMOX1;THBS1;BMP5","BP","Down",0.258064516129032,0.00611298599023593,8
"Acylglycerol Homeostasis (GO:0055090)","7/24",0.000259692305167888,0.00652994419516357,0,0,6.94549089761128,57.3420636242912,"CETP;GCKR;LIPC;ANGPTL3;APOA1;APOC3;APOA5","BP","Down",0.291666666666667,0.00652994419516357,7
"Positive Regulation Of Interleukin-1 Beta Production (GO:0032731)","11/57",0.000287558991997667,0.00717863095130867,0,0,4.04181953009133,32.9573300165709,"EGR1;ORM1;IL6;NLRP12;CCL3;NLRP3;LILRA2;MEFV;ORM2;TLR4;MYD88","BP","Down",0.192982456140351,0.00717863095130867,11
"Aldehyde Catabolic Process (GO:0046185)","4/7",0.000303871045422876,0.00722478163224593,0,0,22.4466250371692,181.793131765398,"ALDH2;AGXT2;HOGA1;AGXT","BP","Down",0.571428571428571,0.00722478163224593,4
"Norepinephrine Metabolic Process (GO:0042415)","4/7",0.000303871045422876,0.00722478163224593,0,0,22.4466250371692,181.793131765398,"TH;RNF180;DBH;GATA3","BP","Down",0.571428571428571,0.00722478163224593,4
"Terpenoid Metabolic Process (GO:0006721)","4/7",0.000303871045422876,0.00722478163224593,0,0,22.4466250371692,181.793131765398,"CYP2C9;CYP2E1;CYP2C19;CYP3A4","BP","Down",0.571428571428571,0.00722478163224593,4
"Very-Low-Density Lipoprotein Particle Remodeling (GO:0034372)","4/7",0.000303871045422876,0.00722478163224593,0,0,22.4466250371692,181.793131765398,"CETP;LIPC;LCAT;APOA5","BP","Down",0.571428571428571,0.00722478163224593,4
"Gluconeogenesis (GO:0006094)","8/32",0.000306064236293992,0.00722478163224593,0,0,5.62548492987168,45.5198239143475,"PCK1;ENO3;PPARGC1A;G6PC1;SLC39A14;FBP1;PGM1;PCK2","BP","Down",0.25,0.00722478163224593,8
"Negative Regulation Of G1/S Transition Of Mitotic Cell Cycle (GO:2000134)","8/32",0.000306064236293992,0.00722478163224593,0,0,5.62548492987168,45.5198239143475,"PLK3;WEE1;DCUN1D3;FHL1;CCL2;INHBA;KLF4;MYO16","BP","Down",0.25,0.00722478163224593,8
"Phosphatidylinositol 3-Kinase Signaling (GO:0014065)","8/32",0.000306064236293992,0.00722478163224593,0,0,5.62548492987168,45.5198239143475,"LTK;FCGR3A;CD160;PIK3C2G;GATA3;IGF1;MYO16;ZFP36L1","BP","Down",0.25,0.00722478163224593,8
"Positive Regulation Of Synapse Assembly (GO:0051965)","8/32",0.000306064236293992,0.00722478163224593,0,0,5.62548492987168,45.5198239143475,"PTPRD;CLSTN2;NRXN1;SLITRK3;SLITRK6;WNT7A;IL1RAP;EPHB1","BP","Down",0.25,0.00722478163224593,8
"Porphyrin-Containing Compound Catabolic Process (GO:0006787)","5/12",0.000316932858715997,0.00733171346496341,0,0,12.0331632653061,96.9490377835051,"SLCO1B1;AMBP;SLCO2B1;SLCO1B3;HMOX1","BP","Down",0.416666666666667,0.00733171346496341,5
"Positive Regulation Of Vasoconstriction (GO:0045907)","5/12",0.000316932858715997,0.00733171346496341,0,0,12.0331632653061,96.9490377835051,"FGB;FGA;TBXA2R;FGG;AVPR1A","BP","Down",0.416666666666667,0.00733171346496341,5
"Steroid Catabolic Process (GO:0006706)","5/12",0.000316932858715997,0.00733171346496341,0,0,12.0331632653061,96.9490377835051,"SULT1E1;CYP1A2;HSD17B6;CYP3A4;FGF23","BP","Down",0.416666666666667,0.00733171346496341,5
"Negative Regulation Of Cellular Process (GO:0048523)","50/537",0.000333359831201939,0.0075657907503567,0,0,1.7561721025739,14.0604197663555,"CDA;BMP10;FHL1;WFDC1;RND1;ADAMTS1;MYC;CCN5;NKX3-1;IL10;KLF10;KLF11;MAP2K1;DSCAM;DUSP1;IGFBP3;P3H2;APOA1;NRG1;CBFA2T3;TENT5C;RHOB;TMIGD3;AZGP1;SFRP1;SFRP5;IL1B;ATF5;FBP1;HPGD;DCUN1D3;TACSTD2;PLG;GATA3;THBS1;BRINP2;BRINP1;WNT11;AGR3;CCL23;GDF2;LILRB1;INHBA;PODN;MYO16;BMP5;NR4A1;IL6;SCGB3A1;APOBEC3A","BP","Down",0.0931098696461825,0.0075657907503567,50
"Negative Regulation Of T Cell Activation (GO:0050868)","10/49",0.000335563334418288,0.0075657907503567,0,0,4.3316086006669,34.6515686433812,"IL10;CD274;CR1;SDC4;FGL1;LILRB1;VSIG4;PDCD1LG2;VTCN1;FCGR2B","BP","Down",0.204081632653061,0.0075657907503567,10
"Positive Regulation Of miRNA Metabolic Process (GO:2000630)","10/49",0.000335563334418288,0.0075657907503567,0,0,4.3316086006669,34.6515686433812,"IL10;FOSL1;EGR1;NGFR;JUN;MYC;ATOH8;FOS;GATA3;KLF4","BP","Down",0.204081632653061,0.0075657907503567,10
"Regulation Of T Cell Proliferation (GO:0042129)","13/77",0.000335772845981248,0.0075657907503567,0,0,3.4361370278777,27.4859201337223,"IL10;CD274;CR1;SDC4;ARG1;LILRB1;PDCD1LG2;CD1D;VTCN1;IL6;IL1B;VSIG4;IL6ST","BP","Down",0.168831168831169,0.0075657907503567,13
"Bile Acid Biosynthetic Process (GO:0006699)","7/25",0.000343286551985436,0.00758728876044243,0,0,6.55928244881733,52.3230355373177,"CYP39A1;SCP2;ACOX2;AKR1D1;CYP8B1;SLC27A2;SLC27A5","BP","Down",0.28,0.00758728876044243,7
"Purine Nucleoside Bisphosphate Metabolic Process (GO:0034032)","7/25",0.000343286551985436,0.00758728876044243,0,0,6.55928244881733,52.3230355373177,"ACSM3;ACOT12;ACOT2;ACSM2A;ACSM5;GLYAT;MLYCD","BP","Down",0.28,0.00758728876044243,7
"Ribonucleoside Bisphosphate Metabolic Process (GO:0033875)","7/25",0.000343286551985436,0.00758728876044243,0,0,6.55928244881733,52.3230355373177,"ACSM3;ACOT12;ACOT2;ACSM2A;ACSM5;GLYAT;MLYCD","BP","Down",0.28,0.00758728876044243,7
"Negative Regulation Of Epithelial Cell Migration (GO:0010633)","8/33",0.000384266762594727,0.00843927636837786,0,0,5.40017905102954,42.4679452708332,"BMP10;DUSP10;APOH;TACSTD2;GDF2;MCC;THBS1;DCN","BP","Down",0.242424242424242,0.00843927636837786,8
"Glucose Metabolic Process (GO:0006006)","11/59",0.000393544340338084,0.00858867208159216,0,0,3.87299895272292,30.3655388116845,"HK3;DCXR;SORD;PCK1;ENO3;SLC39A14;FBP1;PPARGC1A;G6PC1;PGM1;PCK2","BP","Down",0.186440677966102,0.00858867208159216,11
"Intracellular Iron Ion Homeostasis (GO:0006879)","10/50",0.000398576417081372,0.00859043582156746,0,0,4.22309417040359,33.0567397180843,"ALAS2;SCARA5;TFR2;MYC;GDF2;HMOX1;SLC39A14;FXN;CP;HAMP","BP","Down",0.2,0.00859043582156746,10
"Steroid Biosynthetic Process (GO:0006694)","10/50",0.000398576417081372,0.00859043582156746,0,0,4.22309417040359,33.0567397180843,"CYP39A1;SCP2;ACOX2;SRD5A2;SRD5A1;FAXDC2;AKR1D1;SLC27A2;CYP8B1;SLC27A5","BP","Down",0.2,0.00859043582156746,10
"Negative Regulation Of Cell Population Proliferation (GO:0008285)","38/379",0.000413520869829537,0.0088575149278302,0,0,1.90006663663072,14.8030440426786,"PLG;GATA3;THBS1;DUSP10;ACVR1C;ADAMTS1;MYC;HMOX1;SLC16A2;PPARGC1A;NKX3-1;IL10;KLF10;KLF11;CCL23;MAP2K1;PTGIR;CD300A;IGFBP3;P3H2;NRG1;INHBA;PODN;MCC;CBFA2T3;MYO16;BMP5;TGFBR3;TMIGD3;AZGP1;SFRP1;IL6;SFRP5;IL1B;ANG;ATF5;TRIB1;BMPR1B","BP","Down",0.100263852242744,0.0088575149278302,38
"Phagocytosis (GO:0006909)","12/69",0.000424977800159897,0.00904707341444688,0,0,3.55946469948456,27.6338103147132,"SRPX;MARCO;MEGF10;AXL;CEACAM4;TIMD4;CD302;CD14;FCGR2B;TLR4;LDLR;MYD88","BP","Down",0.173913043478261,0.00904707341444688,12
"Adenylate Cyclase-Activating G Protein-Coupled Receptor Signaling Pathway (GO:0007189)","16/110",0.000427810809254884,0.00905185065923443,0,0,2.88256623755348,22.3595748114768,"PTGIR;GPR65;PTGER2;GCGR;ADRB1;ADM;ADRB2;PTH1R;ADRA1B;ADRA2B;ADGRE1;ADGRG7;ADGRB3;TBXA2R;ADGRG6;PF4","BP","Down",0.145454545454545,0.00905185065923443,16
"Regulation Of Vasoconstriction (GO:0019229)","7/26",0.000447122894187176,0.00934484523600182,0,0,6.21372752094906,47.9244737704856,"FGB;FGA;TBXA2R;FGG;AGTR1;ADM;AVPR1A","BP","Down",0.269230769230769,0.00934484523600182,7
"Regulation Of Neuroinflammatory Response (GO:0150077)","6/19",0.000449737508476169,0.00934484523600182,0,0,7.77974840173232,59.9573264287365,"IL33;CD200R1;IL6;IL1B;IGF1;PTGS2","BP","Down",0.315789473684211,0.00934484523600182,6
"Regulation Of Vascular Endothelial Growth Factor Signaling Pathway (GO:1900746)","6/19",0.000449737508476169,0.00934484523600182,0,0,7.77974840173232,59.9573264287365,"CCBE1;TNXB;SORD;SPRY2;NRG1;DCN","BP","Down",0.315789473684211,0.00934484523600182,6
"Regulation Of Synapse Assembly (GO:0051963)","10/51",0.000471126862500621,0.00973101317188784,0,0,4.11987312698239,31.5598066947638,"PTPRD;CLSTN2;IL1RAPL2;NRXN1;SLITRK3;SLITRK6;WNT7A;IL1RAP;PDLIM5;EPHB1","BP","Down",0.196078431372549,0.00973101317188784,10
"Negative Regulation Of Inflammatory Response (GO:0050728)","16/111",0.00047426723127645,0.00973791297354605,0,0,2.85207156755731,21.8290131444764,"IL10;APCS;IL33;PTGIS;APOA1;FPR2;GATA3;IGF1;MEFV;KLF4;CD200R1;NLRP12;FNDC4;SAA1;NLRP3;TEK","BP","Down",0.144144144144144,0.00973791297354605,16
"Negative Regulation Of Epithelial Cell Proliferation (GO:0050680)","12/70",0.000487065533175266,0.00974004633178325,0,0,3.49790872757691,26.6789412073858,"TGFBR3;SFRP1;DUSP10;APOH;ATOH8;KLF9;SORD;GDF2;GATA3;MCC;THBS1;NKX3-1","BP","Down",0.171428571428571,0.00974004633178325,12
"Negative Regulation Of Extrinsic Apoptotic Signaling Pathway (GO:2001237)","12/70",0.000487065533175266,0.00974004633178325,0,0,3.49790872757691,26.6789412073858,"FGB;FGA;EYA2;IL1B;SERPINE1;FGG;HMOX1;IGF1;THBS1;MCL1;BMP5;PF4","BP","Down",0.171428571428571,0.00974004633178325,12
"Neutrophil Chemotaxis (GO:0030593)","12/70",0.000487065533175266,0.00974004633178325,0,0,3.49790872757691,26.6789412073858,"CCL23;CXCR1;CCL4;CXCR2;CCL3;SAA1;CCL2;S100A12;PPBP;CXCL2;S100A8;PF4","BP","Down",0.171428571428571,0.00974004633178325,12
"Acute-Phase Response (GO:0006953)","5/13",0.00049121271125708,0.00974004633178325,0,0,10.5284598214286,80.2124746300953,"CRP;APCS;IL6;EHHADH;MBL2","BP","Down",0.384615384615385,0.00974004633178325,5
"Cellular Modified Amino Acid Catabolic Process (GO:0042219)","5/13",0.00049121271125708,0.00974004633178325,0,0,10.5284598214286,80.2124746300953,"ALDH4A1;GOT2;SARDH;HOGA1;AGXT","BP","Down",0.384615384615385,0.00974004633178325,5
"Negative Regulation Of Bone Mineralization (GO:0030502)","5/13",0.00049121271125708,0.00974004633178325,0,0,10.5284598214286,80.2124746300953,"CCR1;SRGN;ECM1;CCL3;FGF23","BP","Down",0.384615384615385,0.00974004633178325,5
"Regulation Of Epithelial Cell Proliferation (GO:0050678)","14/91",0.000539797625865452,0.0106426009190518,0,0,3.07634399803617,23.1473851521317,"C5AR1;IGF1;MCC;ZFP36L1;BMP5;TGFBR3;EPB41L4B;NR4A1;ZFP36;SFRP1;DUSP10;NR4A3;MYC;NKX3-1","BP","Down",0.153846153846154,0.0106426009190518,14
"Lipid Biosynthetic Process (GO:0008610)","12/71",0.000556615239052446,0.0108628183348979,0,0,3.43843939878478,25.7664143986985,"LIPC;ACSM3;SCP2;SRD5A2;ACSL1;SRD5A1;ACSM2A;FITM1;ACSM5;MLYCD;ACACB;CBR4","BP","Down",0.169014084507042,0.0108628183348979,12
"Cellular Response To Interleukin-1 (GO:0071347)","13/81",0.000557228145133093,0.0108628183348979,0,0,3.23332363520948,24.2257931079303,"EGR1;CCL23;PTGIS;IL1RAP;SFRP1;IL1B;CCL4;CCL3;CCL2;HAS2;GBP1;MYD88;NKX3-1","BP","Down",0.160493827160494,0.0108628183348979,13
"Activation Of Phospholipase C Activity (GO:0007202)","7/27",0.000574554736544214,0.0109502332615809,0,0,5.90272808586762,44.0456563567812,"P2RY12;C5AR1;ANG;NMUR1;AVPR1A;SELE;RASGRP4","BP","Down",0.259259259259259,0.0109502332615809,7
"Positive Regulation Of Nitric Oxide Biosynthetic Process (GO:0045429)","7/27",0.000574554736544214,0.0109502332615809,0,0,5.90272808586762,44.0456563567812,"AGXT2;IL1B;HBB;PTGS2;KLF4;TLR4;ASS1","BP","Down",0.259259259259259,0.0109502332615809,7
"Embryonic Digestive Tract Morphogenesis (GO:0048557)","4/8",0.000580646374677486,0.0109502332615809,0,0,16.8340767172168,125.436911264178,"PDGFRA;FOXF1;ID2;TCF21","BP","Down",0.5,0.0109502332615809,4
"Fat-Soluble Vitamin Catabolic Process (GO:0042363)","4/8",0.000580646374677486,0.0109502332615809,0,0,16.8340767172168,125.436911264178,"CYP26A1;CYP4F2;CYP3A4;FGF23","BP","Down",0.5,0.0109502332615809,4
"Negative Regulation Of Production Of Molecular Mediator Of Immune Response (GO:0002701)","4/8",0.000580646374677486,0.0109502332615809,0,0,16.8340767172168,125.436911264178,"IL10;CR1;LILRB1;FCGR2B","BP","Down",0.5,0.0109502332615809,4
"Triglyceride-Rich Lipoprotein Particle Remodeling (GO:0034370)","4/8",0.000580646374677486,0.0109502332615809,0,0,16.8340767172168,125.436911264178,"CETP;LIPC;LCAT;APOA5","BP","Down",0.5,0.0109502332615809,4
"Negative Regulation Of Apoptotic Process (GO:0043066)","45/482",0.000611852144659542,0.011368211426423,0,0,1.75800915331808,13.0075447068537,"LTK;CITED2;FHL2;NDNF;VTCN1;ASCL1;MPO;THBS1;NUGGC;FOXO1;SOCS2;SOCS3;HMGN5;MYC;APOH;NTF3;PIM1;PDK4;CCL2;PPARGC1A;MCL1;IL10;PLK3;EGR3;TSLP;HGF;SERPINB9;IGF1;KLF4;FABP1;NR4A2;MAG;SFRP1;IL6;TCIM;AXL;ALB;IL2RB;CAT;SPRY2;TEK;ATF5;IL6ST;FXN;RETREG1","BP","Down",0.0933609958506224,0.011368211426423,45
"Positive Regulation Of Leukocyte Activation (GO:0002696)","6/20",0.000612090515517879,0.011368211426423,0,0,7.2236690923018,53.4452576390443,"IL33;TSLP;EHHADH;CD226;THBS1;TLR4","BP","Down",0.3,0.011368211426423,6
"Fat Cell Differentiation (GO:0045444)","11/62",0.000612638483210693,0.011368211426423,0,0,3.64459464216566,26.9617473353403,"NR4A2;NR4A1;EGR2;STEAP4;NR4A3;ATF5;ZFPM2;GDF6;KLF4;PPARGC1A;FOXO1","BP","Down",0.17741935483871,0.011368211426423,11
"Positive Regulation Of Cellular Process (GO:0048522)","53/594",0.000618883806940972,0.0114230149472616,0,0,1.67548693684995,12.3778155894174,"VIPR1;FLT3;CITED2;CD81;HP;HBB;EPB41L4B;ZFP36;HMGN5;MYC;NAMPT;DPF3;NKX3-1;MFSD2A;PDGFRA;CR1;SERPINF2;GLP2R;NRG1;LIFR;AVPR1A;HBA1;SFRP1;GAREM1;IL1B;IL6ST;FXN;TLR4;S100A8;TSPYL5;CSF1R;CTF1;TNXB;CCDC25;LILRA2;THBS1;ZFP36L1;SERTAD1;NTF3;CXCR2;HAS2;FGF23;WNT2;LGI1;EGR2;TSLP;IGF1;BMP5;FOSL1;IL6;CXCL12;SAA1;FCGR2B","BP","Down",0.0892255892255892,0.0114230149472616,53
"Regulation Of Interleukin-6 Production (GO:0032675)","16/114",0.000640491416648325,0.0117592868559243,0,0,2.76432159879281,20.3268164558098,"IL10;SIGLEC16;IL33;ORM1;TSLP;LILRA2;SCIMP;IL6;CD200R1;NLRP12;EHHADH;IL1B;TLR4;MYD88;TLR3;MBL2","BP","Down",0.140350877192982,0.0117592868559243,16
"Positive Regulation Of Chemokine Production (GO:0032722)","10/53",0.000649259440033337,0.0117998286751727,0,0,3.92783397643133,28.8290372828573,"CSF1R;EGR1;IL33;IL6;TSLP;IL1B;HMOX1;TLR4;TLR3;MBL2","BP","Down",0.188679245283019,0.0117998286751727,10
"Positive Regulation Of Intracellular Signal Transduction (GO:1902533)","48/525",0.000649500656183856,0.0117998286751727,0,0,1.71900749227706,12.6163232252967,"RET;ECM1;LRRC19;FLT3;CD81;PELI2;GATA3;ADRB2;ADRA1B;THBS1;ART4;NR3C2;WNT11;FAM110C;CCL4;CCL3;HMOX1;S100A12;TNFSF11;NLRP3;NKX3-1;P2RY12;PDGFRA;PRKCB;HGF;IGF1;ADRA2B;DCN;SELP;NLRP12;IL6;CD4;FRMD6;P2RX3;TCIM;AXL;IL1B;CASS4;TRIM58;SPRY2;TEK;TLR4;FERMT2;S100A8;MYD88;TLR3;TSPYL5;AVPI1","BP","Down",0.0914285714285714,0.0117998286751727,48
"Negative Regulation Of T Cell Proliferation (GO:0042130)","8/36",0.000720824179545467,0.0127156287214187,0,0,4.82082107686405,34.8791963645797,"IL10;CD274;CR1;SDC4;LILRB1;VTCN1;VSIG4;PDCD1LG2","BP","Down",0.222222222222222,0.0127156287214187,8
"Granulocyte Chemotaxis (GO:0071621)","12/73",0.000720913506207494,0.0127156287214187,0,0,3.32535018337678,24.0588799505429,"CCL23;CXCR1;CCL4;CXCR2;CCL3;SAA1;CCL2;S100A12;PPBP;CXCL2;S100A8;PF4","BP","Down",0.164383561643836,0.0127156287214187,12
"Monocarboxylic Acid Transport (GO:0015718)","12/73",0.000720913506207494,0.0127156287214187,0,0,3.32535018337678,24.0588799505429,"FABP1;SLCO1B1;ACSL1;SLC10A1;SLCO2B1;SLCO1B3;GOT2;SLC6A12;SLC16A2;SLC16A4;SLC27A5;MFSD2A","BP","Down",0.164383561643836,0.0127156287214187,12
"Pathway-Restricted SMAD Protein Phosphorylation (GO:0060389)","5/14",0.000728844401622342,0.0127156287214187,0,0,9.35813492063492,67.6036372833847,"TGFBR3;BMP10;AMHR2;GDF2;GDF6","BP","Down",0.357142857142857,0.0127156287214187,5
"Positive Regulation Of Acute Inflammatory Response (GO:0002675)","5/14",0.000728844401622342,0.0127156287214187,0,0,9.35813492063492,67.6036372833847,"IL6;IL1B;C2CD4B;PTGS2;IL6ST","BP","Down",0.357142857142857,0.0127156287214187,5
"Fatty Acid Derivative Biosynthetic Process (GO:1901570)","7/28",0.000729224817164937,0.0127156287214187,0,0,5.62134764460346,40.6059648198473,"GGT5;GCDH;HMGCL;HMGCS2;HMGCLL1;SLC27A2;SLC27A5","BP","Down",0.25,0.0127156287214187,7
"Positive Regulation Of Nitric Oxide Metabolic Process (GO:1904407)","7/28",0.000729224817164937,0.0127156287214187,0,0,5.62134764460346,40.6059648198473,"AGXT2;IL1B;HBB;PTGS2;KLF4;TLR4;ASS1","BP","Down",0.25,0.0127156287214187,7
"Regulation Of Platelet Activation (GO:0010543)","7/28",0.000729224817164937,0.0127156287214187,0,0,5.62134764460346,40.6059648198473,"SELP;THBD;PDGFRA;C1QTNF1;NRG1;GP5;TLR4","BP","Down",0.25,0.0127156287214187,7
"Positive Regulation Of Macromolecule Metabolic Process (GO:0010604)","36/364",0.000744397625715583,0.0129152988061654,0,0,1.86928038701875,13.4643055408138,"CRP;CITED2;EPB41L4B;C1QTNF1;HMGN5;MYC;CCL3;PPARGC1A;FGF23;SLC38A2;NKX3-1;EGR1;IL33;MAP2K1;GCGR;EPHX2;PDE2A;WNT7A;LILRB1;ANK3;IGF1;INHBA;KLF4;NR0B2;IL6;ID2;IL1B;HAND2;AGTR1;SPRY2;BMPR1B;TLR4;TLR3;MYD88;PF4;RBMS3","BP","Down",0.0989010989010989,0.0129152988061654,36
"Regulation Of Interleukin-1 Beta Production (GO:0032651)","13/84",0.000795051083092598,0.013725508747917,0,0,3.09621035565913,22.0979759022233,"EGR1;ORM1;APOA1;IGF1;LILRA2;MEFV;ORM2;IL6;NLRP12;CCL3;NLRP3;TLR4;MYD88","BP","Down",0.154761904761905,0.013725508747917,13
"Negative Regulation Of Biomineral Tissue Development (GO:0070168)","6/21",0.000816437896031025,0.0139558596021067,0,0,6.74173369079535,47.9374999549294,"CCR1;SRGN;ECM1;HEY2;CCL3;FGF23","BP","Down",0.285714285714286,0.0139558596021067,6
"Positive Regulation Of T Cell Cytokine Production (GO:0002726)","6/21",0.000816437896031025,0.0139558596021067,0,0,6.74173369079535,47.9374999549294,"IL6;RSAD2;CD81;IL1B;NLRP3;IL18R1","BP","Down",0.285714285714286,0.0139558596021067,6
"Regulation Of p38MAPK Cascade (GO:1900744)","8/37",0.000874880573089025,0.0148815470030339,0,0,4.65433890037971,32.773169768675,"DUSP10;GADD45B;DUSP1;HAND2;IL1B;SORD;GDF6;GADD45G","BP","Down",0.216216216216216,0.0148815470030339,8
"Calcium-Mediated Signaling (GO:0019722)","13/85",0.000891180807922699,0.0150848653828867,0,0,3.05304506394884,21.4414232056903,"P2RY12;LRRK2;FPR2;SELE;SLC8A1;SELP;RCAN1;FCGR3A;EDNRB;AGTR1;CCL3;TNFSF11;NMUR1","BP","Down",0.152941176470588,0.0150848653828867,13
"Response To Hydrogen Peroxide (GO:0042542)","9/46",0.000911987692656141,0.0153621227840622,0,0,4.10592850915432,28.7410235345358,"FABP1;IL6;CAT;HP;HBB;HMOX1;HBA1;FXN;RHOB","BP","Down",0.195652173913043,0.0153621227840622,9
"Negative Regulation Of Leukocyte Migration (GO:0002686)","4/9",0.000998657191058148,0.0165805763300085,0,0,13.4665477252453,93.0417112913167,"CD200R1;CD300A;HMOX1;BMP5","BP","Down",0.444444444444444,0.0165805763300085,4
"Negative Regulation Of Vascular Endothelial Growth Factor Signaling Pathway (GO:1900747)","4/9",0.000998657191058148,0.0165805763300085,0,0,13.4665477252453,93.0417112913167,"SORD;SPRY2;NRG1;DCN","BP","Down",0.444444444444444,0.0165805763300085,4
"Primary Alcohol Catabolic Process (GO:0034310)","4/9",0.000998657191058148,0.0165805763300085,0,0,13.4665477252453,93.0417112913167,"SULT1A1;SULT1E1;HAO1;SULT2A1","BP","Down",0.444444444444444,0.0165805763300085,4
"Positive Regulation Of Metabolic Process (GO:0009893)","15/108",0.00104196292020835,0.016863396005148,0,0,2.72914850334205,18.7401046270784,"KDM6B;ACSL1;G0S2;ADRB1;OXT;ADRB2;DBH;GADD45G;JCHAIN;GATM;CPT2;IRF4;ALPL;TRPM8;PPARGC1A","BP","Down",0.138888888888889,0.016863396005148,15
"Response To Tumor Necrosis Factor (GO:0034612)","15/108",0.00104196292020835,0.016863396005148,0,0,2.72914850334205,18.7401046270784,"CCL23;GCH1;LRRK2;GATA3;SELE;ZFP36L1;CRHBP;ZFP36;SFRP1;CCL4;CCL3;CCL2;HAS2;GBP1;NKX3-1","BP","Down",0.138888888888889,0.016863396005148,15
"Positive Regulation Of Interleukin-6 Production (GO:0032755)","12/76",0.00104204676415607,0.016863396005148,0,0,3.16896900269542,21.7599425964803,"IL33;SIGLEC16;IL6;TSLP;EHHADH;IL1B;LILRA2;TLR4;SCIMP;TLR3;MYD88;MBL2","BP","Down",0.157894736842105,0.016863396005148,12
"Defense Response To Protozoan (GO:0042832)","5/15",0.00104288606758084,0.016863396005148,0,0,8.421875,57.8226006646981,"GBP7;IRF4;GBP1;MYD88;PF4","BP","Down",0.333333333333333,0.016863396005148,5
"Negative Regulation Of Protein Processing (GO:0010955)","5/15",0.00104288606758084,0.016863396005148,0,0,8.421875,57.8226006646981,"LRRK2;SERPINE1;SERPINF2;GAS1;THBS1","BP","Down",0.333333333333333,0.016863396005148,5
"Negative Regulation Of Epithelial Cell Apoptotic Process (GO:1904036)","8/38",0.001054252326316,0.016863396005148,0,0,4.498955535661,30.839995841197,"FGB;IL10;FGA;SERPINE1;FGG;NDNF;GATA3;TEK","BP","Down",0.210526315789474,0.016863396005148,8
"Response To Transforming Growth Factor Beta (GO:0071559)","8/38",0.001054252326316,0.016863396005148,0,0,4.498955535661,30.839995841197,"SFRP1;FNDC4;PDE2A;WNT7A;SOX6;WNT2;MXRA5;ZFP36L1","BP","Down",0.210526315789474,0.016863396005148,8
"Cellular Response To BMP Stimulus (GO:0071773)","11/66",0.0010545697213594,0.016863396005148,0,0,3.37881508078995,23.1605016811612,"TGFBR3;BMP10;SFRP1;AMHR2;HIVEP1;GDF2;SLC39A5;INHBA;GDF6;BMPR1B;INHBC","BP","Down",0.166666666666667,0.016863396005148,11
"Positive Regulation Of Smooth Muscle Cell Proliferation (GO:0048661)","9/47",0.00107251916781926,0.0170717500565727,0,0,3.99766553480475,27.3350176631183,"IL10;JUN;IL6;NR4A3;ID2;SERPINF2;HMOX1;IGF1;THBS1","BP","Down",0.191489361702128,0.0170717500565727,9
"Negative Regulation Of Myeloid Leukocyte Differentiation (GO:0002762)","7/30",0.00113625353214416,0.0179704401653913,0,0,5.13199035544839,34.7949911112693,"APCS;MYC;CCL3;INHBA;TLR4;TLR3;C1QC","BP","Down",0.233333333333333,0.0179704401653913,7
"MAPK Cascade (GO:0000165)","14/98",0.00114500535099053,0.0179704401653913,0,0,2.81893189318932,19.0907820426908,"MAP2K3;DUSP5;MAP2K1;LRRK2;IGF1;DUSP6;ZFP36L1;ZFP36;MYC;IL1B;CCL3;CCL2;MBL2;PTPN3","BP","Down",0.142857142857143,0.0179704401653913,14
"Positive Regulation Of Cold-Induced Thermogenesis (GO:0120162)","14/98",0.00114500535099053,0.0179704401653913,0,0,2.81893189318932,19.0907820426908,"KDM6B;ACSL1;G0S2;ADRB1;OXT;ADRB2;DBH;GADD45G;GATM;CPT2;IRF4;ALPL;TRPM8;PPARGC1A","BP","Down",0.142857142857143,0.0179704401653913,14
"Positive Regulation Of Cell Population Proliferation (GO:0008284)","44/483",0.00114969386648901,0.0179704401653913,0,0,1.70934277929615,11.5692756330963,"CSF1R;BMP10;VIPR1;CTF1;TNXB;MEGF10;FLT3;CD81;C5AR1;THBS1;HMGN5;SERTAD1;MYC;NAMPT;NTF3;CXCR2;PIM1;HMOX1;HAS2;FGF23;WNT2;NKX3-1;PDGFRA;CR1;TSLP;SERPINF2;GLP2R;NRG1;LIFR;IGF1;AVPR1A;BMP5;FOSL1;TGFBR3;SFRP1;IL6;GAREM1;NR4A3;ID2;IL1B;IL6ST;ZFPM2;FXN;TSPYL5","BP","Down",0.0910973084886128,0.0179704401653913,44
"Monoatomic Cation Homeostasis (GO:0055080)","12/77",0.00117243618634311,0.0181622927080829,0,0,3.1200497615592,21.0561908558018,"TRPV6;TFR2;CYP4F2;CYP4A11;SLC39A5;HMOX1;ALPL;ANK3;SLC39A14;HAMP;SLC8A1;SLC9B2","BP","Down",0.155844155844156,0.0181622927080829,12
"Neutrophil Migration (GO:1990266)","12/77",0.00117243618634311,0.0181622927080829,0,0,3.1200497615592,21.0561908558018,"CCL23;CXCR1;CCL4;CXCR2;CCL3;SAA1;CCL2;S100A12;PPBP;CXCL2;S100A8;PF4","BP","Down",0.155844155844156,0.0181622927080829,12
"Regulation Of MAPK Cascade (GO:0043408)","23/204",0.00118204565671544,0.0182297707946782,0,0,2.1556085870993,14.5298985086037,"RET;DUSP5;CSF1R;DUSP2;MAP2K1;DUSP1;CD81;FLT3;PELI2;IGF1;ADRB2;ADRA1B;ADRA2B;DUSP6;ART4;TGFBR3;IL6;CD4;IL1B;TEK;EPHB1;EPHA2;AVPI1","BP","Down",0.112745098039216,0.0182297707946782,23
"Regulation Of Nitric Oxide Biosynthetic Process (GO:0045428)","8/39",0.00126182419360746,0.0193740263354774,0,0,4.35359690414994,29.0611162638098,"PTGIS;AGXT2;IL1B;HBB;PTGS2;KLF4;TLR4;ASS1","BP","Down",0.205128205128205,0.0193740263354774,8
"Negative Regulation Of Multicellular Organismal Process (GO:0051241)","25/231",0.00133093595351299,0.0203451443114101,0,0,2.05968667255075,13.6389832766567,"PON1;TACSTD2;ADM;GATA3;CRHBP;RPS6KA6;DUSP10;ACVR1C;WNT11;NKX3-1;IL10;SRGN;GBP7;APOA1;APOC3;MCC;BMP5;SFRP1;NLRP12;IL1B;ID1;SPRY2;FCGR2B;TLR4;IL18R1","BP","Down",0.108225108225108,0.0203451443114101,25
"Receptor-Mediated Endocytosis (GO:0006898)","16/122",0.00134428936817672,0.0204591408226895,0,0,2.55460469231162,16.8907645966259,"CLEC4M;CD81;STAB2;ADM;LILRB1;ADRB2;CLEC9A;SORL1;MARCO;CXCR1;TFR2;MRC1;STAB1;CXCR2;FCGR2B;LDLR","BP","Down",0.131147540983607,0.0204591408226895,16
"Negative Regulation Of Extrinsic Apoptotic Signaling Pathway Via Death Domain Receptors (GO:1902042)","6/23",0.00137892100878741,0.0208037213064883,0,0,5.94795773537297,39.1759497998612,"FGB;FGA;FGG;SERPINE1;HMOX1;BMP5","BP","Down",0.260869565217391,0.0208037213064883,6
"Regulation Of Cardiac Muscle Hypertrophy (GO:0010611)","6/23",0.00137892100878741,0.0208037213064883,0,0,5.94795773537297,39.1759497998612,"BMP10;MLIP;NR4A3;HAND2;IGF1;IL6ST","BP","Down",0.260869565217391,0.0208037213064883,6
"Positive Regulation Of Cholesterol Transport (GO:0032376)","7/31",0.00139726852083189,0.0208988007210632,0,0,4.91789654144305,32.3264946136015,"CETP;SCP2;PON1;LIPG;APOA1;ABCA8;CYP8B1","BP","Down",0.225806451612903,0.0208988007210632,7
"Triglyceride Homeostasis (GO:0070328)","7/31",0.00139726852083189,0.0208988007210632,0,0,4.91789654144305,32.3264946136015,"CETP;GCKR;LIPC;ANGPTL3;APOA1;APOC3;APOA5","BP","Down",0.225806451612903,0.0208988007210632,7
"Regulation Of Cold-Induced Thermogenesis (GO:0120161)","18/146",0.00143179573723986,0.0209230313374628,0,0,2.38147865853659,15.5958890293261,"KDM6B;ACSL1;G0S2;ADRB1;OXT;ADRB2;DBH;GADD45G;GATM;ACADL;CPT2;IRF4;ID1;ALPL;TRPM8;PPARGC1A;TLR4;IL18R1","BP","Down",0.123287671232877,0.0209230313374628,18
"acetyl-CoA Metabolic Process (GO:0006084)","5/16",0.00144712608674094,0.0209230313374628,0,0,7.65584415584416,50.0552542110381,"TDO2;HMGCS2;MLYCD;ACACB;ACAT1","BP","Down",0.3125,0.0209230313374628,5
"Activin Receptor Signaling Pathway (GO:0032924)","5/16",0.00144712608674094,0.0209230313374628,0,0,7.65584415584416,50.0552542110381,"BMP10;ACVR1C;GDF2;INHBA;GDF6","BP","Down",0.3125,0.0209230313374628,5
"Positive Regulation Of Cardiac Muscle Tissue Growth (GO:0055023)","5/16",0.00144712608674094,0.0209230313374628,0,0,7.65584415584416,50.0552542110381,"TGFBR3;BMP10;PIM1;IGF1;ZFPM2","BP","Down",0.3125,0.0209230313374628,5
"Positive Regulation Of Homotypic Cell-Cell Adhesion (GO:0034112)","5/16",0.00144712608674094,0.0209230313374628,0,0,7.65584415584416,50.0552542110381,"IL6;MMRN1;TNFSF11;GP6;IL6ST","BP","Down",0.3125,0.0209230313374628,5
"Positive Regulation Of Muscle Hypertrophy (GO:0014742)","5/16",0.00144712608674094,0.0209230313374628,0,0,7.65584415584416,50.0552542110381,"BMP10;NR4A3;HAND2;IGF1;IL6ST","BP","Down",0.3125,0.0209230313374628,5
"Regulation Of B Cell Receptor Signaling Pathway (GO:0050855)","5/16",0.00144712608674094,0.0209230313374628,0,0,7.65584415584416,50.0552542110381,"CD300A;CD81;PRKCB;NFAM1;FCGR2B","BP","Down",0.3125,0.0209230313374628,5
"Regulation Of Fatty Acid Oxidation (GO:0046320)","5/16",0.00144712608674094,0.0209230313374628,0,0,7.65584415584416,50.0552542110381,"NR4A3;ACADL;PDK4;MLYCD;PPARGC1A","BP","Down",0.3125,0.0209230313374628,5
"Organonitrogen Compound Biosynthetic Process (GO:1901566)","16/123",0.0014664697496335,0.0211147304200342,0,0,2.53059504647616,16.5118727794483,"ALAS2;GSTM1;ALAS1;GCH1;APOA1;LCAT;INHBA;SGMS2;FMO3;GPHN;ASS1;CPS1;DMD;PLPP3;MFSD2A;OTC","BP","Down",0.130081300813008,0.0211147304200342,16
"Negative Regulation Of Mitotic Cell Cycle Phase Transition (GO:1901991)","8/40",0.00150064619836356,0.0215175301996759,0,0,4.21732318710833,27.4204426799346,"WEE1;DCUN1D3;FHL1;CCL2;INHBA;KLF4;MYO16;ZFP36L1","BP","Down",0.2,0.0215175301996759,8
"Regulation Of Endopeptidase Activity (GO:0052548)","11/69",0.00153581851741719,0.0217436934869521,0,0,3.20353804246889,20.7547356594186,"SERPINA11;SERPINA1;SERPINA10;SERPINE1;SERPINF2;FETUB;SERPING1;NRG1;SERPINB9;SERPINB8;SERPINA4","BP","Down",0.159420289855072,0.0217436934869521,11
"Cellular Response To Chemokine (GO:1990869)","10/59",0.00154183085416553,0.0217436934869521,0,0,3.44577651688478,22.3106610792677,"CCR1;CCL23;CXCL12;DUSP1;CCL4;CCL3;CCL2;PPBP;CXCL2;PF4","BP","Down",0.169491525423729,0.0217436934869521,10
"Metal Ion Transport (GO:0030001)","20/171",0.00154324871159632,0.0217436934869521,0,0,2.24434389140271,14.5295805595069,"CCR1;TRPC5;KCNJ10;KCND3;SLC41A2;KCNA3;KCNJ15;KCNK17;SLC5A1;SLC4A4;SLC9B2;TRPV6;NIPAL1;SCN11A;TRPV4;CCL3;SCN7A;KCNN2;NMUR1;SGK1","BP","Down",0.116959064327485,0.0217436934869521,20
"Aromatic Amino Acid Family Catabolic Process (GO:0009074)","4/10",0.00159051491554248,0.0217436934869521,0,0,11.2215283972643,72.3081341309082,"GSTZ1;QDPR;TAT;KMO","BP","Down",0.4,0.0217436934869521,4
"Positive Regulation Of Transforming Growth Factor Beta Production (GO:0071636)","4/10",0.00159051491554248,0.0217436934869521,0,0,11.2215283972643,72.3081341309082,"TNXB;SERPINF2;PTGS2;THBS1","BP","Down",0.4,0.0217436934869521,4
"Response To Corticosteroid (GO:0031960)","4/10",0.00159051491554248,0.0217436934869521,0,0,11.2215283972643,72.3081341309082,"IL10;IL1RN;IL6;GOT1","BP","Down",0.4,0.0217436934869521,4
"Regulation Of Cell Population Proliferation (GO:0042127)","63/766",0.0016063311697879,0.0217436934869521,0,0,1.53342816500711,9.86577392613638,"VIPR1;FLT3;CD81;HMGN5;ADAMTS1;MYC;NAMPT;JUNB;NKX3-1;IL10;KLF10;PDGFRA;KLF11;MAP2K1;CR1;IGFBP3;GLP2R;P3H2;NRG1;LIFR;AVPR1A;ECRG4;CBFA2T3;TMIGD3;AZGP1;SFRP1;GAREM1;SFRP5;IL1B;AGTR1;ATF5;IL6ST;SGK1;FXN;TSPYL5;CSF1R;LTK;CTF1;TNXB;PLG;GATA3;THBS1;ZFP36L1;SERTAD1;NTF3;CXCR2;HAS2;FGF23;WNT2;JUN;CCL23;TSLP;IGF1;INHBA;PODN;MYO16;BMP5;FOSL1;IL6;NR4A3;ID2;SCGB3A1;PF4","BP","Down",0.0822454308093995,0.0217436934869521,63
"L-phenylalanine Catabolic Process (GO:0006559)","3/5",0.0016292104629993,0.0217436934869521,0,0,25.2312834224599,161.976254881347,"GSTZ1;QDPR;TAT","BP","Down",0.6,0.0217436934869521,3
"L-phenylalanine Metabolic Process (GO:0006558)","3/5",0.0016292104629993,0.0217436934869521,0,0,25.2312834224599,161.976254881347,"GSTZ1;QDPR;TAT","BP","Down",0.6,0.0217436934869521,3
"Aspartate Metabolic Process (GO:0006531)","3/5",0.0016292104629993,0.0217436934869521,0,0,25.2312834224599,161.976254881347,"GOT1;GOT2;ASS1","BP","Down",0.6,0.0217436934869521,3
"Detection Of Molecule Of Bacterial Origin (GO:0032490)","3/5",0.0016292104629993,0.0217436934869521,0,0,25.2312834224599,161.976254881347,"EHHADH;SSC5D;TLR4","BP","Down",0.6,0.0217436934869521,3
"Erythrose 4-Phosphate/Phosphoenolpyruvate Family Amino Acid Catabolic Process (GO:1902222)","3/5",0.0016292104629993,0.0217436934869521,0,0,25.2312834224599,161.976254881347,"GSTZ1;QDPR;TAT","BP","Down",0.6,0.0217436934869521,3
"Glyoxylate Metabolic Process (GO:0046487)","3/5",0.0016292104629993,0.0217436934869521,0,0,25.2312834224599,161.976254881347,"GRHPR;AGXT2;HOGA1","BP","Down",0.6,0.0217436934869521,3
"Heterocycle Catabolic Process (GO:0046700)","3/5",0.0016292104629993,0.0217436934869521,0,0,25.2312834224599,161.976254881347,"CYP2A6;GOT2;HOGA1","BP","Down",0.6,0.0217436934869521,3
"Inflammatory Response To Wounding (GO:0090594)","3/5",0.0016292104629993,0.0217436934869521,0,0,25.2312834224599,161.976254881347,"IL6;HMOX1;TLR3","BP","Down",0.6,0.0217436934869521,3
"Negative Regulation Of Insulin-Like Growth Factor Receptor Signaling Pathway (GO:0043569)","3/5",0.0016292104629993,0.0217436934869521,0,0,25.2312834224599,161.976254881347,"CILP;BMP5;NKX3-1","BP","Down",0.6,0.0217436934869521,3
"Pteridine-Containing Compound Metabolic Process (GO:0042558)","3/5",0.0016292104629993,0.0217436934869521,0,0,25.2312834224599,161.976254881347,"QDPR;GCH1;FTCD","BP","Down",0.6,0.0217436934869521,3
"Regulation Of cGMP-mediated Signaling (GO:0010752)","3/5",0.0016292104629993,0.0217436934869521,0,0,25.2312834224599,161.976254881347,"PDE11A;PDE2A;THBS1","BP","Down",0.6,0.0217436934869521,3
"Dicarboxylic Acid Metabolic Process (GO:0043648)","9/50",0.00169552015085001,0.0225419728867799,0,0,3.70456333595594,23.6342461470636,"GOT1;TAT;HAAO;SHMT1;MTHFD2L;GOT2;OGDHL;PCK1;ASS1","BP","Down",0.18,0.0225419728867799,9
"Very Long-Chain Fatty Acid Metabolic Process (GO:0000038)","7/32",0.00170280683224148,0.0225524416331219,0,0,4.72093023255814,30.0981835876105,"ACOX2;ACSL1;CYP4F2;ACOT2;ACAA1;SLC27A2;SLC27A5","BP","Down",0.21875,0.0225524416331219,7
"ERK1 And ERK2 Cascade (GO:0070371)","6/24",0.00175199872022554,0.0227694215699724,0,0,5.61721775394698,35.6524699449827,"DUSP5;MAP2K1;MYC;IGF1;DUSP6;ZFP36L1","BP","Down",0.25,0.0227694215699724,6
"Acylglycerol Catabolic Process (GO:0046464)","6/24",0.00175199872022554,0.0227694215699724,0,0,5.61721775394698,35.6524699449827,"LIPC;CPS1;APOC3;ABHD6;PNPLA5;APOA5","BP","Down",0.25,0.0227694215699724,6
"Iron Ion Transport (GO:0006826)","6/24",0.00175199872022554,0.0227694215699724,0,0,5.61721775394698,35.6524699449827,"STEAP3;SCARA5;TFR2;SLC41A2;CP;SLC39A14","BP","Down",0.25,0.0227694215699724,6
"Negative Regulation Of Ossification (GO:0030279)","6/24",0.00175199872022554,0.0227694215699724,0,0,5.61721775394698,35.6524699449827,"CCR1;SRGN;ECM1;SFRP1;CCL3;FGF23","BP","Down",0.25,0.0227694215699724,6
"Positive Regulation Of p38MAPK Cascade (GO:1900745)","6/24",0.00175199872022554,0.0227694215699724,0,0,5.61721775394698,35.6524699449827,"GADD45B;HAND2;IL1B;SORD;GDF6;GADD45G","BP","Down",0.25,0.0227694215699724,6
"Regulation Of Chemokine Production (GO:0032642)","8/41",0.00177392773715527,0.0229683927161521,0,0,4.08930848322075,25.9039663891432,"CSF1R;EGR1;IL33;IL6;TSLP;HMOX1;TLR4;TLR3","BP","Down",0.195121951219512,0.0229683927161521,8
"Positive Regulation Of Gene Expression (GO:0010628)","43/480",0.0017951006974984,0.02315613167405,0,0,1.67677028301687,10.6017056756404,"CRP;CITED2;CLEC9A;THBS1;LARP1B;EPB41L4B;C1QTNF1;HMGN5;MYC;CCL3;PPARGC1A;SLC38A2;FGF23;NKX3-1;IL10;EGR1;IL33;MAP2K1;NFAM1;GCGR;EPHX2;PDE2A;LILRB1;ANK3;IGF1;INHBA;KLF4;NR0B2;IL6;TFR2;HAND2;ID2;IL1B;SAA1;SPRY2;CPEB3;PLA2R1;BMPR1B;TLR4;MYD88;TLR3;PF4;RBMS3","BP","Down",0.0895833333333333,0.02315613167405,43
"Carboxylic Acid Biosynthetic Process (GO:0046394)","5/17",0.00195590617452366,0.0247951881743228,0,0,7.01748511904762,43.7673647041875,"CYP2C9;CYP2C8;CYP4A11;CYP4A22;RGN","BP","Down",0.294117647058824,0.0247951881743228,5
"Cellular Response To Glucocorticoid Stimulus (GO:0071385)","5/17",0.00195590617452366,0.0247951881743228,0,0,7.01748511904762,43.7673647041875,"ZFP36;KLF9;PCK1;ZFP36L1;PCK2","BP","Down",0.294117647058824,0.0247951881743228,5
"Positive Regulation Of Cardiac Muscle Hypertrophy (GO:0010613)","5/17",0.00195590617452366,0.0247951881743228,0,0,7.01748511904762,43.7673647041875,"BMP10;NR4A3;HAND2;IGF1;IL6ST","BP","Down",0.294117647058824,0.0247951881743228,5
"Triglyceride Biosynthetic Process (GO:0019432)","5/17",0.00195590617452366,0.0247951881743228,0,0,7.01748511904762,43.7673647041875,"MOGAT2;GPAT3;PCK1;LPIN2;PCK2","BP","Down",0.294117647058824,0.0247951881743228,5
"SMAD Protein Signal Transduction (GO:0060395)","9/51",0.00195789093941338,0.0247951881743228,0,0,3.61616743471582,22.5500130741293,"BMP10;JUN;ATOH8;GDF2;FOS;INHBA;GDF6;INHBC;BMP5","BP","Down",0.176470588235294,0.0247951881743228,9
"BMP Signaling Pathway (GO:0030509)","10/61",0.00199946284837618,0.0252295857595103,0,0,3.31029631583575,20.5730834775028,"TGFBR3;BMP10;AMHR2;HIVEP1;GDF2;SLC39A5;INHBA;GDF6;BMPR1B;INHBC","BP","Down",0.163934426229508,0.0252295857595103,10
"Positive Regulation Of Protein Kinase B Signaling (GO:0051897)","13/93",0.00206969367641945,0.0260211487578822,0,0,2.74657149280576,16.9747859384867,"RET;P2RY12;GATA3;IGF1;THBS1;AXL;FAM110C;CCL3;CASS4;SPRY2;TEK;FERMT2;TSPYL5","BP","Down",0.139784946236559,0.0260211487578822,13
"Cellular Response To Hypoxia (GO:0071456)","11/72",0.00218338041232801,0.0273229148552706,0,0,3.04550136857286,18.6594243345625,"FABP1;PLK3;SFRP1;PTGIS;MYC;HMOX1;NDNF;PTGS2;AQP3;NKX3-1;ZFP36L1","BP","Down",0.152777777777778,0.0273229148552706,11
"Long-Chain Fatty Acid Biosynthetic Process (GO:0042759)","6/25",0.00219685684283012,0.0273229148552706,0,0,5.32129250740793,32.5701821731789,"CYP2C9;CYP2C8;GSTM1;CYP1A2;CYP2E1;CYP3A4","BP","Down",0.24,0.0273229148552706,6
"Negative Regulation Of Lipid Biosynthetic Process (GO:0051055)","6/25",0.00219685684283012,0.0273229148552706,0,0,5.32129250740793,32.5701821731789,"ACADL;ASXL3;ERLIN1;APOC3;SIK1;BMP5","BP","Down",0.24,0.0273229148552706,6
"Negative Regulation Of MAPK Cascade (GO:0043409)","14/105",0.00223830546656355,0.0277389998891983,0,0,2.6011216506266,15.8721384403121,"DUSP5;DUSP2;CD300A;DUSP1;SORL1;FOXO1;DUSP6;RPS6KA6;DUSP10;MYC;IL1B;SPRY2;TLR4;GBP1","BP","Down",0.133333333333333,0.0277389998891983,14
"Icosanoid Metabolic Process (GO:0006690)","9/52",0.00225166665488716,0.0278052786208485,0,0,3.53188297074269,21.530657392137,"CYP2J2;CYP2C9;CYP2C8;PTGIS;HPGD;CYP4F2;CYP4A22;CYP4A11;ABHD6","BP","Down",0.173076923076923,0.0278052786208485,9
"Phosphatidylinositol-Mediated Signaling (GO:0048015)","10/62",0.00226616057812431,0.0278270098647604,0,0,3.2464642980338,19.7698905759304,"PDGFRA;CSF1R;FCGR3A;LTK;CD160;PIK3C2G;GATA3;IGF1;MYO16;ZFP36L1","BP","Down",0.161290322580645,0.0278270098647604,10
"Vascular Transport (GO:0010232)","12/83",0.00226946506966202,0.0278270098647604,0,0,2.85547245738582,17.3847191890132,"SLC7A8;SLCO2B1;SLC1A1;SLC22A1;ABCC9;AVPR1A;SLC5A1;SLC16A2;SLC4A4;SLC38A2;SLC7A2;MFSD2A","BP","Down",0.144578313253012,0.0278270098647604,12
"Aspartate Family Amino Acid Catabolic Process (GO:0009068)","4/11",0.00238861305695943,0.0285809907160318,0,0,9.61794316299223,58.0639306024844,"GOT1;GOT2;MAT1A;ASPA","BP","Down",0.363636363636364,0.0285809907160318,4
"Catecholamine Biosynthetic Process (GO:0042423)","4/11",0.00238861305695943,0.0285809907160318,0,0,9.61794316299223,58.0639306024844,"GCH1;TH;DBH;GATA3","BP","Down",0.363636363636364,0.0285809907160318,4
"Complement Receptor Mediated Signaling Pathway (GO:0002430)","4/11",0.00238861305695943,0.0285809907160318,0,0,9.61794316299223,58.0639306024844,"CR1;C5AR1;FPR1;FPR2","BP","Down",0.363636363636364,0.0285809907160318,4
"Macrophage Chemotaxis (GO:0048246)","4/11",0.00238861305695943,0.0285809907160318,0,0,9.61794316299223,58.0639306024844,"EDNRB;CCL3;SAA1;CCL2","BP","Down",0.363636363636364,0.0285809907160318,4
"Negative Regulation Of Cellular Response To Vascular Endothelial Growth Factor Stimulus (GO:1902548)","4/11",0.00238861305695943,0.0285809907160318,0,0,9.61794316299223,58.0639306024844,"SORD;SPRY2;NRG1;DCN","BP","Down",0.363636363636364,0.0285809907160318,4
"Positive Regulation Of Platelet Aggregation (GO:1901731)","4/11",0.00238861305695943,0.0285809907160318,0,0,9.61794316299223,58.0639306024844,"IL6;MMRN1;GP6;IL6ST","BP","Down",0.363636363636364,0.0285809907160318,4
"Regulation Of Leukocyte Tethering Or Rolling (GO:1903236)","4/11",0.00238861305695943,0.0285809907160318,0,0,9.61794316299223,58.0639306024844,"SELP;CXCL12;CHST4;SELE","BP","Down",0.363636363636364,0.0285809907160318,4
"Intracellular Monoatomic Cation Homeostasis (GO:0030003)","21/190",0.00241229234398719,0.0287651355107751,0,0,2.10544764599949,12.6899073183721,"CCR1;ALAS2;CCL23;SCARA5;GDF2;PTH1R;CP;SLC39A14;SLC8A1;MT2A;CXCL12;TFR2;MYC;TRPV4;RGN;CCL3;ATP13A4;SLC39A5;HMOX1;HAMP;FXN","BP","Down",0.110526315789474,0.0287651355107751,21
"Heart Trabecula Morphogenesis (GO:0061384)","5/18",0.00258394480892634,0.0306016671910389,0,0,6.47733516483517,38.5948003221295,"TGFBR3;BMP10;NRG1;TEK;BMP5","BP","Down",0.277777777777778,0.0306016671910389,5
"Regulation Of Epidermal Cell Differentiation (GO:0045604)","5/18",0.00258394480892634,0.0306016671910389,0,0,6.47733516483517,38.5948003221295,"ERRFI1;ZFP36;MAFF;AQP3;ZFP36L1","BP","Down",0.277777777777778,0.0306016671910389,5
"Positive Regulation Of Cell Differentiation (GO:0045597)","28/283",0.00271825960625596,0.0320155003730386,0,0,1.86376391942374,11.0106763702552,"TNXB;TACSTD2;ASCL1;ZFP36L1;RANBP3L;ZFP36;BRINP2;SULT1E1;NOCT;DPF3;SOX6;HGF;IGFBP3;SERPINF2;IGF1;TENT5A;GDF6;ADRA2B;SFRP1;IL6;LRG1;ID2;IL1B;AGTR1;IL6ST;BMPR1B;FERMT2;PF4","BP","Down",0.0989399293286219,0.0320155003730386,28
"Response To Glucocorticoid (GO:0051384)","6/26",0.00272177885015746,0.0320155003730386,0,0,5.05495978552279,29.856966420716,"IL10;IL1RN;ZFP36;IL6;GOT1;ZFP36L1","BP","Down",0.230769230769231,0.0320155003730386,6
"Cellular Response To Transforming Growth Factor Beta Stimulus (GO:0071560)","13/96",0.00275678904332503,0.0322879930756275,0,0,2.64687527086764,15.5998587858596,"JUN;HPGD;PDE2A;APOA1;WNT7A;FOS;ZFP36L1;TGFBR3;SFRP1;ID1;SOX6;WNT2;FERMT2","BP","Down",0.135416666666667,0.0322879930756275,13
"Defense Response To Gram-positive Bacterium (GO:0050830)","12/85",0.00278216424484513,0.0322879930756275,0,0,2.77694494701473,16.3410051545354,"CRP;FCN2;IL6;PGLYRP2;GBP7;EHHADH;IL1B;STAB2;ANG;MPEG1;MYD88;MBL2","BP","Down",0.141176470588235,0.0322879930756275,12
"Response To Interleukin-1 (GO:0070555)","12/85",0.00278216424484513,0.0322879930756275,0,0,2.77694494701473,16.3410051545354,"SFRP1;CCL23;PTGIS;IL1B;CCL4;CCL3;CCL2;HAS2;GBP1;SELE;MYD88;NKX3-1","BP","Down",0.141176470588235,0.0322879930756275,12
"Transport Across Blood-Brain Barrier (GO:0150104)","12/85",0.00278216424484513,0.0322879930756275,0,0,2.77694494701473,16.3410051545354,"SLC7A8;SLCO2B1;SLC1A1;SLC22A1;ABCC9;AVPR1A;SLC5A1;SLC16A2;SLC4A4;SLC38A2;SLC7A2;MFSD2A","BP","Down",0.141176470588235,0.0322879930756275,12
"Positive Regulation Of Leukocyte Cell-Cell Adhesion (GO:1903039)","8/44",0.00283485675306538,0.0327898431104562,0,0,3.74793593952054,21.9845072252303,"GNAO1;IL6;NR4A3;CCL2;HAS2;TNFSF11;SIRPB1;SKAP1","BP","Down",0.181818181818182,0.0327898431104562,8
"Negative Regulation Of Cell Cycle G1/S Phase Transition (GO:1902807)","7/35",0.00293689197675912,0.0336337133972084,0,0,4.21444543828265,24.5719170443883,"WEE1;DCUN1D3;FHL1;CCL2;INHBA;KLF4;MYO16","BP","Down",0.2,0.0336337133972084,7
"One-Carbon Compound Transport (GO:0019755)","7/35",0.00293689197675912,0.0336337133972084,0,0,4.21444543828265,24.5719170443883,"CA2;SLC4A10;HBB;SLC4A1;HBA1;SLC4A4;CFTR","BP","Down",0.2,0.0336337133972084,7
"Platelet Aggregation (GO:0070527)","7/35",0.00293689197675912,0.0336337133972084,0,0,4.21444543828265,24.5719170443883,"FGB;P2RY12;FGA;PDGFRA;FGL1;FGG;HBB","BP","Down",0.2,0.0336337133972084,7
"Negative Regulation Of Programmed Cell Death (GO:0043069)","35/381",0.00305488158884711,0.0343927628099176,0,0,1.71956037545739,9.95799897658699,"LTK;CITED2;FHL2;VTCN1;ASCL1;MPO;THBS1;NUGGC;FOXO1;SOCS2;SOCS3;HMGN5;MYC;PIM1;MCL1;IL10;PLK3;EGR3;TSLP;HGF;SERPINB9;IGF1;FABP1;SFRP1;IL6;TCIM;AXL;ALB;CAT;IL2RB;SPRY2;TEK;ATF5;IL6ST;FXN","BP","Down",0.0918635170603675,0.0343927628099176,35
"Negative Regulation Of Angiogenesis (GO:0016525)","12/86",0.00307167325761484,0.0343927628099176,0,0,2.73927296568806,15.8481536755303,"CD160;APOH;SERPINE1;STAB1;GDF2;SPRY2;NRG1;TEK;KLF4;THBS1;DCN;PF4","BP","Down",0.13953488372093,0.0343927628099176,12
"Citrulline Metabolic Process (GO:0000052)","3/6",0.00312210959225477,0.0343927628099176,0,0,16.8199643493761,97.0385180018314,"CPS1;ASS1;OTC","BP","Down",0.5,0.0343927628099176,3
"Copper Ion Import (GO:0015677)","3/6",0.00312210959225477,0.0343927628099176,0,0,16.8199643493761,97.0385180018314,"STEAP3;STEAP4;SLC31A1","BP","Down",0.5,0.0343927628099176,3
"Heart Trabecula Formation (GO:0060347)","3/6",0.00312210959225477,0.0343927628099176,0,0,16.8199643493761,97.0385180018314,"TGFBR3;BMP10;TEK","BP","Down",0.5,0.0343927628099176,3
"Leucine Metabolic Process (GO:0006551)","3/6",0.00312210959225477,0.0343927628099176,0,0,16.8199643493761,97.0385180018314,"HMGCL;IVD;HMGCLL1","BP","Down",0.5,0.0343927628099176,3
"Locomotor Rhythm (GO:0045475)","3/6",0.00312210959225477,0.0343927628099176,0,0,16.8199643493761,97.0385180018314,"EGR1;NCOR1;ID2","BP","Down",0.5,0.0343927628099176,3
"Negative Regulation Of Plasminogen Activation (GO:0010757)","3/6",0.00312210959225477,0.0343927628099176,0,0,16.8199643493761,97.0385180018314,"SERPINE1;SERPINF2;THBS1","BP","Down",0.5,0.0343927628099176,3
"Norepinephrine Biosynthetic Process (GO:0042421)","3/6",0.00312210959225477,0.0343927628099176,0,0,16.8199643493761,97.0385180018314,"TH;HAND2;GATA3","BP","Down",0.5,0.0343927628099176,3
"Positive Regulation Of Leukocyte Tethering Or Rolling (GO:1903238)","3/6",0.00312210959225477,0.0343927628099176,0,0,16.8199643493761,97.0385180018314,"SELP;CHST4;SELE","BP","Down",0.5,0.0343927628099176,3
"Regulation Of Cardiac Muscle Hypertrophy In Response To Stress (GO:1903242)","3/6",0.00312210959225477,0.0343927628099176,0,0,16.8199643493761,97.0385180018314,"BMP10;MLIP;FOXO1","BP","Down",0.5,0.0343927628099176,3
"Regulation Of Systemic Arterial Blood Pressure By Renin-Angiotensin (GO:0003081)","3/6",0.00312210959225477,0.0343927628099176,0,0,16.8199643493761,97.0385180018314,"ENPEP;SERPINF2;AGTR1","BP","Down",0.5,0.0343927628099176,3
"Regulation Of Extrinsic Apoptotic Signaling Pathway In Absence Of Ligand (GO:2001239)","6/27",0.00333527345204771,0.0365131784318733,0,0,4.81399208476956,27.4551625864928,"RET;EYA2;IL1B;INHBA;MCL1;PF4","BP","Down",0.222222222222222,0.0365131784318733,6
"Multicellular Organismal-Level Water Homeostasis (GO:0050891)","5/19",0.0033461644787711,0.0365131784318733,0,0,6.01434948979592,34.2814343630823,"CYP4F2;TRPV4;CYP4A11;AQP3;CFTR","BP","Down",0.263157894736842,0.0365131784318733,5
"Regulation Of Smooth Muscle Cell Migration (GO:0014910)","5/19",0.0033461644787711,0.0365131784318733,0,0,6.01434948979592,34.2814343630823,"IGFBP3;SERPINE1;IGF1;TRIB1;SORL1","BP","Down",0.263157894736842,0.0365131784318733,5
"Regulation Of Type II Interferon Production (GO:0032649)","12/87",0.00338508981080107,0.0365626696910887,0,0,2.7026055705301,15.3734335324835,"CD274;CR1;IL1B;CD226;LILRB1;PDCD1LG2;CD14;INHBA;TLR4;TLR3;CD244;IL18R1","BP","Down",0.137931034482759,0.0365626696910887,12
"Low-Density Lipoprotein Particle Remodeling (GO:0034374)","4/12",0.00342445753590888,0.0365626696910887,0,0,8.41525423728813,47.7718179496931,"CETP;LIPC;AGTR1;MPO","BP","Down",0.333333333333333,0.0365626696910887,4
"Macrophage Migration (GO:1905517)","4/12",0.00342445753590888,0.0365626696910887,0,0,8.41525423728813,47.7718179496931,"EDNRB;CCL3;SAA1;CCL2","BP","Down",0.333333333333333,0.0365626696910887,4
"Negative Regulation Of Complement Activation (GO:0045916)","4/12",0.00342445753590888,0.0365626696910887,0,0,8.41525423728813,47.7718179496931,"CR1;SERPING1;SVEP1;VSIG4","BP","Down",0.333333333333333,0.0365626696910887,4
"Phospholipid Homeostasis (GO:0055091)","4/12",0.00342445753590888,0.0365626696910887,0,0,8.41525423728813,47.7718179496931,"CETP;LIPG;ANGPTL3;APOA1","BP","Down",0.333333333333333,0.0365626696910887,4
"Synaptic Membrane Adhesion (GO:0099560)","4/12",0.00342445753590888,0.0365626696910887,0,0,8.41525423728813,47.7718179496931,"PTPRD;SLITRK3;LRRC4;LRRC4C","BP","Down",0.333333333333333,0.0365626696910887,4
"Triglyceride Catabolic Process (GO:0019433)","4/12",0.00342445753590888,0.0365626696910887,0,0,8.41525423728813,47.7718179496931,"LIPC;CPS1;APOC3;PNPLA5","BP","Down",0.333333333333333,0.0365626696910887,4
"Negative Regulation Of Response To External Stimulus (GO:0032102)","17/146",0.00351195770234802,0.0373818810648701,0,0,2.22960568662021,12.6007985786218,"IL10;APCS;PTGIS;SERPINE1;APOA1;FPR2;GATA3;MEFV;LILRA2;KLF4;NLRP12;FNDC4;MMRN1;SAA1;NLRP3;TEK;TRIB1","BP","Down",0.116438356164384,0.0373818810648701,17
"Regulation Of Endothelial Cell Migration (GO:0010594)","12/88",0.00372381613269491,0.0395157247108603,0,0,2.66690310682366,14.9160058629963,"BMP10;BMPER;APOH;ATOH8;GDF2;GATA3;TEK;PLPP3;THBS1;DCN;RHOB;EPHA2","BP","Down",0.136363636363636,0.0395157247108603,12
"Negative Regulation Of Blood Vessel Morphogenesis (GO:2000181)","11/77",0.00374102559109025,0.0395773134179365,0,0,2.81403351286655,15.7259321721201,"CD160;APOH;STAB1;GDF2;SPRY2;NRG1;TEK;KLF4;THBS1;DCN;PF4","BP","Down",0.142857142857143,0.0395773134179365,11
"Regulation Of Interleukin-10 Production (GO:0032653)","8/46",0.00377972279570877,0.0398651614015485,0,0,3.55029920369411,19.8039403426089,"CD274;IL6;TSLP;IRF4;LILRB1;PDCD1LG2;FCGR2B;TLR4","BP","Down",0.173913043478261,0.0398651614015485,8
"Apoptotic Cell Clearance (GO:0043277)","6/28",0.00404601616318669,0.042106379215634,0,0,4.59493053863027,25.318170862348,"FCN1;FCN2;FCN3;MEGF10;TIMD4;THBS1","BP","Down",0.214285714285714,0.042106379215634,6
"Negative Regulation Of Signaling (GO:0023057)","6/28",0.00404601616318669,0.042106379215634,0,0,4.59493053863027,25.318170862348,"NLRP12;HHIP;IGFBP3;IL1B;FGF23;LDLR","BP","Down",0.214285714285714,0.042106379215634,6
"Negative Regulation Of Type II Interferon Production (GO:0032689)","6/28",0.00404601616318669,0.042106379215634,0,0,4.59493053863027,25.318170862348,"CD274;CR1;LILRB1;INHBA;PDCD1LG2;TLR4","BP","Down",0.214285714285714,0.042106379215634,6
"Negative Regulation Of Wound Healing (GO:0061045)","6/28",0.00404601616318669,0.042106379215634,0,0,4.59493053863027,25.318170862348,"APCS;THBD;MMRN1;APOH;SERPINE1;PHLDB2","BP","Down",0.214285714285714,0.042106379215634,6
"Negative Regulation Of Endothelial Cell Proliferation (GO:0001937)","7/37",0.00407775753594389,0.042106379215634,0,0,3.93306499701849,21.6405419475809,"NGFR;APOH;ATOH8;GDF2;SORD;CCL2;THBS1","BP","Down",0.189189189189189,0.042106379215634,7
"Negative Regulation Of Smooth Muscle Cell Proliferation (GO:0048662)","7/37",0.00407775753594389,0.042106379215634,0,0,3.93306499701849,21.6405419475809,"IL10;PTGIR;IGFBP3;HMOX1;ANG;TRIB1;PPARGC1A","BP","Down",0.189189189189189,0.042106379215634,7
"Positive Regulation Of Exocytosis (GO:0045921)","7/37",0.00407775753594389,0.042106379215634,0,0,3.93306499701849,21.6405419475809,"SMPD3;FGB;FGA;SDC4;FGG;CFTR;EXPH5","BP","Down",0.189189189189189,0.042106379215634,7
"Cellular Response To Peptide Hormone Stimulus (GO:0071375)","12/89",0.00408929388924169,0.042106379215634,0,0,2.63212797983687,14.4750797794085,"NR4A2;CRHBP;NR4A1;NR4A3;GOT1;GCGR;PCK1;SLC39A14;LPIN2;FOXO1;ZFP36L1;PCK2","BP","Down",0.134831460674157,0.042106379215634,12
"Regulation Of Protein Kinase B Signaling (GO:0051896)","16/136",0.00410731833552286,0.042166848000782,0,0,2.25488428013225,12.3905551529585,"RET;P2RY12;SORD;GATA3;IGF1;THBS1;AXL;FAM110C;SFRP5;CASS4;CCL3;SPRY2;TEK;FERMT2;EPHA2;TSPYL5","BP","Down",0.117647058823529,0.042166848000782,16
"Negative Regulation Of Macromolecule Metabolic Process (GO:0010605)","20/186",0.00413799453006746,0.0423564631838764,0,0,2.03990623125988,11.1940752438483,"CCR1;CITED2;SORD;IGF1;KLF4;ESR1;NR0B2;SFRP1;EDNRB;CILP;ID2;HAND2;NOCT;HEY2;ATOH8;CCL3;CCDC3;LDLR;NKX3-1;RBMS3","BP","Down",0.10752688172043,0.0423564631838764,20
"Glutamate Metabolic Process (GO:0006536)","5/20",0.00425752552807215,0.0433243800070685,0,0,5.61309523809524,30.6422638208595,"GLUD1;GOT1;GLS2;TAT;GOT2","BP","Down",0.25,0.0433243800070685,5
"Lipopolysaccharide-Mediated Signaling Pathway (GO:0031663)","5/20",0.00425752552807215,0.0433243800070685,0,0,5.61309523809524,30.6422638208595,"EHHADH;IL1B;CCL3;CCL2;TLR4","BP","Down",0.25,0.0433243800070685,5
"Chemokine-Mediated Signaling Pathway (GO:0070098)","9/57",0.00428535274758342,0.0434800410354224,0,0,3.16313844086022,17.247178125178,"CCR1;CCL23;CXCL12;CCL4;CCL3;CCL2;PPBP;CXCL2;PF4","BP","Down",0.157894736842105,0.0434800410354224,9
"Positive Regulation Of Signal Transduction (GO:0009967)","26/266",0.00443269238641144,0.0448438559208388,0,0,1.83693509250834,9.95388857425696,"TNXB;CITED2;LRRK2;NRXN1;GATA3;TNFSF11;RSPO3;NKX3-1;CCBE1;PTGIS;TSLP;PRKCB;PDE6G;CD180;WNT7A;IGF1;SLC39A14;SCIMP;SORL1;SFRP1;IL6;AXL;IL1B;CD226;TEK;IL6ST","BP","Down",0.0977443609022556,0.0448438559208388,26
"Positive Regulation Of Endocytosis (GO:0045807)","11/79",0.00457029713213981,0.0461015437457126,0,0,2.73097739993664,14.7149897728447,"TFR2;AXL;IL1B;SERPINE1;IL2RB;APOA1;FPR2;FCGR2B;APOA5;SIRPB1;MBL2","BP","Down",0.139240506329114,0.0461015437457126,11
"Regulation Of Cell Migration (GO:0030334)","38/434",0.00469300978710176,0.0464776204958645,0,0,1.63131313131313,8.74658087684531,"RET;CAMK2B;CSF1R;BMP10;TNXB;CITED2;SERPINE1;THBS1;DACH1;DUSP10;WNT11;FAM110C;NTF3;CCL3;HAS2;TNR;FGF23;CCR1;NGFR;PDGFRA;SEMA6D;HGF;IGF1;PODN;SORL1;RHOB;TMIGD3;IGSF10;SFRP1;CXCL12;IL1B;ANGPTL3;CASS4;SPRY2;AMOTL2;SGK1;FERMT2;EPHA2","BP","Down",0.0875576036866359,0.0464776204958645,38
"acyl-CoA Biosynthetic Process (GO:0071616)","4/13",0.00472812681125077,0.0464776204958645,0,0,7.47982951729607,40.0486990077917,"GCDH;MLYCD;SLC27A2;ACAT1","BP","Down",0.307692307692308,0.0464776204958645,4
"Glutamine Metabolic Process (GO:0006541)","4/13",0.00472812681125077,0.0464776204958645,0,0,7.47982951729607,40.0486990077917,"GLUD1;GLYATL1;CPS1;GLS2","BP","Down",0.307692307692308,0.0464776204958645,4
"Negative Regulation Of Cell Activation (GO:0050866)","4/13",0.00472812681125077,0.0464776204958645,0,0,7.47982951729607,40.0486990077917,"PDGFRA;THBD;C1QTNF1;LDLR","BP","Down",0.307692307692308,0.0464776204958645,4
"Negative Regulation Of Interleukin-12 Production (GO:0032695)","4/13",0.00472812681125077,0.0464776204958645,0,0,7.47982951729607,40.0486990077917,"IL10;LILRB1;MEFV;THBS1","BP","Down",0.307692307692308,0.0464776204958645,4
"Positive Regulation Of Type 2 Immune Response (GO:0002830)","4/13",0.00472812681125077,0.0464776204958645,0,0,7.47982951729607,40.0486990077917,"IL6;RSAD2;CD81;NLRP3","BP","Down",0.307692307692308,0.0464776204958645,4
"Regulation Of Nitrogen Compound Metabolic Process (GO:0051171)","4/13",0.00472812681125077,0.0464776204958645,0,0,7.47982951729607,40.0486990077917,"ALDH2;LDLR;CNDP1;MFSD2A","BP","Down",0.307692307692308,0.0464776204958645,4
"Regulation Of Response To Stress (GO:0080134)","4/13",0.00472812681125077,0.0464776204958645,0,0,7.47982951729607,40.0486990077917,"IL10;CRHBP;BMP10;SLC38A2","BP","Down",0.307692307692308,0.0464776204958645,4
"Sodium-Independent Organic Anion Transport (GO:0043252)","4/13",0.00472812681125077,0.0464776204958645,0,0,7.47982951729607,40.0486990077917,"SLCO1B1;SLCO2B1;SLCO1B3;SLCO4C1","BP","Down",0.307692307692308,0.0464776204958645,4
"Regulation Of MAP Kinase Activity (GO:0043405)","14/114",0.00478629453180176,0.0469165028964749,0,0,2.36588658865887,12.6385632018716,"CD300A;FLT3;DUSP1;LRRK2;THBS1;SORL1;GHR;IL1B;NTF3;TNFSF11;S100A12;SPRY2;TRIB1;TLR4","BP","Down",0.12280701754386,0.0469165028964749,14
"Regulation Of Bone Mineralization (GO:0030500)","9/58",0.00482501368818585,0.0471628098535349,0,0,3.09842001316656,16.5267917348552,"SRGN;CCR1;ECM1;CCL3;TENT5A;SGMS2;BMPR1B;FGF23;SLC8A1","BP","Down",0.155172413793103,0.0471628098535349,9
"Maintenance Of Blood-Brain Barrier (GO:0035633)","6/29",0.00486279010082536,0.047265774929591,0,0,4.39491782259005,23.4079604051236,"IL6;SLC1A1;DMD;MBL2;MFSD2A;TJP2","BP","Down",0.206896551724138,0.047265774929591,6
"Positive Regulation Of Calcium Ion Transport (GO:0051928)","6/29",0.00486279010082536,0.047265774929591,0,0,4.39491782259005,23.4079604051236,"CCR1;CXCL12;CCL4;CCL3;CCL2;LILRA2","BP","Down",0.206896551724138,0.047265774929591,6
"T-helper 17 Cell Lineage Commitment (GO:0072540)","3/7",0.0052357982588775,0.0491032971846079,0,0,12.6143048128342,66.2533053648043,"SOCS3;IL6;IRF4","BP","Down",0.428571428571429,0.0491032971846079,3
"Aromatic Compound Catabolic Process (GO:0019439)","3/7",0.0052357982588775,0.0491032971846079,0,0,12.6143048128342,66.2533053648043,"PON3;EPHX2;PON1","BP","Down",0.428571428571429,0.0491032971846079,3
"Benzene-Containing Compound Metabolic Process (GO:0042537)","3/7",0.0052357982588775,0.0491032971846079,0,0,12.6143048128342,66.2533053648043,"CYP2E1;ACAA1;KMO","BP","Down",0.428571428571429,0.0491032971846079,3
"Fatty Acid Alpha-Oxidation (GO:0001561)","3/7",0.0052357982588775,0.0491032971846079,0,0,12.6143048128342,66.2533053648043,"HAO1;HAO2;SLC27A2","BP","Down",0.428571428571429,0.0491032971846079,3
"Fructose Metabolic Process (GO:0006000)","3/7",0.0052357982588775,0.0491032971846079,0,0,12.6143048128342,66.2533053648043,"SORD;ALDOB;FBP1","BP","Down",0.428571428571429,0.0491032971846079,3
"Glycine Metabolic Process (GO:0006544)","3/7",0.0052357982588775,0.0491032971846079,0,0,12.6143048128342,66.2533053648043,"RIDA;SHMT1;GLYAT","BP","Down",0.428571428571429,0.0491032971846079,3
"Methionine Metabolic Process (GO:0006555)","3/7",0.0052357982588775,0.0491032971846079,0,0,12.6143048128342,66.2533053648043,"MSRA;MTHFD1;MAT1A","BP","Down",0.428571428571429,0.0491032971846079,3
"Negative Regulation Of T Cell Mediated Cytotoxicity (GO:0001915)","3/7",0.0052357982588775,0.0491032971846079,0,0,12.6143048128342,66.2533053648043,"KLRD1;LILRB1;FCGR2B","BP","Down",0.428571428571429,0.0491032971846079,3
"Negative Regulation Of Phospholipase Activity (GO:0010519)","3/7",0.0052357982588775,0.0491032971846079,0,0,12.6143048128342,66.2533053648043,"ANGPTL3;ANXA8;PLA2R1","BP","Down",0.428571428571429,0.0491032971846079,3
"Positive Regulation Of T-helper 2 Cell Cytokine Production (GO:2000553)","3/7",0.0052357982588775,0.0491032971846079,0,0,12.6143048128342,66.2533053648043,"IL6;RSAD2;NLRP3","BP","Down",0.428571428571429,0.0491032971846079,3
"Positive Regulation Of Gluconeogenesis (GO:0045722)","3/7",0.0052357982588775,0.0491032971846079,0,0,12.6143048128342,66.2533053648043,"NNMT;PPARGC1A;FOXO1","BP","Down",0.428571428571429,0.0491032971846079,3
"Tryptophan Catabolic Process (GO:0006569)","3/7",0.0052357982588775,0.0491032971846079,0,0,12.6143048128342,66.2533053648043,"TDO2;IDO2;KMO","BP","Down",0.428571428571429,0.0491032971846079,3
"Tryptophan Metabolic Process (GO:0006568)","3/7",0.0052357982588775,0.0491032971846079,0,0,12.6143048128342,66.2533053648043,"HAAO;IDO2;KMO","BP","Down",0.428571428571429,0.0491032971846079,3
"Cellular Response To Organic Cyclic Compound (GO:0071407)","17/152",0.00529593074524758,0.0495333684259005,0,0,2.12983019120203,11.1620492875575,"P2RY12;EGR1;KCNE1;AOC1;SLC1A1;PDE2A;ESR1;ZFP36L1;CRHBP;SFRP1;NR4A3;P2RX3;IL1B;CCL3;CCL2;CFTR;NKX3-1","BP","Down",0.111842105263158,0.0495333684259005,17
"Lipid Catabolic Process (GO:0016042)","5/21",0.00533286875069334,0.0496114063402303,0,0,5.26199776785714,27.5405909906258,"LIPC;CYP1A2;LIPG;PLAAT3;CYP3A4","BP","Down",0.238095238095238,0.0496114063402303,5
"Macrophage Differentiation (GO:0030225)","5/21",0.00533286875069334,0.0496114063402303,0,0,5.26199776785714,27.5405909906258,"CSF1R;IL33;IL1RL1;CD4;GATA3","BP","Down",0.238095238095238,0.0496114063402303,5
"Collagen-Containing Extracellular Matrix (GO:0062023)","70/373",2.82789194523438e-19,6.61726715184846e-17,0,0,4.06688251763565,173.69486550118,"FCN1;SRPX;FCN2;ECM1;ORM1;FCN3;SERPINA1;SERPINE1;PZP;ORM2;ADAMTS1;TNR;ANXA8;FGB;FGA;COL25A1;SERPINF2;FGG;P3H2;BGN;APOA1;SERPINB9;NRG1;SERPINB8;DCN;AZGP1;SFRP1;F9;MMRN1;ANGPTL6;ANGPTL3;SERPING1;VWA2;ANG;COL6A6;ZG16;FREM1;MXRA5;FREM2;ANGPTL1;S100A8;C1QB;APCS;TNXB;FGL1;FGL2;DPT;PLG;PRELP;CFP;ITIH1;THBS1;HPX;APOH;SPP2;NCAM1;A2M;WNT2;AMBP;APOC3;PRG4;SSC5D;L1CAM;PODN;USH2A;MFAP4;CXCL12;CILP;C1QC;PF4","CC","Down",0.187667560321716,6.61726715184846e-17,70
"Intracellular Organelle Lumen (GO:0070013)","109/856",5.78448580974595e-16,6.76784839740276e-14,0,0,2.60352696876746,91.3478211060227,"DMGDH;FCN1;CDA;ACAA2;ACSM3;PROS1;HP;OGDHL;ABAT;ACSM5;LIPC;EVA1A;PDK4;MLYCD;MMUT;IGFBP1;MLIP;IGFBP4;IGFBP3;P3H2;HOGA1;CRISPLD2;MTHFD2L;ACOT2;SERPING1;SUCLG2;ZG16;SLC27A2;GCDH;SDC4;MTTP;PROZ;GLYAT;CFP;ACAT1;HPX;ADAMTS13;FGF23;PCK2;AGXT2;GOT2;PDE2A;PPBP;CP;ACADSB;GLUD1;RCAN1;ALDH6A1;IL6;CPS1;ALB;ALAS2;ORM1;ALAS1;SERPINA1;LRRK2;SERPINA10;ACSM2A;HBB;DHTKD1;NADK2;HK3;ACADL;ALDH2;DBT;ACADM;HMGCS2;ACADS;PGM1;FGA;COL25A1;BCKDHB;FGG;BGN;APOA1;HBA1;APOA5;DCN;F8;F9;IVD;CAT;RDH5;FXN;ECHS1;GLS2;FGL2;ETFDH;PRELP;PPM1K;PTGS2;THBS1;HMGCL;RIDA;ALDH1B1;SPP2;BCO2;APOL1;CBR4;MMAA;AADAT;AGL;WNT7A;GSTZ1;ALDH4A1;LRG1;SARDH;SAA1;OTC","CC","Down",0.127336448598131,6.76784839740276e-14,109
"Platelet Alpha Granule Lumen (GO:0031093)","22/66",4.39580954645828e-12,3.42873144623746e-10,0,0,8.5362647325476,223.226476091641,"FGB;SRGN;FGA;ORM1;SERPINA1;PROS1;HGF;SERPINE1;FGG;SERPINF2;NRG1;PLG;IGF1;PPBP;ORM2;THBS1;F8;MMRN1;ALB;SERPING1;A2M;PF4","CC","Down",0.333333333333333,3.42873144623746e-10,22
"Mitochondrial Matrix (GO:0005759)","53/355",7.35554110607519e-11,4.30299154705399e-09,0,0,3.04057835820896,70.94576041109,"DMGDH;ALAS2;ACAA2;ALAS1;ACSM3;LRRK2;ACSM2A;ABAT;ACSM5;OGDHL;DHTKD1;NADK2;ACADL;ALDH2;DBT;PDK4;MLYCD;MMUT;ACADM;HMGCS2;ACADS;BCKDHB;HOGA1;IVD;MTHFD2L;ACOT2;SUCLG2;FXN;GCDH;ECHS1;GLS2;ETFDH;GLYAT;PPM1K;ACAT1;HMGCL;RIDA;ALDH1B1;BCO2;CBR4;PCK2;MMAA;AGXT2;PDE2A;GOT2;ACADSB;ALDH4A1;GSTZ1;GLUD1;ALDH6A1;CPS1;SARDH;OTC","CC","Down",0.149295774647887,4.30299154705399e-09,53
"Platelet Alpha Granule (GO:0031091)","23/89",4.73659648643623e-10,2.21672715565215e-08,0,0,5.94795963262388,127.705858180027,"FGB;SRGN;FGA;ORM1;SERPINA1;PROS1;HGF;SERPINE1;FGG;SERPINF2;NRG1;PLG;IGF1;PPBP;ORM2;THBS1;SELP;F8;MMRN1;ALB;SERPING1;A2M;PF4","CC","Down",0.258426966292135,2.21672715565215e-08,23
"Secretory Granule Lumen (GO:0034774)","45/316",8.96633251549605e-09,3.49686968104346e-07,0,0,2.86039360393604,53.0024902400304,"FCN1;CDA;ECM1;ORM1;SERPINA1;PROS1;SERPINE1;HP;PLG;DBH;CFP;ORM2;MPO;THBS1;SERPINA4;HK3;TTR;APOH;CDC37L1;S100A12;SPP2;A2M;ACAA1;FGB;SRGN;FGA;AOC1;ARG1;AGL;HGF;SERPINF2;FGG;APOA1;NRG1;IGF1;PPBP;F8;LRG1;MMRN1;CRISPLD2;ALB;CAT;SERPING1;S100A8;PF4","CC","Down",0.142405063291139,3.49686968104346e-07,45
"Microbody Lumen (GO:0031907)","15/49",4.20361983680304e-08,1.22955880226489e-06,0,0,7.48847376788553,127.189740434799,"AOC1;EPHX2;FABP1;HMGCL;GRHPR;SCP2;ACOX2;EHHADH;CAT;ACOT2;HAO1;MLYCD;ACAA1;AGXT;HAO2","CC","Down",0.306122448979592,1.22955880226489e-06,15
"Peroxisomal Matrix (GO:0005782)","15/49",4.20361983680304e-08,1.22955880226489e-06,0,0,7.48847376788553,127.189740434799,"AOC1;EPHX2;FABP1;HMGCL;GRHPR;SCP2;ACOX2;EHHADH;CAT;ACOT2;HAO1;MLYCD;ACAA1;AGXT;HAO2","CC","Down",0.306122448979592,1.22955880226489e-06,15
"Serine-Type Endopeptidase Complex (GO:1905370)","7/10",1.80722291404134e-07,4.69877957650749e-06,0,0,39.3870005963029,611.534556153783,"FCN1;COLEC11;FCN2;THBD;COLEC10;FCN3;MBL2","CC","Down",0.7,4.69877957650749e-06,7
"Serine-Type Peptidase Complex (GO:1905286)","7/12",1.07922957244573e-06,2.525397199523e-05,0,0,23.6296958855098,324.654609458479,"FCN1;COLEC11;FCN2;THBD;COLEC10;FCN3;MBL2","CC","Down",0.583333333333333,2.525397199523e-05,7
"Membrane Attack Complex (GO:0005579)","5/6",3.19390110386657e-06,6.79429871186162e-05,0,0,84.2589285714286,1066.23501902579,"C6;C7;C9;C8B;C8A","CC","Down",0.833333333333333,6.79429871186162e-05,5
"Endopeptidase Complex (GO:1905369)","7/14",4.23216341751437e-06,8.25271866415302e-05,0,0,16.8765652951699,208.810320663892,"FCN1;COLEC11;FCN2;THBD;COLEC10;FCN3;MBL2","CC","Down",0.5,8.25271866415302e-05,7
"Peroxisome (GO:0005777)","21/129",1.02990019570098e-05,0.000185382035226177,0,0,3.30537942834138,37.9572042332018,"AOC1;EPHX2;PLAAT3;PTGR3;FABP1;GRHPR;HMGCL;RIDA;SCP2;ACOX2;EHHADH;CAT;ACOT2;HAO1;MLYCD;ACAA1;ACAD11;PEX11G;AGXT;SLC27A2;HAO2","CC","Down",0.162790697674419,0.000185382035226177,21
"High-Density Lipoprotein Particle (GO:0034364)","7/18",3.21542442854449e-05,0.000537435225913864,0,0,10.7373556675882,111.077580394448,"CETP;APOH;PON1;APOC3;LCAT;APOL1;APOA5","CC","Down",0.388888888888889,0.000537435225913864,7
"Endoplasmic Reticulum Lumen (GO:0005788)","32/284",0.000147177053831391,0.00229596203976971,0,0,2.1636096951742,19.0914198722267,"SERPINA1;MTTP;SERPINA10;PROZ;CFP;PTGS2;THBS1;LIPC;ADAMTS13;EVA1A;SPP2;APOL1;FGF23;IGFBP1;FGA;IGFBP4;COL25A1;IGFBP3;FGG;P3H2;WNT7A;APOA1;CP;APOA5;RCAN1;F8;IL6;F9;ALB;SERPING1;RDH5;SLC27A2","CC","Down",0.112676056338028,0.00229596203976971,32
"Platelet Dense Granule (GO:0042827)","6/20",0.000612090515517879,0.00895182378944897,0,0,7.2236690923018,53.4452576390443,"SELP;ECM1;APOH;CDC37L1;SPP2;SERPINA4","CC","Down",0.3,0.00895182378944897,6
"Endocytic Vesicle Lumen (GO:0071682)","6/21",0.000816437896031025,0.0112380275100741,0,0,6.74173369079535,47.9374999549294,"HPX;HP;SAA1;HBB;HBA1;MPO","CC","Down",0.285714285714286,0.0112380275100741,6
"Basolateral Plasma Membrane (GO:0016323)","20/171",0.00154324871159632,0.0200622332507521,0,0,2.24434389140271,14.5295805595069,"CD81;SLC10A1;SLC31A1;LRRK2;C5AR1;MTTP;SLC22A1;SLC4A10;AQP7;SLC4A1;ANK3;PTH1R;AQP3;SLC4A4;SLC39A14;SLC7A8;SLC39A5;TEK;PLPP3;LDLR","CC","Down",0.116959064327485,0.0200622332507521,20
"Arachidonic Acid Monooxygenase Activity (GO:0008391)","11/16",5.7229664926851e-11,3.94312391346003e-08,0,0,37.2657091561939,878.872574289848,"CYP2J2;CYP2C9;CYP2A6;CYP2C8;CYP2B6;CYP4F2;CYP4A11;CYP4A22;CYP2E1;CYP2C19;CYP2C18","MF","Down",0.6875,3.94312391346003e-08,11
"Oxidoreductase Activity, Acting On Paired Donors, With Incorporation Or Reduction Of Molecular Oxygen, Reduced Flavin Or Flavoprotein As One Donor, And Incorporation Of One Atom Of Oxygen (GO:0016712)","13/25",1.45517106023622e-10,5.01306430251376e-08,0,0,18.3767236211031,416.246158515749,"CYP2J2;CYP4F2;CYP4A11;CYP2C19;CYP2C18;CYP8B1;CYP2C9;CYP2A6;CYP2C8;CYP2B6;CYP1A2;HMOX1;CYP2E1","MF","Down",0.52,5.01306430251376e-08,13
"Arachidonic Acid Epoxygenase Activity (GO:0008392)","10/15",7.0686810794612e-10,1.62344042124959e-07,0,0,33.847533632287,713.173525293504,"CYP2J2;CYP2C9;CYP2A6;CYP2C8;CYP2B6;CYP4F2;CYP4A11;CYP2E1;CYP2C19;CYP2C18","MF","Down",0.666666666666667,1.62344042124959e-07,10
"Oxidoreductase Activity, Acting On The CH-OH Group Of Donors, NAD Or NADP As Acceptor (GO:0016616)","23/95",1.90496004385782e-09,3.2812936755451e-07,0,0,5.45055706795725,109.440671434802,"ADH1C;HPGD;ADH1B;DCXR;ADH1A;CYP4A22;AKR1D1;SORD;PTGR3;HSD17B13;HSD17B6;DHRS1;ADH6;ADH4;GRHPR;AKR7A3;BDH2;EHHADH;LDHD;RDH16;RDH5;PHGDH;CBR4","MF","Down",0.242105263157895,3.2812936755451e-07,23
"Heme Binding (GO:0020037)","20/87",5.48287673781131e-08,7.55540414470399e-06,0,0,5.08084014317553,84.9468246056223,"CYP2J2;STEAP4;PTGIS;AMBP;HBB;NRG1;HBA1;CYP2C19;PTGS2;CYP2C18;CYP26A1;CYP2C9;CYP2A6;CYP2C8;CYP2B6;TDO2;CAT;CYP1A2;HMOX1;CYP2E1","MF","Down",0.229885057471264,7.55540414470399e-06,20
"acyl-CoA Dehydrogenase Activity (GO:0003995)","7/10",1.80722291404134e-07,2.07529431295747e-05,0,0,39.3870005963029,611.534556153783,"GCDH;ACADL;IVD;ACADM;ACAD11;ACADS;ACADSB","MF","Down",0.7,2.07529431295747e-05,7
"Steroid Hydroxylase Activity (GO:0008395)","9/23",2.1770827255457e-06,0.000214287142557284,0,0,10.8646313364055,141.647900237474,"CYP39A1;CYP2C9;CYP2C8;CYP2B6;CYP3A43;CYP1A2;CYP2C19;CYP3A4;CYP8B1","MF","Down",0.391304347826087,0.000214287142557284,9
"Transition Metal Ion Binding (GO:0046914)","50/456",5.01320233791426e-06,0.000431762051352865,0,0,2.11582082712796,25.8202833274109,"CDA;DPYS;HHIP;MT1M;MT1X;DBH;MT2A;CA2;PIM1;DPF3;AOX1;ARG1;SORD;NRG1;RNF125;MT1A;RGN;MT1F;MT1G;ANG;MT1H;ZFPM2;S100A8;MT1E;ENPEP;C11ORF54;ADH1C;ADH1B;SHMT1;ADH1A;MEFV;CYP3A4;ADH6;ADH4;HMGCL;ADAMTS13;S100A12;PCK1;PCK2;EGR1;AOC1;SEC24B;GCH1;SLC31A1;PDE2A;BBOX1;KLF4;BHMT;CD4;ALB","MF","Down",0.109649122807018,0.000431762051352865,50
"Cytokine Activity (GO:0005125)","26/178",7.49687578023689e-06,0.000573927490287024,0,0,2.91412049231359,34.3896064131687,"BMP10;CXCL2;WNT11;CCL4;CCL3;TNFSF11;CCL2;ALKAL2;WNT2;IL10;IL33;CCL23;TSLP;GDF2;WNT7A;NRG1;INHBA;PPBP;GDF6;INHBC;BMP5;IL6;CXCL12;IL1B;SCGB3A1;PF4","MF","Down",0.146067415730337,0.000573927490287024,26
"C-acyltransferase Activity (GO:0016408)","6/11",1.13069921114973e-05,0.000779051756482162,0,0,20.2359249329759,230.488991097063,"ACAA2;ACSM3;SCP2;ACSM2A;ACSM5;ACAT1","MF","Down",0.545454545454545,0.000779051756482162,6
"Low-Density Lipoprotein Particle Binding (GO:0030169)","7/16",1.27684675162458e-05,0.000799770374426671,0,0,13.1248260783145,147.897521367486,"CRP;LIPC;STAB1;STAB2;SORL1;THBS1;LDLR","MF","Down",0.4375,0.000799770374426671,7
"Zinc Ion Binding (GO:0008270)","39/341",2.08551720946637e-05,0.00119743446443527,0,0,2.2085635359116,23.8036958796157,"CDA;ENPEP;C11ORF54;ADH1C;ADH1B;HHIP;SHMT1;DPYS;ADH1A;MT1M;MT1X;MEFV;ADH6;ADH4;MT2A;ADAMTS13;CA2;DPF3;S100A12;EGR1;AOC1;SEC24B;GCH1;PDE2A;SORD;BBOX1;NRG1;KLF4;BHMT;CD4;MT1A;RNF125;MT1F;RGN;MT1G;MT1H;ZFPM2;S100A8;MT1E","MF","Down",0.114369501466276,0.00119743446443527,39
"Serine-Type Endopeptidase Inhibitor Activity (GO:0004867)","12/53",2.94990706790029e-05,0.00156345074598715,0,0,4.95273157583328,51.6626948798943,"SERPINA11;SERPINA1;AMBP;SERPINA10;SERPINE1;SERPINF2;TFPI2;SERPING1;NRG1;SERPINB9;SERPINB8;SERPINA4","MF","Down",0.226415094339623,0.00156345074598715,12
"NAD-retinol Dehydrogenase Activity (GO:0004745)","7/19",4.84422236139592e-05,0.00236799172710315,0,0,9.84205426356589,97.7821745541277,"ADH4;ADH1C;ADH1B;RDH16;RDH5;HSD17B6;ADH6","MF","Down",0.368421052631579,0.00236799172710315,7
"Endopeptidase Inhibitor Activity (GO:0004866)","18/112",5.15527952199525e-05,0.00236799172710315,0,0,3.24874589171424,32.0745567170064,"SERPINA11;SERPINA1;AMBP;PROS1;SERPINE1;SERPINF2;TFPI2;PZP;SERPINA10;NRG1;SERPINB9;SERPINB8;THBS1;SERPINA4;FETUB;SERPING1;SPP2;LPA","MF","Down",0.160714285714286,0.00236799172710315,18
"Transaminase Activity (GO:0008483)","6/14",6.34781156928921e-05,0.00273352635702517,0,0,12.6454423592493,122.215865373457,"GOT1;AGXT2;PSAT1;GOT2;ABAT;AGXT","MF","Down",0.428571428571429,0.00273352635702517,6
"Alcohol Dehydrogenase Activity, Zinc-Dependent (GO:0004024)","4/6",0.000136319906572014,0.00521802309045098,0,0,33.671721677074,299.695366886165,"ADH4;ADH1C;ADH1B;ADH6","MF","Down",0.666666666666667,0.00521802309045098,4
"Oxidoreductase Activity, Acting On The CH-CH Group Of Donors, With A Flavin As Acceptor (GO:0052890)","4/6",0.000136319906572014,0.00521802309045098,0,0,33.671721677074,299.695366886165,"ACADM;ACAD11;ACADS;ACADSB","MF","Down",0.666666666666667,0.00521802309045098,4
"Lipoprotein Particle Binding (GO:0071813)","7/23",0.000193279824240594,0.00667812737746866,0,0,7.37997540250447,63.1089117156391,"CRP;LIPC;STAB1;STAB2;SORL1;THBS1;LDLR","MF","Down",0.304347826086957,0.00667812737746866,7
"MHC Class I Receptor Activity (GO:0032393)","5/11",0.000193849851305331,0.00667812737746866,0,0,14.0394345238095,120.015076387407,"KLRF1;LILRB1;LILRA1;LILRA2;LILRA4","MF","Down",0.454545454545455,0.00667812737746866,5
"Carboxylic Ester Hydrolase Activity (GO:0052689)","16/104",0.000223004505899548,0.00731667164594232,0,0,3.08008853184687,25.8983656330857,"PON3;BCHE;PNPLA7;PON1;LCAT;ABHD6;PLAAT3;LIPC;ALDH2;CA2;LIPG;NDST3;ASPG;RGN;PNPLA5;CES3","MF","Down",0.153846153846154,0.00731667164594232,16
"Cytokine Receptor Activity (GO:0004896)","13/76",0.000293984598679063,0.00852139932064092,0,0,3.49086445129611,28.3876509926741,"CCR1;FLT3;LIFR;IL1RAP;GHR;IL1RL1;CD4;CXCR1;IL1RAPL2;IL2RB;IL13RA2;IL6ST;IL18R1","MF","Down",0.171052631578947,0.00852139932064092,13
"Estrogen 16-Alpha-Hydroxylase Activity (GO:0101020)","4/7",0.000303871045422876,0.00852139932064092,0,0,22.4466250371692,181.793131765398,"CYP2C8;CYP1A2;CYP3A43;CYP3A4","MF","Down",0.571428571428571,0.00852139932064092,4
"CoA-ligase Activity (GO:0016405)","5/12",0.000316932858715997,0.00852139932064092,0,0,12.0331632653061,96.9490377835051,"ACSM3;ACSL1;ACSM2A;SLC27A2;SLC27A5","MF","Down",0.416666666666667,0.00852139932064092,5
"Acid-Thiol Ligase Activity (GO:0016878)","5/12",0.000316932858715997,0.00852139932064092,0,0,12.0331632653061,96.9490377835051,"ACSM3;ACSL1;ACSM2A;SLC27A2;SLC27A5","MF","Down",0.416666666666667,0.00852139932064092,5
"Protein Homodimerization Activity (GO:0042803)","59/662",0.000321562238514752,0.00852139932064092,0,0,1.67711785039779,13.4879174999903,"CDA;AMHR2;PANK1;LRRK2;SLC4A1;PTH1R;SYNE1;JCHAIN;GHR;NADK2;AOX1;MMUT;SOX6;PDGFRA;SERPINF2;SORD;APOA1;MTUS2;HOGA1;FOXP2;ANO1;ACOX2;HAND2;DPYD;CAT;TRIM58;RDH5;ANG;MASP1;AGXT;ABCG4;ATF3;CAMK2B;CSF1R;PON3;SHMT1;PON1;ADRB2;THBS1;CLTRN;HMOX1;KCNN2;GBP1;MCL1;AOC1;GSTM1;AMBP;MMAA;GCH1;EPHX2;PDE2A;LILRB1;NR0B2;GSTZ1;GLUD1;GRHPR;CD4;NR4A3;BHLHE40","MF","Down",0.0891238670694864,0.00852139932064092,59
"NAD Binding (GO:0051287)","7/26",0.000447122894187176,0.0114099138553691,0,0,6.21372752094906,47.9244737704856,"QDPR;GLUD1;BDH2;HPGD;ALDH1B1;ALDH2;SORD","MF","Down",0.269230769230769,0.0114099138553691,7
"Metal Ion Binding (GO:0046872)","48/521",0.000549437004565922,0.0133355117384263,0,0,1.73392145200139,13.0158832635032,"RET;CRP;APCS;ZNF330;COLEC11;C1R;LRRK2;NRXN1;PON1;ITLN1;TCHH;MT1X;ITIH1;THBS1;SLC8A1;HMGCL;ADAMTS13;ACVR1C;MAN1C1;S100A12;ANXA8;PCK1;HMGCLL1;PGM1;AOC1;EYA2;IGFBP3;EPHX2;PDE2A;NRG1;ANXA10;SYT9;SELP;RCAN1;ERN2;GJB2;F9;CPS1;PITPNM3;PLSCR4;RGN;ALPL;SIK1;PADI4;MASP1;DNASE1L3;FBP1;S100A8","MF","Down",0.0921305182341651,0.0133355117384263,48
"Oxidoreductase Activity, Acting On Paired Donors, With Incorporation Or Reduction Of Molecular Oxygen, NAD(P)H As One Donor, And Incorporation Of One Atom Of Oxygen (GO:0016709)","7/27",0.000574554736544214,0.0133355117384263,0,0,5.90272808586762,44.0456563567812,"CYP26A1;CYP4F2;AKR1D1;FMO2;FMO3;CYP2E1;KMO","MF","Down",0.259259259259259,0.0133355117384263,7
"Alcohol Dehydrogenase (NAD+) Activity (GO:0004022)","4/8",0.000580646374677486,0.0133355117384263,0,0,16.8340767172168,125.436911264178,"ADH4;ADH1C;ADH1B;ADH6","MF","Down",0.5,0.0133355117384263,4
"Transmembrane Receptor Protein Kinase Activity (GO:0019199)","8/37",0.000874880573089025,0.0189387154692992,0,0,4.65433890037971,32.773169768675,"RET;PDGFRA;LTK;FLT3;AXL;TEK;BMPR1B;EPHA2","MF","Down",0.216216216216216,0.0189387154692992,8
"Flavin Adenine Dinucleotide Binding (GO:0050660)","10/55",0.00087959201018516,0.0189387154692992,0,0,3.75286497259591,26.4053545327182,"GCDH;AOC1;STEAP4;ACOX2;DPYD;LDHD;SORD;ETFDH;AOX1;KMO","MF","Down",0.181818181818182,0.0189387154692992,10
"MAP Kinase Tyrosine Phosphatase Activity (GO:0033550)","4/9",0.000998657191058148,0.0191131890177518,0,0,13.4665477252453,93.0417112913167,"DUSP5;DUSP2;DUSP10;DUSP6","MF","Down",0.444444444444444,0.0191131890177518,4
"MAP Kinase Tyrosine/Serine/Threonine Phosphatase Activity (GO:0017017)","4/9",0.000998657191058148,0.0191131890177518,0,0,13.4665477252453,93.0417112913167,"DUSP5;DUSP2;DUSP10;DUSP6","MF","Down",0.444444444444444,0.0191131890177518,4
"Inhibitory MHC Class I Receptor Activity (GO:0032396)","4/9",0.000998657191058148,0.0191131890177518,0,0,13.4665477252453,93.0417112913167,"LILRB1;LILRA1;LILRA2;LILRA4","MF","Down",0.444444444444444,0.0191131890177518,4
"Protein Tyrosine/Threonine Phosphatase Activity (GO:0008330)","4/9",0.000998657191058148,0.0191131890177518,0,0,13.4665477252453,93.0417112913167,"DUSP5;DUSP2;DUSP10;DUSP6","MF","Down",0.444444444444444,0.0191131890177518,4
"Adenyl Nucleotide Binding (GO:0030554)","7/31",0.00139726852083189,0.0260194056987344,0,0,4.91789654144305,32.3264946136015,"BDH2;HPGD;ALDH1B1;ALDH2;CAT;DPYD;SORD","MF","Down",0.225806451612903,0.0260194056987344,7
"Amyloid-Beta Binding (GO:0001540)","12/79",0.00147392056842271,0.0267245071485065,0,0,3.02659210685119,19.7328641247498,"BCHE;NGFR;MARCO;COL25A1;APOA1;LILRB1;ADRB2;FPR2;FCGR2B;TLR4;LDLR;SORL1","MF","Down",0.151898734177215,0.0267245071485065,12
"Arylesterase Activity (GO:0004064)","3/5",0.0016292104629993,0.0287827181796542,0,0,25.2312834224599,161.976254881347,"PON3;CA2;PON1","MF","Down",0.6,0.0287827181796542,3
"Cholesterol Binding (GO:0015485)","9/50",0.00169552015085001,0.0292053345983915,0,0,3.70456333595594,23.6342461470636,"GRAMD1C;CETP;STARD5;SCP2;CD81;APOF;ERLIN1;APOA1;APOC3","MF","Down",0.18,0.0292053345983915,9
"Carboxylic Acid Binding (GO:0031406)","5/17",0.00195590617452366,0.0328687647377268,0,0,7.01748511904762,43.7673647041875,"MAG;AMBP;AGXT;PCK1;ASS1","MF","Down",0.294117647058824,0.0328687647377268,5
"Complement Receptor Activity (GO:0004875)","4/11",0.00238861305695943,0.0382733580522104,0,0,9.61794316299223,58.0639306024844,"CR1;C5AR1;FPR1;FPR2","MF","Down",0.363636363636364,0.0382733580522104,4
"Monoatomic Cation:Bicarbonate Symporter Activity (GO:0140410)","4/11",0.00238861305695943,0.0382733580522104,0,0,9.61794316299223,58.0639306024844,"SLC4A10;SLC39A5;SLC39A14;SLC4A4","MF","Down",0.363636363636364,0.0382733580522104,4
"Cholesterol Transfer Activity (GO:0120020)","5/18",0.00258394480892634,0.0404622266670511,0,0,6.47733516483517,38.5948003221295,"GRAMD1C;CETP;STARD5;MTTP;APOA1","MF","Down",0.277777777777778,0.0404622266670511,5
"acetyl-CoA C-acyltransferase Activity (GO:0003988)","3/6",0.00312210959225477,0.0467637719361638,0,0,16.8199643493761,97.0385180018314,"ACAA2;SCP2;ACAT1","MF","Down",0.5,0.0467637719361638,3
"fatty-acyl-CoA Synthase Activity (GO:0004321)","3/6",0.00312210959225477,0.0467637719361638,0,0,16.8199643493761,97.0385180018314,"ACSM3;ACSM2A;ACSM5","MF","Down",0.5,0.0467637719361638,3
"Sterol Transfer Activity (GO:0120015)","5/19",0.0033461644787711,0.0490533473590061,0,0,6.01434948979592,34.2814343630823,"GRAMD1C;CETP;STARD5;MTTP;APOA1","MF","Down",0.263157894736842,0.0490533473590061,5
